"コード","銘柄名","市場","現在値","前日比(%)","株価騰落【率】(%)","日中売買代金(千円)","株価移動平均線乖離率(%)","株価移動平均線乖離率(%)","年初来安値からの上昇率(%)","出来高増加率(倍)","過去60日ボラティリティ(%)","ボリンジャーバンド","RSI(%)"
"1301","極洋","東P","4575","-45.0(-0.97%)","-0.97","115,157","-1.44","-2.32","9.84","1.00","14.75","-1.96","43.27"
"1305","ｉＦＴＯＰＩＸ（年１回決算型）","東ETF","4381.0","+22.0(+0.50%)","0.50","493,002","0.78","1.57","19.80","1.54","16.51","1.66","74.58"
"1306","ＮＦ　ＴＯＰＩＸ連動型上場投信","東ETF","433.7","+2.2(+0.51%)","0.51","4,809,304","0.90","1.60","18.05","0.84","17.81","1.65","71.21"
"1308","上場インデックスファンドＴＯＰ","東ETF","4283.0","+18.0(+0.42%)","0.42","264,077","0.85","1.59","19.80","0.71","17.01","1.62","73.59"
"1309","上海株指数・上証５０連動型上場","東ETF","54350.0","+150.0(+0.28%)","0.28","3,316","-0.28","-0.39","8.66","7.62","21.30","-0.29","53.00"
"130A","Ｖｅｒｉｔａｓ　Ｉｎ　Ｓｉｌｉ","東G","432","-6.0(-1.37%)","-1.37","4,352","-0.37","-0.36","10.77","0.71","36.82","-0.27","56.14"
"1311","ＮＦ　ＴＯＰＩＸ　Ｃｏｒｅ３０","東ETF","2173.0","-3.0(-0.14%)","-0.14","12,397","0.75","1.45","21.87","0.51","16.97","1.55","67.17"
"1320","ｉＦ日経２２５（年１回決算型）","東ETF","71310.0","+2,060.0(+2.97%)","2.97","3,046,470","3.40","5.74","35.88","1.64","26.24","3.09","83.79"
"1321","ＮＦ日経２２５連動型上場投信","東ETF","71550.0","+1,930.0(+2.77%)","2.77","25,208,612","3.33","5.76","35.85","1.44","25.57","3.09","85.91"
"1322","中国Ａ株パンダＣＳＩ３００","東ETF","11160.0","+40.0(+0.36%)","0.36","4,938","-0.07","-2.18","6.24","5.48","27.02","-1.13","38.25"
"1325","ＮＦボベスパ連動型上場投信","東ETF","298.0","+7.1(+2.44%)","2.44","4,746","1.92","1.71","18.21","1.61","22.28","1.13","51.52"
"1326","ＳＰＤＲゴールド・シェア","東ETF","60660.0","+600.0(+1.00%)","1.00","257,234","0.19","-3.66","5.00","0.79","21.77","-0.97","42.39"
"1328","ＮＦ金価格連動型上場投資信託","東ETF","15615.0","+130.0(+0.84%)","0.84","178,367","0.12","-2.98","4.87","0.50","22.48","-1.10","44.85"
"1329","ｉＳコア　日経２２５","東ETF","7159.0","+198.0(+2.84%)","2.84","4,033,578","3.37","5.77","36.62","0.27","26.14","3.10","83.92"
"1330","上場インデックスファンド２２５","東ETF","71620.0","+1,880.0(+2.70%)","2.70","2,353,084","3.29","5.69","35.82","0.75","27.27","3.03","83.00"
"1332","ニッスイ","東P","1119.5","+0.5(+0.04%)","0.04","963,413","-1.16","-7.46","1.77","0.37","25.37","-1.51","28.86"
"1333","Ｕｍｉｏｓ","東P","1235.0","-2.5(-0.20%)","-0.20","342,997","-1.76","-3.77","3.87","0.51","16.25","-2.26","35.48"
"133A","グローバルＸ　超短期米国債","東ETF","1067.0","+12.0(+1.14%)","1.14","201,363","0.49","0.61","4.10","1.32","9.36","0.51","75.00"
"1343","ＮＦ東証ＲＥＩＴ連動型投信","東ETF","1845.5","-10.5(-0.57%)","-0.57","2,389,806","-0.84","-2.71","0.11","1.58","10.81","-2.01","17.91"
"1345","上場Ｊリート隔月分配型","東ETF","1726.0","-11.0(-0.63%)","-0.63","46,721","-0.82","-3.03","0.12","0.67","11.17","-1.71","28.40"
"1346","ＭＡＸＩＳ　日経２２５上場投信","東ETF","71540.0","+2,080.0(+2.99%)","2.99","1,169,645","3.33","5.74","36.58","1.03","25.65","3.11","84.20"
"1348","ＭＡＸＩＳ　トピックス上場投信","東ETF","4319.0","+17.0(+0.40%)","0.40","354,148","0.89","1.57","20.91","2.57","16.79","1.68","75.28"
"1349","ＡＢＦ汎アジア債券","東ETF","17400.0","+265.0(+1.55%)","1.55","87","0.42","-0.08","3.88","0.14","11.61","-0.05","61.92"
"1356","ＴＯＰＩＸベア２倍上場投信","東ETF","101.7","-1.1(-1.07%)","-1.07","343,056","-1.70","-3.29","2.21","0.66","36.02","-1.69","28.74"
"1357","ＮＦ日経平均ダブルインバース","東ETF","2489.0","-146.0(-5.54%)","-5.54","29,001,033","-6.70","-11.16","3.84","1.26","52.61","-3.00","15.76"
"1358","上場日経レバレッジ指数","東ETF","143350.0","+7,950.0(+5.87%)","5.87","1,890,474","6.75","11.45","77.19","1.41","52.38","3.07","83.39"
"135A","ＶＲＡＩＮ　Ｓｏｌｕｔｉｏｎ","東G","5250","+210.0(+4.17%)","4.17","382,980","4.75","17.16","145.33","0.84","57.56","2.07","79.20"
"1360","日経平均ベア２倍上場投信","東ETF","60.9","-3.6(-5.58%)","-5.58","7,352,817","-6.82","-11.36","3.75","1.07","52.95","-3.02","15.58"
"1364","ｉシェアーズ　ＪＰＸ日経４００","東ETF","3809.0","+7.0(+0.18%)","0.18","29,554","0.80","1.17","19.33","1.84","16.24","1.14","68.35"
"1365","ｉＦ日経平均レバレッジ","東ETF","4643.0","+242.0(+5.50%)","5.50","1,693,355","6.67","11.55","34.93","1.07","52.19","3.05","84.44"
"1366","ｉＦ日経平均ダブルインバース","東ETF","63.0","-4.0(-5.97%)","-5.97","129,801","-6.80","-10.92","5.00","2.23","51.92","-3.06","18.75"
"1367","ｉＦＴＰＸレバレッジ（２倍）","東ETF","3176.0","+38.0(+1.21%)","1.21","156,581","1.78","2.93","24.65","0.61","36.47","1.42","70.76"
"1368","ｉＦＴＰＸダブルインバース","東ETF","147.0","-3.0(-2.00%)","-2.00","10,474","-2.39","-3.95","2.08","1.59","33.76","-2.03","27.27"
"1369","ＤＩＡＭ　ＥＴＦ　日経２２５","東ETF","69500.0","+2,010.0(+2.98%)","2.98","383,416","3.22","5.66","36.57","0.62","24.68","3.09","85.92"
"1375","ユキグニファクトリー","東P","1159","+0.0(+0.00%)","0.00","22,776","-0.57","-1.10","11.44","0.38","16.74","-1.65","38.55"
"1376","カネコ種苗","東S","1578","+5.0(+0.32%)","0.32","11,259","-0.28","-1.48","15.69","0.73","17.35","-0.81","44.71"
"1377","サカタのタネ","東P","4305","+10.0(+0.23%)","0.23","250,033","-0.58","-1.50","10.81","0.53","16.27","-1.33","49.23"
"1379","ホクト","東P","2051","+5.0(+0.24%)","0.24","72,793","-1.08","-2.69","15.29","0.39","20.37","-1.42","42.68"
"137A","Ｃｏｃｏｌｉｖｅ","東G","692","-14.0(-1.98%)","-1.98","559","-1.51","-1.94","26.05","0.27","34.58","-1.04","34.78"
"1380","秋川牧園","東S","1000","+1.0(+0.10%)","0.10","500","0.10","0.14","1.83","2.50","5.34","1.11","47.06"
"1381","アクシーズ","東S","3525","-35.0(-0.98%)","-0.98","10,546","-0.79","-0.99","5.22","2.31","20.18","-1.00","42.03"
"1382","ホーブ","東S","798","-4.0(-0.50%)","-0.50","2,412","-2.23","-8.42","7.98","0.42","53.31","-2.10","30.97"
"1383","ベルグアース","東S","3040","-5.0(-0.16%)","-0.16","4,275","-0.07","0.95","8.46","3.50","6.99","1.19","72.18"
"1384","ホクリヨウ","東S","2117","-28.0(-1.31%)","-1.31","26,183","-0.74","-2.82","8.45","1.97","18.59","-1.94","31.25"
"138A","光フードサービス","東G","3140","-10.0(-0.32%)","-0.32","314","-0.35","0.82","16.30","0.05","18.40","0.81","53.66"
"1397","ＳＭＤＡＭ日経２２５","東ETF","69950.0","+1,830.0(+2.69%)","2.69","27,082","3.28","5.77","36.41","0.15","26.84","2.91","82.24"
"1398","ＳＭＤＡＭ東証ＲＥＩＴ指数","東ETF","1745.5","-92.0(-5.01%)","-5.01","469,482","-1.76","-3.21","0.14","1.94","19.13","-1.61","43.73"
"1399","上場ＭＳＣＩ日本株高配当低ボラ","東ETF","3197.0","-13.0(-0.40%)","-0.40","47,732","-0.25","-0.95","16.68","1.29","18.89","-0.75","54.47"
"1401","エムビーエス","東G","1679","+36.0(+2.19%)","2.19","18,716","5.27","21.49","35.08","0.41","32.66","2.58","90.55"
"1407","ウエストＨＬＤＧ","東S","2225","+24.0(+1.09%)","1.09","613,639","2.14","-5.95","51.15","0.72","68.18","-0.70","40.60"
"140A","ｉＦ米国１０年国債先物インバ","東ETF","2093.0","+8.0(+0.38%)","0.38","134","0.25","1.99","9.70","0.70","4.98","1.81","74.68"
"1414","ショーボンドＨＬＤＧ","東P","1262.0","+2.0(+0.16%)","0.16","446,638","0.20","-0.27","2.98","0.39","16.36","-0.27","48.39"
"1417","ミライト・ワン","東P","3459.0","-24.0(-0.69%)","-0.69","348,582","-1.41","-2.97","1.53","0.34","19.96","-1.94","39.03"
"1418","インターライフＨＬＤＧ","東S","602","+2.0(+0.33%)","0.33","19,511","0.40","2.07","25.42","1.02","27.37","1.34","68.75"
"1419","タマホーム","東P","2911","-5.0(-0.17%)","-0.17","106,509","-0.20","-0.18","7.77","0.56","22.25","-0.09","59.05"
"141A","トライアルＨＬＤＧ","東G","3795","+20.0(+0.53%)","0.53","1,695,484","1.20","-2.98","51.44","0.90","41.70","-0.69","27.46"
"1420","サンヨーホームズ","東S","631","+2.0(+0.32%)","0.32","2,270","0.13","-0.22","4.82","0.32","6.84","-0.57","46.67"
"1429","日本アクア","東P","805","-2.0(-0.25%)","-0.25","14,711","-0.15","0.65","18.73","0.37","16.16","0.71","45.59"
"142A","ジンジブ","東G","1043","-60.0(-5.44%)","-5.44","55,137","2.68","18.06","103.31","0.26","34.28","2.12","78.99"
"1430","ファーストコーポレーション","東S","1072","+1.0(+0.09%)","0.09","14,888","0.21","2.50","25.67","0.53","19.49","1.39","78.02"
"1431","Ｌｉｂ　Ｗｏｒｋ","東G","642","-4.0(-0.62%)","-0.62","6,681","-0.62","-1.56","2.72","0.82","8.54","-2.56","39.58"
"1433","ベステラ","東P","1198","+9.0(+0.76%)","0.76","30,902","0.44","-2.89","19.44","1.15","19.62","-0.88","29.59"
"1434","ＪＥＳＣＯ　ＨＬＤＧ","東S","1650","-25.0(-1.49%)","-1.49","20,207","0.51","1.51","16.53","0.67","34.12","0.69","62.89"
"1435","ｒｏｂｏｔ　ｈｏｍｅ","東S","173","-5.0(-2.81%)","-2.81","42,733","-1.48","-2.35","14.57","0.93","29.15","-1.47","43.59"
"1436","グリーンエナジー＆カンパニー","東G","1980","-18.0(-0.90%)","-0.90","101,453","4.49","13.53","73.99","0.29","61.96","1.96","53.60"
"1443","技研ＨＬＤＧ","東S","278","-2.0(-0.71%)","-0.71","4,804","0.36","0.13","25.79","0.43","22.60","0.07","51.43"
"1444","ニッソウ","東G","2900","+54.0(+1.90%)","1.90","4,593","2.15","7.01","15.08","0.59","23.42","2.51","93.63"
"1446","キャンディル","東S","536","-2.0(-0.37%)","-0.37","1,665","0.00","-0.40","3.88","0.54","8.04","-1.26","48.00"
"1447","ＳＡＡＦＨＬＤＧ","東G","323","-1.0(-0.31%)","-0.31","5,310","0.06","-9.77","28.69","0.95","84.63","-1.00","33.06"
"1449","ＦＵＪＩジャパン","札","317","-1.0(-0.31%)","-0.31","32","1.21","3.34","27.31","1.00","17.95","1.76","81.48"
"1450","ＴＡＮＡＫＥＮ","東S","1504","+0.0(+0.00%)","0.00","1,203","0.66","1.75","15.69","0.31","23.22","1.70","63.79"
"1456","ｉＦ日経平均インバース","東ETF","1201.0","-35.0(-2.83%)","-2.83","25,715","-3.33","-5.63","3.18","1.01","26.73","-3.02","14.60"
"1457","ｉＦＴＯＰＩＸインバース","東ETF","1732.0","-7.0(-0.40%)","-0.40","2,475","-0.86","-1.70","1.17","0.17","17.39","-1.76","27.61"
"1458","楽天ＥＴＦ日経レバレッジ指数","東ETF","89900.0","+4,710.0(+5.53%)","5.53","12,235,910","6.67","11.56","77.88","1.27","52.69","3.07","84.61"
"1459","楽天ＥＴＦ日経ダブルインバース","東ETF","101.0","-5.0(-4.72%)","-4.72","1,148,917","-6.48","-10.68","5.21","1.45","52.59","-2.90","19.23"
"145A","Ｌ　ｉｓ　Ｂ","東G","881","-1.0(-0.11%)","-0.11","1,239","-0.68","-1.84","19.05","0.29","30.06","-1.48","43.33"
"1466","ｉＦＪＰＸ４００ダブルインバ","東ETF","193.0","-2.0(-1.03%)","-1.03","324","-1.53","-2.19","4.32","2.30","35.85","-1.12","25.93"
"1469","ＪＰＸ日経４００ベア２倍","東ETF","180.2","-2.0(-1.10%)","-1.10","2,350","-1.37","-2.32","3.68","0.66","34.76","-1.13","26.98"
"146A","コロンビア・ワークス","東S","3620","+5.0(+0.14%)","0.14","170,889","-0.79","-0.02","41.96","1.79","52.54","-0.01","40.14"
"1472","ＮＦ　ＪＰＸ４００ダブルインバ","東ETF","75.0","+1.0(+1.35%)","1.35","11","-0.53","-1.26","4.17","0.01","30.85","-0.69","30.00"
"1473","ＤＩＡＭ　ＥＴＦ　トピックス","東ETF","4232.0","-2.0(-0.05%)","-0.05","2,613","0.75","1.49","20.60","1.07","18.71","1.47","70.99"
"1474","ＤＩＡＭ　ＪＰＸ日経４００","東ETF","37640.0","+20.0(+0.05%)","0.05","563","0.78","1.21","18.93","0.27","17.36","1.17","71.10"
"1475","ｉＳコア　ＴＯＰＩＸ","東ETF","427.2","+2.0(+0.47%)","0.47","1,322,730","0.93","1.61","20.92","1.17","17.71","1.61","69.30"
"1476","ｉＳコア　Ｊリート","東ETF","1769.0","-8.0(-0.45%)","-0.45","210,346","-0.79","-2.61","0.17","0.77","9.69","-1.93","20.31"
"1477","ｉシェアーズＭＳＣＩ最小分散","東ETF","3384.0","+3.0(+0.09%)","0.09","740","0.59","0.45","15.26","0.23","17.55","0.51","64.36"
"1478","ｉシェアーズＭＳＣＩ高配当","東ETF","5332.0","-27.0(-0.50%)","-0.50","68,452","-0.30","-0.78","14.96","0.69","16.44","-0.85","51.54"
"147A","ソラコム","東G","978","+7.0(+0.72%)","0.72","17,047","-0.22","-1.47","9.89","0.26","38.87","-0.72","47.37"
"1480","ＮＦ野村企業価値分配指数連動型","東ETF","40840.0","+0.0(+0.00%)","0.00","41","-0.01","2.00","22.17","0.02","17.78","1.32","87.65"
"1481","上場日本経済貢献株","東ETF","3889.0","+17.0(+0.44%)","0.44","82","-0.10","-1.02","23.70","0.07","18.57","-0.78","56.40"
"1482","ｉＳ米国債７―１０年円ヘッジ","東ETF","1480.0","-5.0(-0.34%)","-0.34","156,097","-0.34","-2.19","0.20","0.70","4.89","-1.86","20.69"
"1484","Ｏｎｅ設備人材投資","東ETF","3843.0","-42.0(-1.08%)","-1.08","499","-0.54","-0.99","20.17","0.65","18.71","-0.80","55.19"
"1485","ＭＸＳ積極投資企業２００上場","東ETF","53000.0","+500.0(+0.95%)","0.95","159","-1.38","-2.20","11.18","0.12","23.80","-2.16","41.54"
"1486","上場米国債券（為替ヘッジなし）","東ETF","22680.0","+125.0(+0.55%)","0.55","6,609","0.17","-1.11","1.18","0.71","7.85","-0.65","55.72"
"1487","上場米国債券（為替ヘッジあり）","東ETF","11305.0","-40.0(-0.35%)","-0.35","12,687","-0.39","-2.32","0.13","7.74","6.96","-1.77","13.89"
"1488","ＩＦ上場投信―東証ＲＥＩＴ","東ETF","1758.0","-10.0(-0.57%)","-0.57","371,231","-0.85","-3.00","0.17","4.57","11.90","-1.70","19.70"
"1489","ＮＦ日経平均高配当株５０指数","東ETF","3526.0","-25.0(-0.70%)","-0.70","1,913,489","-0.60","-1.03","22.56","1.03","17.01","-0.97","50.29"
"148A","ハッチ・ワーク","東G","1900","+36.0(+1.93%)","1.93","5,596","1.79","9.32","15.85","1.76","21.77","2.37","82.99"
"1490","上場ＭＳＣＩベータヘッジ","東ETF","7986.0","+150.0(+1.91%)","1.91","8","0.35","0.33","10.47","0.50","16.12","0.71","52.47"
"1491","中外鉱業","東S","703","-16.0(-2.23%)","-2.23","13,775","-1.90","-3.16","11.23","0.78","43.49","-1.15","46.67"
"1493","Ｏｎｅ　ＪＰＸ日経中小型","東ETF","25950.0","+10.0(+0.04%)","0.04","337","0.28","0.87","16.52","0.01","19.02","0.73","79.63"
"1494","Ｏｎｅ高配当日本株","東ETF","43710.0","-150.0(-0.34%)","-0.34","12,733","-0.36","-0.58","10.41","0.26","12.72","-0.64","53.97"
"1495","上場アジアリート","東ETF","10935.0","+65.0(+0.60%)","0.60","6,971","0.14","-1.16","2.53","7.70","13.35","-0.52","54.40"
"1496","ｉＳ米ドルＩＧ社債ヘッジ","東ETF","1571.0","-8.0(-0.51%)","-0.51","8,653","-0.62","-2.57","0.13","0.74","5.94","-2.27","22.97"
"1497","ｉＳ米ドルＨＹ社債ヘッジ","東ETF","1684.0","-6.0(-0.36%)","-0.36","36,831","-0.60","-2.07","0.24","3.45","3.69","-2.36","15.52"
"1498","Ｏｎｅ　ＥＴＦ　ＥＳＧ","東ETF","33090.0","+20.0(+0.06%)","0.06","29,229","0.74","1.59","18.56","0.13","20.38","1.47","68.51"
"1499","ＭＸＳ日本株高配当７０ＭＮ","東ETF","9233.0","-154.0(-1.64%)","-1.64","4,816","-1.42","-1.27","8.62","9.81","11.09","-1.77","39.38"
"149A","シンカ","東G","804","-14.0(-1.71%)","-1.71","8,410","-0.69","0.49","19.64","1.20","29.71","0.39","59.05"
"150A","ＪＳＨ","東G","723","-11.0(-1.50%)","-1.50","26,424","-1.39","-5.55","119.76","0.41","118.59","-1.03","52.12"
"1514","住石ＨＬＤＧ","東S","631","-5.0(-0.79%)","-0.79","102,203","-0.94","-3.86","22.29","0.62","37.20","-1.17","32.99"
"1515","日鉄鉱業","東P","3245","-30.0(-0.92%)","-0.92","862,115","0.43","-7.41","56.46","0.48","74.88","-1.00","40.40"
"1518","三井松島ＨＬＤＧ","東P","2253","-10.0(-0.44%)","-0.44","316,481","-0.27","-1.50","71.20","0.33","59.02","-0.82","44.35"
"151A","ダイブグループ","東G","630","-2.0(-0.32%)","-0.32","12,027","-0.41","-1.73","11.31","1.41","19.47","-0.85","40.91"
"153A","カウリス","東G","1660","+35.0(+2.15%)","2.15","54,574","-1.17","5.68","73.28","0.33","51.36","0.83","56.72"
"1540","純金上場信託","東ETF","19840.0","+160.0(+0.81%)","0.81","2,591,732","-0.06","-2.92","4.59","0.52","22.04","-1.10","45.73"
"1541","純プラチナ上場信託","東ETF","7923.0","+62.0(+0.79%)","0.79","66,668","-0.02","-2.77","9.81","0.86","31.38","-1.21","42.60"
"1542","純銀上場信託","東ETF","28240.0","+255.0(+0.91%)","0.91","536,496","-0.36","-4.26","8.62","0.65","38.37","-1.18","46.63"
"1543","純パラジウム上場信託","東ETF","55580.0","+10.0(+0.02%)","0.02","14,070","-0.46","-6.34","3.89","1.04","36.34","-1.48","35.64"
"1545","ＮＦ　ＮＡＳＤＡＱ―１００ヘな","東ETF","245.3","+5.2(+2.17%)","2.17","491,717","1.36","4.64","9.75","0.86","20.08","1.96","79.87"
"1546","ＮＦダウ・ジョーンズ工業株３０","東ETF","78700.0","+50.0(+0.06%)","0.06","48,425","-0.26","-1.42","12.32","0.62","11.72","-0.75","52.38"
"1547","上場米国株式Ｓ＆Ｐ５００","東ETF","13255.0","+135.0(+1.03%)","1.03","94,390","0.38","1.32","21.16","1.09","11.32","0.86","76.00"
"1550","ＭＸＳ外株（ＭＳＣＩコクサイ）","東ETF","8049.0","+69.0(+0.86%)","0.86","4,447","0.11","0.45","17.20","0.05","10.61","0.30","75.17"
"1551","東証スタンダードＴＯＰ２０","東ETF","7309.0","+150.0(+2.10%)","2.10","512","1.48","2.40","20.77","0.44","17.61","2.60","61.84"
"1554","上場ＭＳＣＩ世界株式除く日本","東ETF","6778.0","+39.0(+0.58%)","0.58","9,755","0.06","0.36","18.58","0.45","11.24","0.24","72.11"
"1555","上場豪州リート","東ETF","2218.0","-45.0(-1.99%)","-1.99","3,163","-0.22","-2.54","2.40","0.17","17.06","-0.80","49.10"
"1557","ＳＳ　Ｓ＆Ｐ　５００　ＥＴＦ","東ETF","121400.0","+800.0(+0.66%)","0.66","158,514","0.20","0.87","20.68","3.35","11.06","0.59","72.22"
"1559","ＮＦタイ株式ＳＥＴ５０指数","東ETF","4658.0","-7.0(-0.15%)","-0.15","228","-1.10","-1.03","21.78","0.10","13.10","-0.93","52.06"
"155A","情報戦略テクノロジー","東G","744","-12.0(-1.59%)","-1.59","27,733","-3.50","-8.63","2.34","0.60","32.98","-2.44","35.50"
"1560","ＮＦ　ＦＴＳＥブルサＫＬＣＩ","東ETF","6227.0","-33.0(-0.53%)","-0.53","299","-0.65","-1.16","1.75","1.92","12.02","-0.48","52.79"
"1563","東証グロース・コアＥＴＦ","東ETF","2461.0","+4.0(+0.16%)","0.16","59,457","0.53","-0.41","20.05","0.67","29.66","-0.19","58.90"
"1566","上場新興国債券","東ETF","52080.0","+330.0(+0.64%)","0.64","3,217","0.21","-0.96","1.38","0.15","9.78","-0.54","55.47"
"1568","ＴＯＰＩＸブル２倍上場投信","東ETF","1028.5","+8.5(+0.83%)","0.83","1,615,592","1.70","2.98","43.87","0.62","34.80","1.49","71.23"
"1569","ＴＯＰＩＸベア上場投信","東ETF","724.4","-2.3(-0.32%)","-0.32","21,277","-0.91","-1.55","1.31","0.52","17.49","-1.57","29.66"
"156A","マテリアルグループ","東G","862","-11.0(-1.26%)","-1.26","14,682","-0.69","-0.52","12.24","1.60","26.82","-0.31","39.26"
"1571","ＮＦ日経インバ連動型上場投信","東ETF","283.0","-7.0(-2.41%)","-2.41","715,781","-3.02","-5.36","3.66","4.52","26.50","-2.87","15.62"
"1572","中国Ｈ株ブル２倍上場投信","東ETF","6610.0","+18.0(+0.27%)","0.27","1,055","0.27","-1.89","19.96","0.18","34.52","-0.56","52.23"
"1573","中国Ｈ株ベア上場投信","東ETF","8434.0","+45.0(+0.54%)","0.54","1,094","-0.34","1.85","20.78","0.20","20.48","1.02","64.06"
"1577","ＮＦ野村日本株高配当７０連動型","東ETF","60140.0","-660.0(-1.09%)","-1.09","320,904","-0.51","-0.34","21.45","1.87","18.70","-0.30","53.43"
"1578","上場日経２２５（ミニ）","東ETF","5524.0","+144.0(+2.68%)","2.68","30,837","3.36","5.80","36.56","0.56","25.76","3.08","82.17"
"1579","日経平均ブル２倍上場投信","東ETF","812.7","+43.8(+5.70%)","5.70","11,821,894","6.73","11.48","77.37","1.26","52.50","3.06","84.36"
"157A","グリーンモンスター","東G","780","+0.0(+0.00%)","0.00","2,881","1.09","4.13","11.43","0.43","62.96","1.54","51.74"
"1580","日経平均ベア上場投信","東ETF","748.0","-21.8(-2.83%)","-2.83","217,839","-3.38","-5.66","3.07","1.41","26.38","-3.00","14.69"
"1591","ＮＦ　ＪＰＸ日経４００連動型","東ETF","37380.0","+120.0(+0.32%)","0.32","7,647","0.41","1.15","19.65","0.16","17.48","1.14","70.19"
"1592","上場ＪＰＸ日経４００","東ETF","3422.0","+3.0(+0.09%)","0.09","4,599","0.73","1.16","19.32","0.20","17.46","1.16","66.99"
"1593","ＭＡＸＩＳ　ＪＰＸ日経４００","東ETF","38310.0","+90.0(+0.24%)","0.24","145,958","0.85","1.33","19.12","0.66","16.08","1.24","73.90"
"1595","ＮＺＡＭ東証ＲＥＩＴ指数","東ETF","1757.0","-12.0(-0.68%)","-0.68","94,717","-0.75","-2.73","0.11","2.01","11.70","-1.78","25.64"
"1597","ＭＡＸＩＳ　Ｊリート上場投信","東ETF","1749.0","-12.0(-0.68%)","-0.68","290,379","-0.70","-3.07","0.23","0.68","12.86","-1.56","28.26"
"1599","ｉＦ　ＪＰＸ日経４００","東ETF","37720.0","-150.0(-0.40%)","-0.40","114","0.33","0.46","18.47","0.21","18.41","0.42","66.01"
"159A","ＮＦ　ＪＰＸプライム１５０","東ETF","751.3","+4.4(+0.59%)","0.59","2,622","1.16","2.06","21.33","0.04","18.08","2.15","74.81"
"1605","ＩＮＰＥＸ","東P","3623.0","-44.0(-1.20%)","-1.20","10,292,603","-2.78","-6.49","19.97","0.44","33.09","-2.20","37.97"
"160A","アズパートナーズ","東S","1990","-1.0(-0.05%)","-0.05","7,550","-0.06","0.89","5.85","0.52","18.82","0.70","58.90"
"1615","ＮＦ銀行業指数投信","東ETF","775.7","-18.0(-2.27%)","-2.27","2,173,734","-0.81","0.48","45.26","0.59","28.93","0.36","52.13"
"1617","ＮＦ食品ＴＰＸ１７","東ETF","47470.0","-260.0(-0.54%)","-0.54","6,050","-0.14","-0.85","15.61","0.62","15.45","-0.53","54.79"
"1618","ＮＦエネルギー資源ＴＰＸ１７","東ETF","35050.0","-700.0(-1.96%)","-1.96","22,732","-2.95","-4.43","17.97","0.57","26.61","-1.90","26.38"
"1619","ＮＦ建設・資材ＴＰＸ１７","東ETF","44980.0","-90.0(-0.20%)","-0.20","5,876","0.50","0.54","3.71","0.53","22.08","0.52","64.51"
"1620","ＮＦ素材・化学ＴＰＸ１７","東ETF","37320.0","+100.0(+0.27%)","0.27","4,168","1.14","2.08","18.66","0.41","19.02","1.26","79.80"
"1621","ＮＦ医薬品ＴＰＸ１７","東ETF","29940.0","-320.0(-1.06%)","-1.06","13,956","-0.69","-1.16","6.55","1.06","21.65","-0.67","57.13"
"1622","ＮＦ自動車・輸送機ＴＰＸ１７","東ETF","34000.0","-120.0(-0.35%)","-0.35","9,789","-0.33","-1.60","8.01","0.74","27.66","-0.74","47.67"
"1623","ＮＦ鉄鋼・非鉄ＴＰＸ１７","東ETF","65300.0","+650.0(+1.01%)","1.01","31,617","2.43","2.59","45.11","0.52","46.33","0.98","65.85"
"1624","ＮＦ機械ＴＰＸ１７","東ETF","85070.0","+1,970.0(+2.37%)","2.37","6,672","1.61","3.13","15.74","0.57","28.83","1.87","86.14"
"1625","ＮＦ電機・精密ＴＰＸ１７","東ETF","67550.0","+1,690.0(+2.57%)","2.57","39,647","2.73","6.39","43.18","2.07","33.61","2.37","94.34"
"1626","ＮＦ情報通信サービスＴＰＸ１７","東ETF","49580.0","+350.0(+0.71%)","0.71","7,211","1.09","1.10","33.82","0.26","22.00","0.81","61.39"
"1627","ＮＦ電力・ガスＴＰＸ１７","東ETF","12140.0","-220.0(-1.78%)","-1.78","68,470","-1.12","-3.91","9.62","0.66","26.60","-1.67","33.25"
"1628","ＮＦ運輸・物流ＴＰＸ１７","東ETF","21750.0","-200.0(-0.91%)","-0.91","5,810","-0.95","-1.65","8.61","1.19","17.13","-1.91","46.74"
"1629","ＮＦ商社・卸売ＴＰＸ１７","東ETF","272.5","-2.5(-0.91%)","-0.91","134,447","-0.26","-1.75","12.70","0.66","20.34","-1.26","41.88"
"162A","ＡＩセレクトメガトレンドＥＴＮ","東ETF","17420.0","+270.0(+1.57%)","1.57","32,995","1.98","3.78","34.21","14.43","28.90","1.87","73.61"
"1630","ＮＦ小売ＴＰＸ１７","東ETF","36570.0","+130.0(+0.36%)","0.36","2,400","0.83","-0.47","3.72","0.23","18.23","-0.27","60.55"
"1631","ＮＦ銀行ＴＰＸ１７","東ETF","41920.0","-1,210.0(-2.81%)","-2.81","347,448","-0.82","0.33","47.01","0.99","29.00","0.25","52.11"
"1632","ＮＦ金融（除く銀行）ＴＰＸ１７","東ETF","42820.0","-680.0(-1.56%)","-1.56","47,865","-0.68","-1.25","26.65","1.91","22.51","-1.09","48.07"
"1633","ＮＦ不動産ＴＰＸ１７","東ETF","48040.0","-230.0(-0.48%)","-0.48","52,361","-0.25","-1.42","1.78","5.89","21.35","-0.96","50.44"
"163A","半導体フォーカス日本株ＥＴＮ","東ETF","20900.0","+745.0(+3.70%)","3.70","268,046","5.01","9.98","64.18","1.56","52.83","2.86","71.75"
"1651","ｉＦ　ＴＯＰＩＸ高配当４０","東ETF","3282.0","-27.0(-0.82%)","-0.82","46,329","-0.47","-1.06","23.34","1.23","18.40","-1.20","50.16"
"1652","ｉＦ　ＭＳＣＩ日本株女性活躍","東ETF","5078.0","-1.0(-0.02%)","-0.02","406","-0.02","0.68","25.57","4.00","17.54","0.94","98.80"
"1653","ｉＦ　ＭＳＣＩＥＳＧセレクト","東ETF","5258.0","+18.0(+0.34%)","0.34","13,991","0.69","1.92","20.07","1.07","19.17","1.78","72.39"
"1655","ｉＳ　Ｓ＆Ｐ５００米国株","東ETF","878.3","+9.9(+1.14%)","1.14","973,991","0.46","1.41","21.55","1.28","11.32","0.92","81.29"
"1656","ｉＳコア米国債７―１０年","東ETF","297.1","+1.7(+0.58%)","0.58","51,113","-0.02","-1.22","1.12","0.94","8.80","-0.73","55.56"
"1657","ｉＳコアＭＳＣＩ先進国株","東ETF","7212.0","+35.0(+0.49%)","0.49","5,567","0.01","0.35","17.65","2.67","10.52","0.22","78.88"
"1658","ｉＳコアＭＳＣＩ新興国株","東ETF","4345.0","+26.0(+0.60%)","0.60","7,115","0.05","0.49","20.86","0.18","25.55","0.32","64.71"
"1659","ｉＳ米国リート","東ETF","3637.0","-18.0(-0.49%)","-0.49","5,961","-0.57","-2.55","10.88","0.38","14.73","-1.11","39.38"
"1660","ＭＸＳ高利回りＪリート","東ETF","10075.0","-65.0(-0.64%)","-0.64","32,205","-0.91","-2.73","0.20","1.16","11.42","-2.24","29.03"
"1662","石油資源開発","東P","1754","-27.0(-1.52%)","-1.52","806,582","-3.19","-7.06","12.36","0.34","30.22","-2.38","33.64"
"1663","Ｋ＆Ｏエナジーグループ","東P","1891","-29.0(-1.51%)","-1.51","218,738","-0.59","-3.04","7.32","0.41","22.62","-1.55","41.85"
"166A","タスキＨＬＤＧ","東P","1007","-1.0(-0.10%)","-0.10","400,257","-3.62","-9.21","30.95","0.66","33.91","-1.68","24.62"
"1671","ＷＴＩ原油価格連動型上場投信","東ETF","5914.0","+29.0(+0.49%)","0.49","935,761","-1.47","0.23","104.92","0.60","45.47","0.05","39.38"
"1672","ＷＴ　金","東ETF","61140.0","+290.0(+0.48%)","0.48","49,438","-0.00","-3.94","4.67","6.55","22.03","-1.04","41.04"
"1673","ＷＴ　銀","東ETF","8790.0","+88.0(+1.01%)","1.01","40,213","-0.43","-5.29","8.05","3.19","37.80","-1.25","41.57"
"1674","ＷＴ　白金","東ETF","24465.0","+140.0(+0.58%)","0.58","3,316","-0.52","-4.06","7.61","1.15","34.63","-1.30","42.54"
"1675","ＷＴ　パラジウム","東ETF","17500.0","-30.0(-0.17%)","-0.17","2,055","-0.75","-7.11","1.77","2.25","40.95","-1.60","28.55"
"1676","ＷＴ　貴金属バスケット","東ETF","40700.0","+80.0(+0.20%)","0.20","244","-0.39","-4.38","8.91","0.10","28.81","-1.26","27.36"
"1678","ＮＦインドＮＩＦＴＹ５０","東ETF","287.9","-0.1(-0.03%)","-0.03","85,947","-0.65","-3.07","0.56","0.75","11.10","-1.17","38.17"
"1679","ＮＹダウ・インデックス上場投信","東ETF","64320.0","-510.0(-0.79%)","-0.79","643","-0.88","-2.11","9.85","0.17","11.29","-0.99","32.69"
"167A","リョーサン菱洋ＨＬＤＧ","東P","3310","+30.0(+0.91%)","0.91","276,318","-0.48","2.34","27.01","0.46","19.91","1.01","72.94"
"1680","上場ＭＳＣＩ―ＫＯＫＵＳＡＩ","東ETF","8280.0","+51.0(+0.62%)","0.62","5,296","0.12","0.51","18.25","0.90","10.94","0.33","77.49"
"1681","上場ＭＳＣＩ　エマージング","東ETF","3375.0","+20.0(+0.60%)","0.60","11,004","-0.11","0.18","23.00","0.29","24.07","0.12","62.02"
"1684","ＷＴ　ブロード","東ETF","2700.0","+20.0(+0.75%)","0.75","218","-1.20","-0.45","37.93","0.27","37.64","-0.26","46.21"
"1685","ＷＴ　エネルギー","東ETF","933.0","+24.0(+2.64%)","2.64","149","-1.10","2.96","92.77","0.22","44.54","0.52","62.35"
"1686","ＷＴ　産業用金属","東ETF","3016.0","-25.0(-0.82%)","-0.82","61","-1.64","-1.68","18.27","0.25","27.54","-1.35","42.28"
"1687","ＷＴ　農産物","東ETF","1078.0","-5.5(-0.51%)","-0.51","4,647","-0.62","-3.01","21.11","3.22","23.81","-1.15","43.82"
"1688","ＷＴ　穀物","東ETF","596.5","-9.5(-1.57%)","-1.57","2,826","-2.25","-3.81","19.76","0.25","25.26","-1.69","46.58"
"1689","ＷＴ　天然ガス","東ETF","723.0","-5.0(-0.69%)","-0.69","33,108","-3.24","-1.33","5.70","0.68","34.20","-0.45","49.76"
"168A","イタミアート","東G","1070","+14.0(+1.33%)","1.33","2,538","0.64","-0.11","3.68","2.18","16.89","-0.08","46.10"
"1690","ＷＴ　ＷＴＩ　原油","東ETF","2613.5","-21.5(-0.82%)","-0.82","261","-1.64","1.92","93.23","0.19","46.28","0.42","63.04"
"1691","ＷＴ　ガソリン","東ETF","16750.0","+480.0(+2.95%)","2.95","2,153","1.24","5.48","118.10","4.33","64.82","0.83","59.54"
"1693","ＷＴ　銅","東ETF","8900.0","+62.0(+0.70%)","0.70","17,827","-0.30","0.26","22.57","0.69","23.37","0.11","52.86"
"1694","ＷＴ　ニッケル","東ETF","2220.0","+50.0(+2.30%)","2.30","44","0.48","-2.02","6.22","0.29","23.10","-0.58","46.95"
"1695","ＷＴ　小麦","東ETF","3370.0","-67.0(-1.95%)","-1.95","11,492","-1.32","-6.31","25.98","0.60","36.40","-1.51","30.32"
"1696","ＷＴ　とうもろこし","東ETF","3056.0","-136.0(-4.26%)","-4.26","6,148","-3.53","-5.07","14.46","2.18","25.93","-2.47","33.57"
"1697","ＷＴ　大豆","東ETF","4850.0","+51.0(+1.06%)","1.06","484","-0.18","0.04","21.40","0.67","27.29","0.02","54.95"
"1698","上場東証配当フォーカス１００","東ETF","4339.0","-37.0(-0.85%)","-0.85","38,261","-0.37","-1.13","14.15","1.31","14.24","-1.07","51.90"
"1699","ＮＦ原油インデックス連動型上場","東ETF","695.3","+6.1(+0.89%)","0.89","271,239","-0.30","1.62","86.51","0.53","36.27","0.48","48.13"
"170A","ＳＭＴ日本好配当株アクティブ","東ETF","3133.0","-17.0(-0.54%)","-0.54","1,209","0.04","0.60","20.50","1.04","19.86","0.66","63.87"
"1711","ＳＤＳＨＬＤＧ","東S","238","-2.0(-0.83%)","-0.83","6,326","-1.73","-2.57","12.26","0.93","21.62","-2.01","40.00"
"1716","第一カッター興業","東S","1360","+4.0(+0.29%)","0.29","23,348","-0.32","-1.68","1.95","0.46","19.87","-1.26","38.30"
"1717","明豊ファシリティワークス","東S","931","+0.0(+0.00%)","0.00","11,446","-0.26","-1.06","5.80","1.23","8.29","-1.06","42.50"
"1718","美樹工業","東S","2305","+2.0(+0.09%)","0.09","13,660","-1.74","-2.00","1.10","1.07","25.36","-1.11","30.50"
"1719","安藤・間","東P","1807.5","-21.5(-1.18%)","-1.18","983,962","-2.25","-4.77","6.29","0.61","19.04","-2.44","35.99"
"1720","東急建設","東P","1197","-8.0(-0.66%)","-0.66","178,199","-0.73","0.22","9.52","0.49","23.50","0.11","53.97"
"1721","コムシスＨＬＤＧ","東P","5465.0","-5.0(-0.09%)","-0.09","1,206,849","-0.47","-0.18","18.93","0.38","24.27","-0.09","50.24"
"1723","日本電技","東S","2191","+2.0(+0.09%)","0.09","477,618","-6.26","-9.27","9.88","0.46","64.40","-1.63","31.01"
"1724","シンクレイヤ","東S","733","+0.0(+0.00%)","0.00","4,105","0.25","1.98","8.92","1.87","12.50","1.82","62.12"
"1736","オーテック","東S","2504","+4.0(+0.16%)","0.16","3,990","0.02","2.66","12.79","0.41","29.60","1.44","77.01"
"173A","ハンモック","東G","1580","-20.0(-1.25%)","-1.25","2,070","-0.58","0.99","23.63","0.39","27.20","0.71","63.60"
"1758","太洋基礎工業","東S","2381","-19.0(-0.79%)","-0.79","714","-1.28","-3.10","5.49","1.00","24.03","-1.24","37.52"
"175A","Ｗｉｌｌ　Ｓｍａｒｔ","東G","640","+2.0(+0.31%)","0.31","1,288","0.09","-0.03","9.22","0.32","40.88","-0.02","45.45"
"1762","高松コンストラクショングループ","東P","4030","-55.0(-1.35%)","-1.35","78,856","-2.21","-2.67","23.24","0.48","23.04","-1.30","45.45"
"1764","工藤建設","東S","2661","-9.0(-0.34%)","-0.34","1,335","-0.63","-1.86","2.35","1.67","20.64","-1.59","33.19"
"1766","東建コーポレーション","東P","13000","-60.0(-0.46%)","-0.46","137,267","-0.66","-3.52","10.17","0.47","18.36","-1.63","33.92"
"1768","ソネック","東S","1032","+8.0(+0.78%)","0.78","1,955","0.45","0.32","5.31","0.79","21.82","0.68","53.25"
"1770","藤田エンジニアリング","東S","2120","-38.0(-1.76%)","-1.76","5,770","-5.87","-3.21","36.77","0.42","54.65","-0.66","49.64"
"1771","日本乾溜工業","福","936","+8.0(+0.86%)","0.86","1,594","-1.20","-2.14","6.73","0.49","19.35","-1.63","42.34"
"1773","ワイ・ティー・エル","東P","87","+0.0(+0.00%)","0.00","264","-1.14","-3.42","33.85","1.00","51.18","-0.72","50.00"
"1777","川崎設備工業","名M","2317","-23.0(-0.98%)","-0.98","9,034","-1.35","-0.88","11.93","3.00","12.53","-1.27","49.16"
"177A","コージンバイオ","東G","832","+5.0(+0.60%)","0.60","498","0.51","-0.62","0.97","0.46","19.31","-0.60","47.62"
"1780","ヤマウラ","東P","1446","+4.0(+0.28%)","0.28","32,036","-0.69","-2.48","9.96","0.80","14.59","-2.15","26.04"
"1783","ｆａｎｔａｓｉｓｔａ","東S","74","+3.0(+4.23%)","4.23","101,555","2.49","18.06","60.87","0.70","64.03","1.04","58.54"
"1786","オリエンタル白石","東P","341","-2.0(-0.58%)","-0.58","55,093","-1.33","-3.42","10.00","0.48","29.84","-2.03","34.09"
"178A","ＧＸ　革新的優良企業","東ETF","1685.0","+21.0(+1.26%)","1.26","14,267","1.51","3.10","24.17","4.62","18.29","1.40","70.26"
"1793","大本組","東S","2103","-2.0(-0.10%)","-0.10","2,942","-0.52","-0.20","39.55","1.00","20.96","-0.22","61.17"
"1795","マサル","東S","5300","-100.0(-1.85%)","-1.85","4,778","-3.28","-6.04","20.45","4.50","32.91","-2.77","31.86"
"1798","守谷商会","東S","1100","+0.0(+0.00%)","0.00","220","-1.27","1.40","13.99","1.00","29.73","0.51","59.00"
"1799","第一建設工業","東S","3345","-5.0(-0.15%)","-0.15","13,008","-0.12","0.48","10.76","0.32","20.71","0.45","53.16"
"179A","ＧＸ　超長期米国債　有","東ETF","227.1","-1.7(-0.74%)","-0.74","6,539","-1.06","-4.12","0.49","1.50","10.96","-2.34","20.99"
"1801","大成建設","東P","12175.0","-155.0(-1.26%)","-1.26","3,072,461","-0.67","-3.60","2.57","0.26","36.84","-1.54","34.50"
"1802","大林組","東P","2980.0","-28.0(-0.93%)","-0.93","4,159,307","-1.09","-1.72","3.08","0.35","25.02","-1.22","44.56"
"1803","清水建設","東P","2116.5","-27.5(-1.28%)","-1.28","4,044,290","-1.71","-9.84","1.07","0.33","36.68","-2.16","29.21"
"1807","佐藤渡辺","東S","1940","+30.0(+1.57%)","1.57","387","0.73","0.25","10.10","0.50","29.25","0.33","48.37"
"1808","長谷工コーポレーション","東P","2650.5","+20.0(+0.76%)","0.76","1,931,802","-0.60","-4.97","3.74","0.67","23.73","-1.47","35.78"
"180A","ＧＸ　 超長期米国債","東ETF","265.7","-1.5(-0.56%)","-0.56","4,127","-0.87","-2.95","0.87","0.34","13.57","-1.51","43.35"
"1810","松井建設","東S","1420","-8.0(-0.56%)","-0.56","30,877","-0.92","-2.69","9.74","0.39","19.66","-1.51","43.98"
"1811","錢高組","東S","7610","-50.0(-0.65%)","-0.65","21,245","0.05","-0.76","4.53","1.75","31.52","-0.39","51.56"
"1812","鹿島建設","東P","4899.0","-50.0(-1.01%)","-1.01","4,399,786","0.01","-0.71","4.90","0.34","29.18","-0.40","42.68"
"1813","不動テトラ","東P","2948","-21.0(-0.71%)","-0.71","139,926","-1.12","0.94","17.26","0.63","27.12","0.37","58.68"
"1814","大末建設","東P","3540","-50.0(-1.39%)","-1.39","126,227","-1.39","-2.06","15.31","0.74","32.84","-1.15","46.77"
"1815","鉄建建設","東P","2278","+6.0(+0.26%)","0.26","239,121","0.50","0.88","3.22","0.68","28.56","0.80","54.69"
"181A","ＭＸＳ米国国債１−３ヘッジなし","東ETF","522.6","+2.6(+0.50%)","0.50","26","-0.11","0.16","2.23","5.00","8.97","0.13","69.82"
"1820","西松建設","東P","5357.0","-76.0(-1.40%)","-1.40","332,440","-2.43","-3.95","4.12","0.43","20.18","-2.35","35.34"
"1822","大豊建設","東S","812","-6.0(-0.73%)","-0.73","80,717","-1.65","-1.96","15.01","0.54","18.62","-1.95","43.24"
"1826","佐田建設","東S","1074","+3.0(+0.28%)","0.28","7,384","-0.39","-0.82","11.64","0.47","16.60","-1.04","42.68"
"1827","ナカノフドー建設","東S","1467","-113.0(-7.15%)","-7.15","22,501","-1.27","5.90","33.24","0.49","51.93","1.26","62.04"
"1828","田辺工業","東S","2324","-60.0(-2.52%)","-2.52","23,828","-2.60","-4.24","6.85","0.34","22.00","-1.73","21.79"
"182A","ＭＸＳ米国国債２０年超ヘッジ無","東ETF","458.0","-3.1(-0.67%)","-0.67","1,060","-1.07","-3.32","0.00","0.28","12.46","-1.64","40.93"
"1832","北海電工","札","1419","+21.0(+1.50%)","1.50","5,058","1.62","2.06","34.76","2.00","18.01","3.00","61.11"
"1833","奥村組","東P","5420","-40.0(-0.73%)","-0.73","526,190","-2.55","-5.46","0.37","0.51","18.75","-2.55","28.24"
"1835","東鉄工業","東P","3830","-30.0(-0.78%)","-0.78","280,208","-0.98","-2.78","0.79","1.13","20.68","-1.87","39.42"
"183A","ＭＸＳ米国国債２０年超ヘッジ有","東ETF","405.4","-4.4(-1.07%)","-1.07","129,631","-1.26","-4.15","0.25","1.06","12.48","-2.44","18.82"
"1840","土屋ＨＬＤＧ","東S","259","+2.0(+0.78%)","0.78","2,746","1.65","1.52","19.91","0.18","13.15","1.04","47.83"
"1844","大盛工業","東S","439","-3.0(-0.68%)","-0.68","19,450","-0.81","-5.64","2.57","0.55","24.14","-1.36","32.22"
"1847","イチケン","東S","3425","-5.0(-0.15%)","-0.15","37,854","-0.41","0.21","40.25","0.58","40.74","0.15","52.94"
"1848","富士ピー・エス","東S","897","-20.0(-2.18%)","-2.18","50,690","3.34","13.48","61.91","0.51","45.21","1.98","69.83"
"184A","学びエイド","東G","315","+0.0(+0.00%)","0.00","631","-0.88","-2.13","5.70","1.18","52.16","-1.49","43.10"
"1850","南海辰村建設","東S","439","-3.0(-0.68%)","-0.68","4,944","0.23","1.54","17.38","0.59","28.51","0.95","54.55"
"1852","淺沼組","東P","879","-6.0(-0.68%)","-0.68","183,858","-1.04","-2.19","14.60","0.54","19.53","-1.22","46.28"
"1853","森組","東S","322","-4.0(-1.23%)","-1.23","31,322","-0.98","-1.25","4.89","10.05","10.72","-1.29","42.86"
"1860","戸田建設","東P","1427.0","-15.5(-1.07%)","-1.07","583,791","-2.03","-5.04","11.83","0.50","20.16","-2.29","33.59"
"1861","熊谷組","東P","1258","-6.0(-0.47%)","-0.47","493,200","-1.63","-2.92","0.72","0.20","24.78","-2.07","39.39"
"1866","北野建設","東S","1119","-12.0(-1.06%)","-1.06","12,532","-0.60","-2.73","20.97","0.84","26.31","-1.08","43.27"
"1867","植木組","東S","2726","+21.0(+0.78%)","0.78","15,830","0.24","0.23","23.91","1.71","23.33","0.29","50.51"
"1869","名工建設","名M","1891","-16.0(-0.84%)","-0.84","2,278","-0.03","-0.07","14.54","0.38","22.53","-0.06","47.04"
"186A","アストロスケールＨＬＤＧ","東G","1193","-69.0(-5.47%)","-5.47","6,463,572","-1.84","7.24","78.06","0.86","70.62","1.09","64.63"
"1870","矢作建設工業","東P","2117","-4.0(-0.19%)","-0.19","133,911","-0.98","-1.83","18.93","0.61","21.55","-1.02","49.47"
"1871","ピーエス・コンストラクション","東P","2117","-40.0(-1.85%)","-1.85","150,871","-2.18","-4.62","3.67","0.43","27.71","-1.31","40.90"
"1873","日本ハウスＨＬＤＧ","東P","314","+3.0(+0.96%)","0.96","15,463","0.38","-0.54","10.18","0.43","17.35","-0.18","58.33"
"1878","大東建託","東P","3155.0","-9.0(-0.28%)","-0.28","2,483,114","-1.66","-4.43","8.21","0.34","26.05","-2.35","36.08"
"1879","新日本建設","東P","2227","-15.0(-0.67%)","-0.67","142,709","-1.70","-3.02","18.84","0.25","22.83","-1.71","43.69"
"1882","東亜道路工業","東P","1589","+11.0(+0.70%)","0.70","284,060","-0.18","-1.18","8.24","0.43","13.88","-1.09","44.10"
"1885","東亜建設工業","東P","2112","+0.0(+0.00%)","0.00","531,247","-0.63","-0.66","9.37","0.72","30.64","-0.40","51.01"
"1887","日本国土開発","東P","534","-2.0(-0.37%)","-0.37","77,575","-0.85","-2.48","5.33","0.78","19.21","-2.23","33.93"
"1888","若築建設","東P","3675","-70.0(-1.87%)","-1.87","31,965","-1.45","-1.06","17.22","0.73","27.26","-0.42","56.19"
"188A","ＧＸ　インド・トップ１０＋","東ETF","800.0","-1.0(-0.12%)","-0.12","2,512","-0.89","-3.95","0.25","1.04","13.50","-1.20","36.92"
"1893","五洋建設","東P","1473.0","-1.0(-0.07%)","-0.07","1,977,331","-1.01","-1.04","8.35","0.52","40.23","-0.32","52.05"
"1897","金下建設","東S","3705","+85.0(+2.35%)","2.35","1,109","-0.94","7.63","27.58","3.00","43.68","1.17","68.20"
"1898","世紀東急工業","東P","1460","+2.0(+0.14%)","0.14","198,676","-0.31","-1.79","4.66","0.74","14.01","-1.59","39.74"
"1899","福田組","東P","4810","+60.0(+1.26%)","1.26","108,665","0.67","2.07","33.43","0.49","33.91","0.58","69.64"
"189A","Ｄ＆Ｍカンパニー","東G","1099","+9.0(+0.83%)","0.83","5,805","0.90","5.55","24.74","0.79","11.95","1.59","78.86"
"1904","大成温調","東S","1262","-3.0(-0.24%)","-0.24","49,145","-0.62","-1.10","0.80","0.82","13.65","-1.28","48.73"
"1905","テノックス","東S","1447","+3.0(+0.21%)","0.21","723","-0.37","-0.72","7.82","0.45","19.63","-1.02","44.34"
"190A","Ｃｈｏｒｄｉａ　Ｔｈｅｒａｐｅ","東G","65","-4.0(-5.80%)","-5.80","98,491","-3.56","-7.30","1.56","0.28","53.66","-2.19","25.00"
"1911","住友林業","東P","1201.5","-8.5(-0.70%)","-0.70","3,915,718","-0.36","-5.24","1.69","0.63","24.24","-1.29","36.24"
"1914","日本基礎技術","東S","814","+0.0(+0.00%)","0.00","8,638","-0.25","0.64","26.20","0.58","21.11","0.34","53.33"
"1921","巴コーポレーション","東S","1954","+10.0(+0.51%)","0.51","1,352","-0.66","0.70","19.80","0.37","36.93","0.25","62.70"
"1925","大和ハウス工業","東P","2185.0","-11.0(-0.50%)","-0.50","4,843,790","-1.49","-5.23","0.74","0.34","19.53","-2.13","29.15"
"1926","ライト工業","東P","985","-2.0(-0.20%)","-0.20","344,005","1.18","2.42","3.90","0.33","19.80","1.60","55.54"
"1928","積水ハウス","東P","3371.0","+10.0(+0.30%)","0.30","3,523,171","0.37","-0.34","5.97","0.35","20.24","-0.24","59.50"
"1929","日特建設","東P","1206","-5.0(-0.41%)","-0.41","41,794","-0.97","-0.41","12.29","0.42","15.23","-0.27","47.06"
"192A","インテグループ","東G","1332","-108.0(-7.50%)","-7.50","22,796","-1.62","3.69","13.36","0.71","29.18","1.06","58.81"
"1930","北陸電気工事","東P","1556","-24.0(-1.52%)","-1.52","69,523","-1.87","-1.18","10.91","0.58","30.77","-0.72","43.12"
"1934","ユアテック","東P","2544","-22.0(-0.86%)","-0.86","151,386","-1.47","-2.23","13.88","0.40","25.04","-1.44","40.76"
"1938","日本リーテック","東P","2559","-30.0(-1.16%)","-1.16","101,177","-1.24","-0.47","17.28","0.64","29.28","-0.28","46.47"
"1939","四電工","東P","2267","-29.0(-1.26%)","-1.26","157,254","-1.69","-0.22","46.26","0.87","24.23","-0.09","41.72"
"1941","中電工","東P","5090","-20.0(-0.39%)","-0.39","220,148","-0.86","-1.12","17.01","0.48","23.10","-1.15","41.54"
"1942","関電工","東P","5494.0","-118.0(-2.10%)","-2.10","1,938,505","-1.50","-1.28","9.16","0.23","39.69","-0.64","45.17"
"1944","きんでん","東P","6822.0","-17.0(-0.25%)","-0.25","1,279,622","-0.40","-1.82","5.75","0.33","36.90","-0.88","39.41"
"1945","東京エネシス","東P","2103","-27.0(-1.27%)","-1.27","204,206","-0.82","-0.64","25.25","0.65","32.00","-0.35","46.78"
"1946","トーエネック","東P","2135","-48.0(-2.20%)","-2.20","138,503","-2.56","-3.45","14.05","0.30","36.45","-1.66","39.88"
"194A","ＷＯＬＶＥＳ　ＨＡＮＤ","東G","1724","-3.0(-0.17%)","-0.17","8,916","0.76","-4.72","46.97","0.38","79.81","-0.72","33.27"
"1950","日本電設工業","東P","3980","-35.0(-0.87%)","-0.87","102,036","-1.04","-1.22","20.79","0.20","26.17","-0.77","42.75"
"1951","エクシオグループ","東P","2550.0","-3.5(-0.14%)","-0.14","327,824","-0.87","-1.96","1.35","0.26","21.02","-1.37","41.43"
"1952","新日本空調","東P","3125","-20.0(-0.64%)","-0.64","170,269","-1.51","-1.51","6.66","0.48","41.60","-0.98","44.30"
"1959","クラフティア","東P","8038.0","-26.0(-0.32%)","-0.32","833,130","-0.13","-0.73","4.07","0.46","33.57","-0.44","49.50"
"195A","ＭＵＳＣＡＴ　ＧＲＯＵＰ","東G","673","+5.0(+0.75%)","0.75","6,529","-3.77","-0.66","18.07","0.77","70.24","-0.11","41.73"
"1960","サンテック","東S","1663","-22.0(-1.31%)","-1.31","12,810","-1.39","-0.72","28.22","0.79","42.22","-0.52","44.05"
"1961","三機工業","東P","2655","+22.0(+0.84%)","0.84","735,208","1.81","7.42","25.59","0.47","43.42","2.16","68.45"
"1963","日揮ＨＬＤＧ","東P","2243.5","-33.5(-1.47%)","-1.47","1,979,290","-0.91","-3.43","15.02","0.34","31.78","-1.53","39.73"
"1964","中外炉工業","東P","3850","-60.0(-1.53%)","-1.53","63,720","-1.26","-2.45","2.53","1.02","26.37","-1.16","43.27"
"1965","テクノ菱和","東S","2351","+9.0(+0.38%)","0.38","233,189","-1.02","0.94","3.30","0.38","57.45","0.37","49.74"
"1966","高田工業所","東S","1743","+3.0(+0.17%)","0.17","871","-0.01","0.35","13.18","0.13","17.29","0.81","56.63"
"1967","ヤマト","東S","2156","-23.0(-1.06%)","-1.06","5,191","-0.06","1.95","11.54","0.09","22.07","1.45","64.66"
"1968","太平電業","東P","2467","-9.0(-0.36%)","-0.36","128,952","-0.64","-1.82","13.95","0.52","27.03","-1.15","39.86"
"1969","高砂熱学工業","東P","4703.0","-7.0(-0.15%)","-0.15","1,058,494","0.26","4.83","18.02","0.40","35.07","1.34","70.46"
"196A","ＭＦＳ","東G","323","-9.0(-2.71%)","-2.71","14,028","-0.74","-2.44","42.92","0.35","51.54","-0.50","39.80"
"1972","三晃金属工業","東S","1293","-3.0(-0.23%)","-0.23","25,641","-0.29","-1.93","11.08","0.70","15.37","-1.35","38.52"
"1975","朝日工業社","東P","3845","-20.0(-0.52%)","-0.52","125,037","-1.49","-1.40","14.26","0.90","42.37","-0.76","46.59"
"1976","明星工業","東P","1703","-17.0(-0.99%)","-0.99","65,929","-0.97","-1.01","5.06","0.56","29.79","-0.98","45.45"
"1979","大氣社","東P","3780","+0.0(+0.00%)","0.00","445,610","0.08","-1.56","18.12","0.50","31.58","-0.75","47.46"
"197A","タウンズ","東S","518","+1.0(+0.19%)","0.19","41,778","-0.50","1.38","11.88","0.65","16.38","0.85","65.22"
"1980","ダイダン","東P","2961","+2.0(+0.07%)","0.07","879,396","0.80","5.01","29.19","0.63","55.91","1.56","61.39"
"1981","協和日成","東S","1365","+12.0(+0.89%)","0.89","2,727","0.84","1.92","5.81","0.39","13.62","2.39","63.41"
"1982","日比谷総合設備","東P","3210","+20.0(+0.63%)","0.63","118,690","-0.43","3.42","20.00","0.47","39.79","0.98","55.75"
"198A","ＰｏｓｔＰｒｉｍｅ","東G","160","-2.0(-1.23%)","-1.23","5,447","-1.23","-2.94","24.03","0.97","43.88","-1.06","37.50"
"1994","高橋カーテンウォール工業","東S","608","-10.0(-1.62%)","-1.62","9,088","-0.78","-1.24","17.37","2.21","20.58","-1.08","51.06"
"2001","ニップン","東P","2828","-7.0(-0.25%)","-0.25","161,919","-1.68","-3.86","18.97","0.29","18.93","-2.31","34.50"
"2002","日清製粉グループ本社","東P","1985.5","+8.0(+0.40%)","0.40","671,998","-0.56","-2.55","8.14","0.32","23.37","-1.70","39.86"
"2003","日東富士製粉","東S","1878","+0.0(+0.00%)","0.00","27,142","-0.62","1.39","13.96","0.62","21.01","0.60","63.10"
"2004","昭和産業","東P","3730","+0.0(+0.00%)","0.00","98,834","-2.46","-3.05","25.13","0.41","19.13","-1.55","42.15"
"2009","鳥越製粉","東S","1128","-3.0(-0.27%)","-0.27","22,920","0.59","1.95","9.41","0.94","6.33","2.05","76.79"
"200A","ＮＦ　日経半導体株指数連動型","東ETF","4737.0","+222.0(+4.92%)","4.92","7,308,702","5.19","9.67","94.86","1.08","70.40","2.84","77.09"
"2011","ＳＭＤＡＭ　Ａｃｔｉｖｅ","東ETF","857.4","-12.1(-1.39%)","-1.39","10,942","-0.46","-0.14","15.24","0.87","16.84","-0.12","56.97"
"2012","ｉＳ　米国債０−３ヶ月","東ETF","241.4","+2.2(+0.92%)","0.92","98,173","0.36","0.95","10.23","1.00","9.98","0.71","75.71"
"2013","ｉＳ　米国高配当株","東ETF","297.3","-1.4(-0.47%)","-0.47","32,755","-0.84","-3.30","16.00","0.89","16.08","-1.37","37.89"
"2014","ｉＳ　米国連続増配株","東ETF","306.5","-0.2(-0.07%)","-0.07","21,970","-0.43","-2.24","9.97","0.76","12.20","-1.04","43.60"
"2015","ｉＦ米国国債７−１０年　無","東ETF","2041.0","+11.0(+0.54%)","0.54","7,068","0.04","-1.13","1.09","7.18","9.18","-0.67","56.38"
"2016","ｉＦ米国国債７−１０年　有","東ETF","1681.0","-6.0(-0.36%)","-0.36","5,887","-0.39","-2.45","2.13","4.77","7.15","-1.95","28.57"
"2017","ｉＦ　ＪＰＸプライム１５０","東ETF","1554.0","+25.0(+1.64%)","1.64","72,606","1.28","1.87","21.41","1.83","18.67","1.90","70.07"
"2018","グローバルＸ　ＵＳ　ＲＥＩＴ","東ETF","1198.0","-6.0(-0.50%)","-0.50","37","-0.76","-2.91","7.73","1.19","14.63","-1.30","38.46"
"2019","グローバルＸ　米国優先証券","東ETF","956.0","+3.0(+0.31%)","0.31","2,291","-0.75","-2.75","0.53","0.41","12.26","-1.43","30.00"
"201A","ｉＳ　Ｎｉｆｔｙ５０インド株","東ETF","168.2","-1.3(-0.77%)","-0.77","25,732","-0.97","-3.95","0.12","3.77","15.36","-1.37","27.46"
"2032","ＮＮ香港ハンセン・ベアＥＴＮ","東ETF","6232.0","+88.0(+1.43%)","1.43","167","0.48","2.80","15.11","0.24","23.89","1.56","81.06"
"2033","ＮＮ韓国ＫＯＳＰＩ・ブルＥＴＮ","東ETF","78400.0","+630.0(+0.81%)","0.81","190,501","0.41","3.41","125.42","1.46","115.02","0.88","53.48"
"2034","ＮＮ韓国ＫＯＳＰＩ・ベアＥＴＮ","東ETF","1880.0","-21.0(-1.10%)","-1.10","21,484","-0.47","-2.00","31.93","1.70","85.35","-0.84","48.62"
"2036","ＮＮ金先物ダブルブルＥＴＮ","東ETF","145000.0","+1,600.0(+1.12%)","1.12","321,827","-0.15","-8.63","8.13","0.88","46.37","-1.02","38.67"
"2037","ＮＮ金先物ベアＥＴＮ","東ETF","1300.0","-20.0(-1.52%)","-1.52","7,837","-0.88","2.58","22.64","3.43","30.02","0.65","52.26"
"2038","ＮＮドバイ原油先物ブル","東ETF","2964.0","+85.0(+2.95%)","2.95","270,835","0.84","15.79","123.70","0.99","65.66","1.44","79.46"
"2039","ＮＮドバイ原油先物ベア","東ETF","454.0","-8.0(-1.73%)","-1.73","162,029","-0.74","-7.94","0.89","1.63","28.70","-1.51","17.07"
"2040","ＮＮ　ＮＹダウ・ダブル・ブル","東ETF","36380.0","-590.0(-1.60%)","-1.60","39,487","-1.17","-5.32","25.10","1.59","22.58","-1.74","19.44"
"2041","ＮＮ　ＮＹダウ・ベアＥＴＮ","東ETF","2014.0","+10.0(+0.50%)","0.50","6,115","0.38","2.44","6.00","1.02","11.57","1.65","73.39"
"2042","ＮＮ東証グロース２５０ＥＴＮ","東ETF","8238.0","+15.0(+0.18%)","0.18","67","0.38","0.48","19.74","0.02","32.43","0.32","52.23"
"2044","ＮＮ　Ｓ＆Ｐ５００配当貴族","東ETF","32950.0","-80.0(-0.24%)","-0.24","395","-0.42","-3.89","4.50","0.07","17.33","-1.28","31.31"
"2046","ＮＮインド・ダブル・ブル","東ETF","21300.0","-195.0(-0.91%)","-0.91","9,572","-2.00","-8.29","0.19","1.34","18.27","-1.61","17.20"
"2047","ＮＮインドＮｉｆｔｙ・ベア","東ETF","3597.0","-12.0(-0.33%)","-0.33","61","1.14","3.87","12.83","0.16","27.86","1.98","62.52"
"2053","中部飼料","東P","1959","-7.0(-0.36%)","-0.36","81,938","-2.27","-3.13","18.37","0.43","19.00","-2.09","42.71"
"2055","日和産業","東S","346","+2.0(+0.58%)","0.58","1,411","0.52","0.00","11.61","0.79","14.62","0.00","38.89"
"205A","ロゴスＨＬＤＧ","東G","1634","-18.0(-1.09%)","-1.09","27,804","-1.34","-1.21","9.59","0.76","37.10","-0.98","51.35"
"2060","フィード・ワン","東P","1430","-12.0(-0.83%)","-0.83","74,527","-1.70","-1.26","35.29","0.61","20.34","-0.77","45.71"
"206A","ＰＲＩＳＭ　ＢｉｏＬａｂ","東G","152","-15.0(-8.98%)","-8.98","38,456","-7.77","-10.25","21.60","2.53","51.05","-2.65","29.23"
"2080","ＰＢＲ１倍割れ解消推進ＥＴＦ","東ETF","2061.0","-25.0(-1.20%)","-1.20","67,543","-0.53","-0.89","28.17","0.76","19.55","-0.66","53.33"
"2081","政策保有解消推進ＥＴＦ","東ETF","2192.0","-10.0(-0.45%)","-0.45","1,758","0.34","0.88","32.13","1.58","19.34","0.66","62.18"
"2082","投資家経営者一心同体ＥＴＦ","東ETF","1265.0","+10.0(+0.80%)","0.80","206","0.91","1.32","12.34","3.33","17.72","0.96","81.01"
"2083","ＮＦ　日本成長株アクティブ","東ETF","4010.0","+35.0(+0.88%)","0.88","9,949","1.30","1.70","39.43","0.69","21.04","1.25","76.73"
"2084","ＮＦ　日本高配当株アクティブ","東ETF","3903.0","-10.0(-0.26%)","-0.26","62,403","0.07","0.27","27.67","0.54","13.98","0.31","62.92"
"2085","ＭＸＳ高配当日本株アクティブ","東ETF","779.3","-5.9(-0.75%)","-0.75","7,448","-0.48","-1.06","11.90","1.33","15.02","-0.95","51.77"
"2087","ＮＺＡＭ　ＮＡＳＤＡＱ１００有","東ETF","3555.0","+14.0(+0.40%)","0.40","2,736","0.21","2.86","30.41","385.00","19.78","1.77","71.87"
"2088","ＮＺＡＭ　ＮＹダウ３０有","東ETF","2559.0","-27.0(-1.04%)","-1.04","36","-0.79","-2.55","12.43","4.67","11.03","-1.78","27.14"
"208A","構造計画研究所ＨＬＤＧ","東S","2871","-9.0(-0.31%)","-0.31","7,475","-0.56","-1.37","3.61","0.96","17.86","-0.95","49.06"
"2090","ＮＺＡＭ　米国国債７−１０年有","東ETF","4150.0","-4.0(-0.10%)","-0.10","12","-0.34","-2.15","0.00","0.60","5.01","-1.84","18.31"
"2091","ＮＺＡＭ　ドイツ国債７−１０年","東ETF","4386.0","-1.0(-0.02%)","-0.02","35","0.10","-0.88","0.78","0.00","4.00","-1.14","38.39"
"2092","ＮＺＡＭ　フランス国債７−１０","東ETF","4321.0","-19.0(-0.44%)","-0.44","9","-0.71","-2.74","0.00","1.00","5.68","-1.94","12.16"
"2093","上場　Ｔｒａｃｅｒｓ　米国債無","東ETF","5245.0","+28.0(+0.54%)","0.54","9,857","0.18","0.67","4.88","4.57","9.44","0.53","73.93"
"2094","東証ＲＥＩＴインバース","東ETF","817.0","-2.0(-0.24%)","-0.24","531","0.64","2.39","14.75","0.18","12.57","1.79","67.31"
"2095","グローバルＸ　Ｓ＆Ｐ５００有","東ETF","1105.0","-12.0(-1.07%)","-1.07","207","-1.02","-4.83","3.27","4.89","12.31","-1.90","15.00"
"2096","グローバルＸ　オフィス・Ｊ−Ｒ","東ETF","964.0","-5.0(-0.52%)","-0.52","415","-0.60","-3.42","0.42","0.08","17.40","-1.54","29.41"
"2097","グローバルＸ　レジデンシャル","東ETF","894.0","-11.0(-1.22%)","-1.22","6,924","-1.15","-3.66","0.00","12.48","11.46","-1.94","25.37"
"2098","グローバルＸ　ホテル＆リテール","東ETF","938.0","-4.0(-0.42%)","-0.42","14,282","-1.20","-3.48","0.21","2.50","14.39","-2.13","28.38"
"2108","ニッテン","東P","1814","+0.0(+0.00%)","0.00","144,949","2.06","1.73","5.83","0.47","24.46","0.63","60.38"
"2109","ＤＭ三井製糖","東P","3875","+35.0(+0.91%)","0.91","134,458","0.23","2.07","23.02","0.41","19.91","1.09","61.33"
"210A","ｉＦ　日経高利回りＲＥＩＴ指数","東ETF","1508.0","-8.0(-0.53%)","-0.53","50,796","-0.97","-2.68","0.20","1.06","13.20","-1.67","35.00"
"2112","塩水港精糖","東S","449","-4.0(-0.88%)","-0.88","8,990","-1.36","-3.74","8.98","0.38","15.85","-2.07","28.95"
"2114","フジ日本","東S","637","-3.0(-0.47%)","-0.47","10,785","-2.51","-4.95","7.60","0.47","12.37","-2.52","10.71"
"2117","ウェルネオシュガー","東P","2824","+15.0(+0.53%)","0.53","54,847","-0.11","-0.33","13.19","0.53","17.22","-0.35","50.15"
"211A","カドス","東S","3190","+0.0(+0.00%)","0.00","8,284","-0.50","-4.04","0.79","1.30","32.99","-1.85","20.29"
"2120","ＬＩＦＵＬＬ","東P","233","-1.0(-0.43%)","-0.43","148,042","-0.85","-0.26","37.87","0.86","31.60","-0.14","60.00"
"2121","ＭＩＸＩ","東P","3730","+55.0(+1.50%)","1.50","538,073","-0.56","1.18","52.31","0.51","43.39","0.42","61.85"
"2122","インタースペース","東S","1335","-13.0(-0.96%)","-0.96","10,024","-3.80","-8.24","13.62","0.68","22.91","-2.52","22.77"
"2124","ジェイエイシーリクルートメント","東P","1055","+13.0(+1.25%)","1.25","270,587","1.27","4.91","28.66","0.66","30.30","1.56","76.05"
"2127","日本Ｍ＆ＡセンターＨＬＤＧ","東P","623.4","+0.6(+0.10%)","0.10","821,936","-0.34","-4.31","2.58","0.53","29.65","-1.21","41.50"
"212A","フィットイージー","東P","2778","-64.0(-2.25%)","-2.25","459,542","-1.67","-2.90","31.04","0.59","35.69","-0.77","41.11"
"2134","北浜キャピタルパートナーズ","東S","19","+0.0(+0.00%)","0.00","5,332","2.15","-2.66","18.75","1.30","55.86","-0.41","44.44"
"2136","ヒップ","東S","1433","+13.0(+0.92%)","0.92","860","0.42","0.94","6.94","1.00","16.38","1.25","58.04"
"2138","クルーズ","東S","424","+0.0(+0.00%)","0.00","3,572","0.24","-3.04","19.10","1.42","34.43","-0.94","47.14"
"2139","中広","東S","512","+4.0(+0.79%)","0.79","358","-1.23","-1.81","23.37","0.18","10.01","-1.97","39.53"
"213A","上場インデックスファンド日経","東ETF","437.1","+20.6(+4.95%)","4.95","251,591","5.10","9.81","92.81","0.61","71.02","2.85","76.45"
"2146","ＵＴグループ","東P","239","-2.0(-0.83%)","-0.83","450,756","-0.17","2.82","41.42","0.51","44.88","0.99","66.67"
"2148","アイティメディア","東P","1143","-2.0(-0.17%)","-0.17","17,314","-0.14","-2.99","2.33","0.43","17.37","-0.91","43.81"
"2152","幼児活動研究会","東S","1526","+0.0(+0.00%)","0.00","916","-0.69","-0.71","11.31","1.50","25.81","-0.54","51.49"
"2153","Ｅ・Ｊ　ＨＬＤＧ","東P","1872","+1.0(+0.05%)","0.05","61,616","-0.70","0.41","20.77","0.59","18.06","0.31","61.44"
"2154","オープンアップグループ","東P","2008","-8.0(-0.40%)","-0.40","124,638","-0.66","-0.11","17.70","0.34","17.34","-0.05","64.76"
"2156","セーラー広告","東S","274","-7.0(-2.49%)","-2.49","22,352","-2.63","-1.79","9.16","0.43","18.03","-1.31","48.89"
"2157","コシダカＨＬＤＧ","東P","1001","+1.0(+0.10%)","0.10","363,068","0.02","-1.00","10.85","0.56","23.40","-0.50","51.06"
"2158","ＦＲＯＮＴＥＯ","東G","693","+0.0(+0.00%)","0.00","162,976","2.97","8.91","29.29","0.69","33.46","2.48","77.42"
"215A","タイミー","東G","1391","-14.0(-1.00%)","-1.00","1,203,066","2.61","-8.07","34.79","0.30","62.03","-0.68","36.02"
"2160","ジーエヌアイグループ","東G","3290","+10.0(+0.30%)","0.30","1,771,939","1.17","10.35","46.22","0.59","53.76","1.60","66.57"
"2163","アルトナー","東P","940","-8.0(-0.84%)","-0.84","21,897","-0.80","-1.80","2.06","0.78","15.67","-1.36","40.00"
"2164","地域新聞社","東S","111","+3.0(+2.78%)","2.78","2,583","0.54","-9.52","3.74","0.42","44.06","-0.78","33.33"
"2168","パソナグループ","東P","1528","-11.0(-0.71%)","-0.71","89,370","-0.97","-5.29","13.61","0.55","22.46","-1.25","34.26"
"2169","ＣＤＳ","東S","1764","-1.0(-0.06%)","-0.06","2,636","0.14","1.62","3.76","1.25","5.31","2.00","69.86"
"2170","リンクアンドモチベーション","東P","655","+1.0(+0.15%)","0.15","94,503","-1.33","-3.31","32.06","0.72","41.27","-0.95","49.51"
"2173","博展","東G","784","+6.0(+0.77%)","0.77","2,345","0.49","6.99","21.93","0.88","24.51","1.93","78.45"
"2175","エス・エム・エス","東P","2688","+13.0(+0.49%)","0.49","376,880","1.01","4.69","101.80","0.52","32.98","1.25","76.53"
"2179","成学社","東S","822","+4.0(+0.49%)","0.49","576","-0.27","-1.25","11.53","0.32","19.73","-0.71","39.29"
"2181","パーソルＨＬＤＧ","東P","282.6","-0.5(-0.18%)","-0.18","680,102","-1.35","-3.55","29.63","0.25","29.89","-1.54","48.74"
"2183","リニカル","東S","205","+0.0(+0.00%)","0.00","5,378","0.20","-0.14","3.54","6.00","18.20","-0.21","53.33"
"2185","シイエム・シイ","東S","1944","+4.0(+0.21%)","0.21","1,166","-1.07","-2.21","13.95","0.55","15.05","-1.82","37.93"
"2186","ソーバル","東S","901","+0.0(+0.00%)","0.00","360","0.16","-0.24","1.01","0.07","6.97","-0.29","46.67"
"218A","Ｌｉｂｅｒａｗａｒｅ","東G","1031","-4.0(-0.39%)","-0.39","134,763","0.14","-6.72","46.24","0.33","77.62","-1.02","30.85"
"2193","クックパッド","東S","125","-1.0(-0.79%)","-0.79","52,749","-1.88","-3.34","12.61","1.71","33.23","-1.50","38.89"
"2195","アミタＨＬＤＧ","東G","373","+2.0(+0.54%)","0.54","10,845","0.70","0.28","26.44","1.79","35.13","0.08","60.34"
"2198","アイ・ケイ・ケイＨＬＤＧ","東P","769","-5.0(-0.65%)","-0.65","20,581","-0.41","-1.24","17.23","0.76","14.45","-1.35","41.30"
"219A","Ｈｅａｒｔｓｅｅｄ","東G","2582","-33.0(-1.26%)","-1.26","782,640","-2.01","5.86","89.16","0.64","59.97","0.90","70.80"
"2201","森永製菓","東P","2380.5","-9.5(-0.40%)","-0.40","408,841","-1.38","-4.49","0.57","0.39","19.78","-2.02","30.30"
"2204","中村屋","東S","3080","+10.0(+0.33%)","0.33","18,102","-0.36","-2.02","1.65","0.59","16.05","-1.73","37.68"
"2206","江崎グリコ","東P","5067.0","+84.0(+1.69%)","1.69","1,004,551","1.02","-0.08","8.15","0.90","18.48","-0.05","48.70"
"2207","ｍｅｉｔｏ","東P","3370","+35.0(+1.05%)","1.05","64,582","-1.52","-2.25","39.26","0.32","31.02","-1.45","40.51"
"2208","ブルボン","東S","3020","+10.0(+0.33%)","0.33","4,822","-1.53","-2.44","16.02","0.29","15.03","-1.76","39.74"
"2209","井村屋グループ","東P","2320","+17.0(+0.74%)","0.74","35,975","-0.34","-2.44","6.28","0.39","12.04","-1.65","26.80"
"220A","Ｆａｂｅｒ　Ｃｏｍｐａｎｙ","東S","925","-5.0(-0.54%)","-0.54","3,330","-1.41","-2.34","1.87","4.00","17.54","-1.74","43.17"
"2211","不二家","東P","2513","+16.0(+0.64%)","0.64","26,188","0.01","0.32","10.95","0.33","12.41","0.57","52.00"
"2212","山崎製パン","東P","3590.0","-16.0(-0.44%)","-0.44","676,427","-0.52","-3.80","23.24","0.34","31.95","-1.37","28.11"
"2215","第一屋製パン","東S","622","+3.0(+0.48%)","0.48","2,792","0.26","1.03","6.14","0.66","17.06","1.32","52.63"
"2216","カンロ","東S","1061","-3.0(-0.28%)","-0.28","34,710","-1.56","-2.44","2.51","0.46","36.53","-2.26","34.48"
"2217","モロゾフ","東P","1470","-22.0(-1.47%)","-1.47","72,144","-1.36","-1.56","0.68","1.68","15.95","-1.78","41.18"
"221A","ＭＸＳ日経半導体株上場投信","東ETF","1233.0","+57.0(+4.85%)","4.85","187,576","5.19","9.86","92.51","0.48","70.56","2.81","77.24"
"2220","亀田製菓","東P","1250","-5.0(-0.40%)","-0.40","110,006","-2.54","-6.98","7.30","0.41","23.18","-2.15","25.53"
"2221","岩塚製菓","東S","3040","-10.0(-0.33%)","-0.33","914","-0.33","-0.48","1.37","0.21","5.84","-1.93","35.00"
"2222","寿スピリッツ","東P","2454.5","+35.0(+1.45%)","1.45","1,840,497","-0.53","-5.12","38.44","0.87","29.58","-1.23","49.33"
"2224","コモ","東S","3800","-15.0(-0.39%)","-0.39","8,758","0.40","2.27","12.09","1.28","7.33","2.09","69.77"
"2226","湖池屋","東S","4740","-20.0(-0.42%)","-0.42","17,056","-0.40","-2.88","3.04","0.48","9.15","-2.03","27.78"
"2229","カルビー","東P","3005.0","-1.0(-0.03%)","-0.03","368,161","-0.45","-1.33","9.03","0.34","24.84","-1.27","41.03"
"2235","上場インデックスファンド米国無","東ETF","3505.0","+0.0(+0.00%)","0.00","1,472","-0.32","-1.47","12.20","0.13","11.41","-0.78","54.33"
"2236","ＧＸ　Ｓ＆Ｐ５００　配当貴族","東ETF","1397.0","-6.0(-0.43%)","-0.43","47,379","-0.74","-3.10","4.25","4.09","15.07","-1.24","38.81"
"2237","ダイワ　Ｓ＆Ｐ５００　２ＬＥＶ","東ETF","2438.0","+7.0(+0.29%)","0.29","13,986","-0.63","-0.01","8.36","0.53","20.81","-0.01","61.07"
"2238","ダイワ　Ｓ＆Ｐ５００　インバ","東ETF","5245.0","-6.0(-0.11%)","-0.11","415","-0.02","-0.24","1.69","0.52","10.40","-0.46","35.76"
"2239","上場　Ｓ＆Ｐ５００　先物レバ２","東ETF","26605.0","+5.0(+0.02%)","0.02","15,672","-0.28","0.10","41.89","2.93","21.75","0.09","46.86"
"223A","ＧＸ　ＡＩ＆ビッグデータ","東ETF","1859.0","+34.0(+1.86%)","1.86","26,781","0.97","3.25","46.49","3.97","28.82","1.50","73.47"
"2240","上場　Ｓ＆Ｐ５００　先物インバ","東ETF","5300.0","-2.0(-0.04%)","-0.04","5","0.17","-0.04","1.92","0.17","11.38","-0.07","57.28"
"2241","ＭＡＸＩＳ　ＮＹダウ上場投信","東ETF","900.4","+0.3(+0.03%)","0.03","6,825","-0.20","-1.95","13.17","0.48","13.57","-0.87","43.07"
"2242","ＭＸＳ　ＮＹダウ為替ヘッジあり","東ETF","655.6","-6.4(-0.97%)","-0.97","3,720","-0.70","-2.93","12.84","113.40","11.31","-1.79","22.29"
"2243","グローバルＸ　半導体","東ETF","4825.0","+152.0(+3.25%)","3.25","665,111","2.58","9.75","80.44","1.19","49.38","2.22","70.79"
"2244","ＧＸ　ＵＳテック・トップ２０","東ETF","3770.0","+80.0(+2.17%)","2.17","345,984","1.22","5.41","38.76","2.03","22.14","1.96","76.70"
"2247","ダイワ　Ｓ＆Ｐ５００無","東ETF","2287.0","+25.0(+1.11%)","1.11","4,019","0.38","1.00","20.62","0.46","14.48","0.58","68.75"
"2248","ダイワ　Ｓ＆Ｐ５００有","東ETF","2750.0","+1.0(+0.04%)","0.04","40,047","-0.04","-0.05","20.14","4.97","10.51","-0.07","43.12"
"2249","ダイワ　Ｓ＆Ｐ５００　ダブル","東ETF","9365.0","-13.0(-0.14%)","-0.14","2,836","0.07","-0.62","3.07","0.25","20.56","-0.61","47.58"
"224A","ＧＸ　ウラニウムビジネス","東ETF","1455.0","+0.0(+0.00%)","0.00","4,206","-0.83","-7.11","3.26","0.33","37.10","-1.35","16.67"
"2250","ｉＳ　ＭＳＣＩ　ジャパン気候","東ETF","380.0","+9.2(+2.48%)","2.48","76","1.45","2.38","25.41","10.00","20.35","2.28","64.53"
"2251","ＮＯＭ　ＪＰＸ国債先物　ダブル","東ETF","925.4","+4.4(+0.48%)","0.48","10,333","0.08","1.38","12.85","1.20","7.39","1.58","71.91"
"2252","グローバルＸ　米国中小型","東ETF","1356.0","-1.0(-0.07%)","-0.07","149","-0.47","-4.44","9.80","3.67","14.18","-1.25","13.51"
"2253","グローバルＸ　ＳＵＰＥＲＤＩＶ","東ETF","1274.0","-3.0(-0.23%)","-0.23","3,146","-0.52","-3.63","8.98","0.07","13.22","-1.60","28.38"
"2254","グローバルＸ　ＣＮ　ＥＶ＆ＢＡ","東ETF","963.0","+5.0(+0.52%)","0.52","1,935","0.42","-4.51","2.34","0.11","23.54","-0.87","38.76"
"2255","ｉＳ　米国債２０年超　ＥＴＦ","東ETF","189.7","+0.2(+0.11%)","0.11","41,156","-0.58","-3.21","0.80","0.88","11.40","-1.38","36.57"
"2256","ｉＳ　米国総合債券　ＥＴＦ","東ETF","214.0","+1.5(+0.71%)","0.71","2,205","0.21","-1.04","1.66","0.16","8.74","-0.57","50.00"
"2257","ｉＳ　米ドル建て投資適格社債","東ETF","214.7","+1.2(+0.56%)","0.56","25,610","-0.10","-1.17","1.42","15.87","9.25","-0.65","55.22"
"2258","ｉＳ　米ドル建てハイイールド","東ETF","219.8","+1.2(+0.55%)","0.55","31,552","-0.14","-1.07","1.67","1.09","9.19","-0.66","53.17"
"2259","ｉＳ　フランス国債　７−１０有","東ETF","170.6","-1.3(-0.76%)","-0.76","205","-0.81","-3.21","0.00","0.54","6.09","-2.02","7.87"
"2264","森永乳業","東P","1065.0","-9.5(-0.88%)","-0.88","1,037,486","-2.31","-5.35","0.71","0.48","28.06","-1.97","38.37"
"2266","六甲バター","東P","1099","-12.0(-1.08%)","-1.08","30,345","-0.63","-0.76","8.49","0.35","24.12","-0.45","45.76"
"2267","ヤクルト本社","東P","2743.5","-0.5(-0.02%)","-0.02","1,328,749","-0.80","-2.90","12.95","0.37","22.09","-1.88","39.51"
"2268","Ｂ―Ｒ　サーティワン　アイス","東S","4055","+5.0(+0.12%)","0.12","4,055","0.12","0.10","1.63","0.31","3.87","0.49","37.50"
"2269","明治ＨＬＤＧ","東P","4160.0","+4.0(+0.10%)","0.10","2,960,377","-1.35","-4.59","20.47","0.58","30.89","-1.80","29.84"
"2270","雪印メグミルク","東P","3535","+30.0(+0.86%)","0.86","274,384","-0.95","-4.69","14.22","0.37","22.79","-2.08","32.31"
"2281","プリマハム","東P","2308","-8.0(-0.35%)","-0.35","220,962","-1.65","-4.18","1.01","0.40","21.75","-2.41","30.10"
"2282","日本ハム","東P","2023.5","+37.0(+1.86%)","1.86","1,907,373","1.19","-1.87","4.25","0.51","29.83","-0.82","43.36"
"2286","林兼産業","東S","899","-4.0(-0.44%)","-0.44","3,951","-0.02","-0.99","27.52","0.35","24.02","-0.67","47.37"
"2288","丸大食品","東P","2152","+3.0(+0.14%)","0.14","202,793","-2.31","-4.54","2.38","0.56","20.88","-2.42","33.44"
"228A","オプロ","東G","1750","+6.0(+0.34%)","0.34","1,576","0.32","2.49","29.92","0.12","23.68","1.67","68.64"
"2291","福留ハム","東S","507","+0.0(+0.00%)","0.00","710","-0.16","-0.46","8.33","0.74","13.26","-1.53","46.15"
"2292","Ｓ　ＦＯＯＤＳ","東P","2697","+10.0(+0.37%)","0.37","263,311","-0.47","-3.77","5.52","0.72","21.55","-1.20","40.21"
"2293","滝沢ハム","東S","2669","+0.0(+0.00%)","0.00","3,205","0.14","-0.84","2.30","3.00","7.99","-1.05","31.91"
"2294","柿安本店","東P","2482","-3.0(-0.12%)","-0.12","33,191","-0.27","-2.13","1.14","0.69","11.27","-1.08","25.56"
"2296","伊藤ハム米久ＨＬＤＧ","東P","4885","+20.0(+0.41%)","0.41","273,401","-0.93","-2.91","6.08","0.37","18.19","-1.82","35.88"
"2300","きょくとう","東S","500","+0.0(+0.00%)","0.00","100","-0.20","0.25","3.52","0.20","14.29","0.67","61.54"
"2301","学情","東P","1749","-6.0(-0.34%)","-0.34","175,847","-0.10","1.48","16.14","0.88","17.49","0.63","67.98"
"2303","ドーン","東S","1348","+6.0(+0.45%)","0.45","9,521","0.51","-0.52","12.61","0.36","29.45","-0.43","44.33"
"2304","ＣＳＳ　ＨＬＤＧ","東S","899","-4.0(-0.44%)","-0.44","3,415","-0.75","-1.32","0.78","1.31","16.70","-1.86","38.46"
"2305","スタジオアリス","東S","1833","+6.0(+0.33%)","0.33","14,749","-0.67","-1.73","6.57","0.42","13.29","-1.10","49.65"
"2307","クロスキャット","東P","1067","+19.0(+1.81%)","1.81","34,835","0.34","0.82","19.62","1.35","21.88","0.48","57.35"
"2311","エプコ","東S","793","-1.0(-0.13%)","-0.13","2,060","0.23","0.83","7.74","0.28","9.22","1.39","56.36"
"2315","ＣＡＩＣＡ　ＤＩＧＩＴＡＬ","東S","70","+0.0(+0.00%)","0.00","501,217","3.86","4.29","32.08","1.20","56.84","1.12","51.85"
"2317","システナ","東P","423","+1.0(+0.24%)","0.24","145,213","-1.08","-3.78","9.87","0.34","33.70","-1.41","41.54"
"231A","Ｃｒｏｓｓ　Ｅ　ＨＬＤＧ","福Q","1041","-22.0(-2.07%)","-2.07","1,254","-2.64","-2.76","2.06","0.75","18.90","-2.19","42.94"
"2321","ソフトフロントＨＬＤＧ","東G","140","+2.0(+1.45%)","1.45","9,697","-0.99","-3.95","19.66","0.35","88.97","-0.38","50.38"
"2323","ｆｏｎｆｕｎ","東S","366","+0.0(+0.00%)","0.00","6,248","2.18","8.46","49.39","0.64","60.98","1.66","64.23"
"2325","ＮＪＳ","東P","4530","-45.0(-0.98%)","-0.98","38,956","-1.07","-2.99","5.96","0.70","26.56","-1.22","33.33"
"2326","デジタルアーツ","東P","5090","+190.0(+3.88%)","3.88","485,100","3.31","8.75","45.43","1.04","32.75","1.88","84.78"
"2327","日鉄ソリューションズ","東P","3813.0","+29.0(+0.77%)","0.77","354,537","-0.34","-2.04","24.00","0.40","28.24","-0.96","48.92"
"2329","東北新社","東S","489","-1.0(-0.20%)","-0.20","24,448","-0.65","-2.25","4.26","2.11","14.28","-1.66","36.36"
"2330","フォーサイド","東S","87","+1.0(+1.16%)","1.16","10,571","-0.91","-6.05","26.09","0.75","81.03","-0.45","6.12"
"2331","ＡＬＳＯＫ","東P","1183.5","+15.5(+1.33%)","1.33","540,460","-0.35","-2.08","13.09","0.31","21.68","-1.13","47.16"
"2332","クエスト","東S","1755","-15.0(-0.85%)","-0.85","5,065","0.13","3.10","20.21","0.40","31.74","1.74","68.66"
"2334","イオレ","東G","568","+15.0(+2.71%)","2.71","312,345","0.46","-0.41","73.17","0.76","54.42","-0.16","47.93"
"2335","キューブシステム","東P","1033","-22.0(-2.09%)","-2.09","35,486","-3.67","-5.64","3.51","0.90","14.28","-3.40","24.77"
"2337","いちご","東P","394","-1.0(-0.25%)","-0.25","146,772","-0.91","-1.59","1.81","0.60","25.79","-0.94","53.06"
"2338","クオンタムソリューションズ","東S","108","+1.0(+0.93%)","0.93","2,760","-0.37","-8.10","18.68","0.29","57.08","-1.42","25.00"
"233A","ｉＦ　インド　Ｎｉｆｔｙ５０","東ETF","1736.0","+9.0(+0.52%)","0.52","29,524","-0.58","-3.10","0.70","0.94","11.96","-1.06","46.15"
"2340","極楽湯ＨＬＤＧ","東S","512","-4.0(-0.78%)","-0.78","15,034","-2.74","-2.38","8.94","0.96","15.87","-1.25","44.29"
"2341","アルバイトタイムス","東S","179","+0.0(+0.00%)","0.00","2,412","1.59","3.59","18.54","0.42","25.79","2.72","72.22"
"2342","トランスジェニックグループ","東S","250","-2.0(-0.79%)","-0.79","624","0.40","-1.14","21.95","0.14","40.81","-0.76","44.68"
"2345","ＨＯＤＬ１","東S","98","+3.0(+3.16%)","3.16","3,438","0.62","-5.41","16.67","0.87","78.17","-1.32","32.43"
"2349","エヌアイデイ","東S","2483","-40.0(-1.59%)","-1.59","3,229","-0.62","-0.20","9.92","13.00","16.75","-0.15","52.71"
"234A","ＧＸ　ＭＳＣＩキャッシュフロ","東ETF","1475.0","-9.0(-0.61%)","-0.61","1,719","-0.61","-1.32","11.40","1.83","20.08","-1.20","48.60"
"2351","ＡＳＪ","東S","333","-1.0(-0.30%)","-0.30","726","0.24","-0.28","16.03","0.79","35.85","-0.16","45.21"
"2353","日本駐車場開発","東P","257","+2.0(+0.78%)","0.78","357,432","-0.16","-3.43","10.30","0.81","25.27","-1.61","39.29"
"2354","ＹＥ　ＤＩＧＩＴＡＬ","東S","1246","-17.0(-1.35%)","-1.35","665,216","0.39","-7.98","68.61","1.99","107.86","-1.28","26.51"
"2359","コア","東P","2066","+2.0(+0.10%)","0.10","10,305","-0.50","-2.16","7.38","0.38","15.50","-1.30","41.00"
"235A","ＧＸ　高配当　３０−日本株式","東ETF","1438.0","-6.0(-0.42%)","-0.42","41,067","-0.24","-0.56","13.95","2.45","16.89","-0.45","61.98"
"236A","ｉＳ　日本国債７−１０年","東ETF","433.2","-0.7(-0.16%)","-0.16","6,187","-0.01","-0.66","0.19","0.46","5.99","-1.42","33.76"
"2370","メディネット","東G","24","+0.0(+0.00%)","0.00","2,881","-0.83","-2.44","4.35","0.59","45.17","-1.06","40.00"
"2371","カカクコム","東P","3808.0","+3.0(+0.08%)","0.08","422,305","0.07","1.64","143.17","0.40","10.68","0.92","67.06"
"2373","ケア２１","東S","445","-3.0(-0.67%)","-0.67","2,240","0.04","4.58","14.10","0.36","24.70","1.12","63.37"
"2375","ギグワークス","東S","211","-9.0(-4.09%)","-4.09","9,163","1.34","0.06","7.65","0.22","40.76","0.01","37.84"
"2376","サイネックス","東S","752","-17.0(-2.21%)","-2.21","1,430","-3.69","-4.32","18.61","1.19","23.77","-2.72","44.51"
"2378","ルネサンス","東P","1010","-2.0(-0.20%)","-0.20","22,597","-1.19","-3.50","4.45","0.54","12.75","-2.21","30.77"
"2379","ディップ","東P","1803","+5.0(+0.28%)","0.28","168,482","-0.51","-1.40","6.94","0.40","18.72","-0.95","46.25"
"237A","ｉＳ　米国債２５年超","東ETF","134.6","-1.3(-0.96%)","-0.96","143,139","-2.05","-5.81","0.90","1.27","16.49","-2.03","30.81"
"2384","ＳＢＳ　ＨＬＤＧ","東P","5170","-60.0(-1.15%)","-1.15","417,708","-2.31","1.35","37.68","0.39","36.51","0.40","60.10"
"2385","総医研ＨＬＤＧ","東G","220","+1.0(+0.46%)","0.46","18,697","0.36","-0.05","7.84","0.47","34.41","-0.02","51.43"
"238A","ｉＳ　米国債２５年超　ベッジ有","東ETF","111.2","-2.0(-1.77%)","-1.77","118,972","-2.40","-6.84","0.72","1.53","17.00","-2.58","20.69"
"2391","プラネット","東S","1173","+3.0(+0.26%)","0.26","1,406","0.00","-0.14","0.51","1.09","7.39","-0.48","54.05"
"2393","日本ケアサプライ","東S","4390","-10.0(-0.23%)","-0.23","4,375","-0.41","1.37","97.75","0.36","36.23","0.69","71.70"
"2395","新日本科学","東P","1324","-2.0(-0.15%)","-0.15","102,509","-0.33","-1.61","24.09","0.50","32.99","-0.77","48.72"
"2404","鉄人化ＨＬＤＧ","東S","531","-1.0(-0.19%)","-0.19","744","0.15","-0.32","7.93","0.36","13.90","-0.17","56.67"
"2408","ＫＧ情報","東S","834","+3.0(+0.36%)","0.36","416","0.02","-0.37","22.83","0.42","18.42","-0.20","53.77"
"2410","キャリアデザインセンター","東P","2623","-46.0(-1.72%)","-1.72","204,790","-4.05","-8.00","11.14","0.89","20.95","-2.73","21.95"
"2411","ゲンダイエージェンシー","東S","455","-2.0(-0.44%)","-0.44","4,217","-1.52","-2.99","3.88","0.88","13.48","-2.77","30.56"
"2413","エムスリー","東P","1796.0","+42.5(+2.42%)","2.42","2,256,788","1.26","1.99","38.47","0.51","55.69","0.80","59.26"
"2415","ヒューマンＨＬＤＧ","東S","1611","-1.0(-0.06%)","-0.06","2,905","0.12","-2.42","7.69","0.07","19.26","-1.10","32.38"
"2418","ツカダ・グローバルＨＬＤＧ","東S","593","-7.0(-1.17%)","-1.17","39,089","-0.57","-1.55","8.21","2.16","19.14","-1.09","42.62"
"241A","ＲＯＸＸ","東G","424","-1.0(-0.24%)","-0.24","2,507","-0.38","0.50","8.72","0.42","23.08","0.36","59.09"
"2424","ブラス","東S","624","+6.0(+0.97%)","0.97","994","0.91","2.75","6.30","0.67","26.07","1.12","61.79"
"2425","ケアサービス","東S","690","+12.0(+1.77%)","1.77","3,972","2.22","3.15","11.29","29.00","15.32","2.85","67.53"
"2428","ウェルネット","東S","618","-3.0(-0.48%)","-0.48","26,392","-0.61","-1.85","3.87","0.36","10.38","-1.42","30.00"
"2429","ワールドＨＬＤＧ","東P","2880","+38.0(+1.34%)","1.34","62,411","1.02","1.50","25.87","0.48","21.79","0.84","64.50"
"2432","ディー・エヌ・エー","東P","2549.0","+35.0(+1.39%)","1.39","1,141,350","0.55","-0.12","9.47","0.38","24.43","-0.09","42.11"
"2433","博報堂ＤＹ　ＨＬＤＧ","東P","1306.5","+3.5(+0.27%)","0.27","591,511","-0.54","-1.58","34.21","0.52","34.42","-0.84","51.30"
"2435","シダー","東S","206","+0.0(+0.00%)","0.00","247","0.39","-1.00","2.49","0.10","13.94","-0.93","30.00"
"2436","共同ピーアール","東S","590","-1.0(-0.17%)","-0.17","4,133","-0.27","-0.75","18.47","0.56","31.62","-0.18","49.09"
"2437","Ｓｈｉｎｗａ　Ｗｉｓｅ　ＨＬＤ","東S","615","-3.0(-0.49%)","-0.49","9,514","-0.93","-1.14","86.93","0.47","56.19","-0.60","47.22"
"2438","アスカネット","東G","346","-3.0(-0.86%)","-0.86","5,828","0.06","-0.89","14.57","0.46","33.43","-0.27","47.30"
"2440","ぐるなび","東S","120","-1.0(-0.83%)","-0.83","7,178","-0.50","-3.69","4.35","0.49","28.08","-1.02","41.18"
"2445","タカミヤ","東S","393","+2.0(+0.51%)","0.51","31,596","-0.71","-1.48","7.67","1.61","16.56","-1.12","47.06"
"2449","プラップジャパン","東S","1048","+18.0(+1.75%)","1.75","10,946","1.18","-0.81","3.46","1.25","18.63","-0.47","39.72"
"244A","グロースエクスパートナーズ","東G","1217","+3.0(+0.25%)","0.25","1,215","1.35","3.10","16.46","3.33","33.50","1.94","65.50"
"2454","オールアバウト","東S","332","-4.0(-1.19%)","-1.19","2,616","-2.18","-4.91","1.53","1.07","11.71","-2.83","20.00"
"2459","アウンコンサルティング","東S","178","+1.0(+0.56%)","0.56","161","0.23","0.20","15.58","0.18","66.33","0.25","50.00"
"2461","ファンコミュニケーションズ","東P","386","-1.0(-0.26%)","-0.26","32,069","-1.33","-1.05","2.66","0.86","17.70","-0.71","51.61"
"2462","ライク","東P","1505","-6.0(-0.40%)","-0.40","8,884","-0.63","-1.04","7.81","0.21","10.80","-0.86","51.89"
"2464","Ａｏｂａ−ＢＢＴ","東S","369","-2.0(-0.54%)","-0.54","924","-1.23","-0.80","21.38","1.67","22.24","-0.59","49.12"
"2467","ＶＬＣセキュリティ","名N","198","+15.0(+8.20%)","8.20","20,514","7.03","11.39","37.50","7.54","42.79","3.54","76.09"
"2469","ヒビノ","東S","1320","-10.0(-0.75%)","-0.75","26,465","-1.37","-5.02","1.38","0.74","23.64","-2.13","24.87"
"246A","アスア","東G","1128","+5.0(+0.45%)","0.45","3,830","0.88","13.38","84.62","1.21","42.84","1.61","85.40"
"2471","エスプール","東P","273","+0.0(+0.00%)","0.00","53,320","-0.94","-2.47","22.97","0.86","26.32","-0.91","49.12"
"2475","ＷＤＢ　ＨＬＤＧ","東P","1736","-1.0(-0.06%)","-0.06","8,303","-1.07","-2.62","17.06","0.33","15.83","-1.14","46.81"
"2477","手間いらず","東S","3220","-25.0(-0.77%)","-0.77","36,130","-0.59","-0.87","53.26","0.68","39.76","-0.42","50.79"
"2479","ジェイテック","東S","258","-6.0(-2.27%)","-2.27","48,090","-2.05","-0.83","18.89","2.48","19.32","-0.28","40.00"
"247A","Ａｉロボティクス","東G","989","-8.0(-0.80%)","-0.80","582,764","-0.02","-1.86","57.48","0.45","58.41","-0.53","38.10"
"2480","システム・ロケーション","東S","1752","+1.0(+0.06%)","0.06","1,402","-2.84","-1.94","8.28","0.22","27.83","-0.60","50.10"
"2481","タウンニュース社","東S","735","-6.0(-0.81%)","-0.81","1,539","-0.03","6.04","17.60","0.88","12.54","1.78","82.05"
"2483","翻訳センター","東S","2260","+36.0(+1.62%)","1.62","1,124","0.49","1.69","29.14","2.50","26.24","1.08","60.68"
"2484","出前館","東S","151","-2.0(-1.31%)","-1.31","24,409","1.21","-5.20","34.82","0.56","49.15","-0.77","48.89"
"2485","ティア","東S","439","-1.0(-0.23%)","-0.23","8,189","-1.08","-2.04","0.69","0.52","14.61","-2.31","36.11"
"2488","ＪＴＰ","東S","1414","-13.0(-0.91%)","-0.91","9,876","-0.67","-2.16","26.59","1.15","21.87","-1.09","51.28"
"2489","アドウェイズ","東S","431","+6.0(+1.41%)","1.41","54,252","3.31","3.92","69.69","0.94","40.85","1.54","63.89"
"248A","キッズスター","東G","809","+3.0(+0.37%)","0.37","162","0.27","-0.19","0.50","0.10","13.31","-0.33","40.91"
"2491","バリューコマース","東P","453","-3.0(-0.66%)","-0.66","18,525","-1.22","-5.03","11.03","0.43","26.22","-1.55","40.30"
"2492","インフォマート","東P","724","+4.0(+0.56%)","0.56","1,656,573","1.09","5.40","109.25","0.56","67.55","0.96","62.07"
"2493","イーサポートリンク","東S","964","+4.0(+0.42%)","0.42","9,323","0.63","1.57","6.99","2.02","7.17","2.72","70.59"
"2497","ユナイテッド","東G","510","+0.0(+0.00%)","0.00","6,492","-1.09","-3.48","4.72","0.79","16.24","-2.08","28.00"
"2498","オリエンタルコンサルタンツＨＤ","東S","3005","-5.0(-0.17%)","-0.17","27,242","-1.98","-4.70","5.66","0.91","25.42","-2.13","32.37"
"2499","日本和装ＨＬＤＧ","東S","309","+2.0(+0.65%)","0.65","3,085","0.85","1.31","16.60","2.78","12.92","0.91","52.94"
"2501","サッポロビール","東P","1831.5","+14.5(+0.80%)","0.80","967,897","1.08","-1.52","24.85","0.38","33.20","-0.72","42.86"
"2502","アサヒグループＨＬＤＧ","東P","1601.5","+10.5(+0.66%)","0.66","5,113,858","0.28","-1.76","10.26","0.40","26.53","-0.86","43.05"
"2503","キリンＨＬＤＧ","東P","2845.0","-9.0(-0.32%)","-0.32","3,521,690","0.04","-1.98","22.89","0.31","25.84","-0.57","49.81"
"250A","シマダヤ","東S","1563","-7.0(-0.45%)","-0.45","28,212","-1.35","-2.11","2.83","0.44","15.03","-1.68","41.18"
"2510","ＮＦ国内債券ＢＰＩ総合連動","東ETF","791.2","-0.8(-0.10%)","-0.10","86,053","-0.04","-0.68","1.44","0.82","5.52","-1.30","37.27"
"2511","ＮＦ外国債券ヘッジなし","東ETF","1125.5","+4.5(+0.40%)","0.40","8,619","0.03","-1.07","1.53","0.05","9.56","-0.51","57.14"
"2512","ＮＦ外国債券ヘッジあり","東ETF","704.2","-1.8(-0.25%)","-0.25","2,910","-0.04","-1.31","0.40","0.67","4.69","-1.22","33.19"
"2513","ＮＦ外国株式ヘッジなし","東ETF","3554.0","+25.0(+0.71%)","0.71","4,626","0.15","0.36","17.68","0.02","11.20","0.20","73.98"
"2514","ＮＦ外国株式ヘッジあり","東ETF","2029.0","-2.0(-0.10%)","-0.10","34","-0.07","-0.18","18.24","0.03","10.47","-0.20","64.00"
"2515","ＮＦ外国ＲＥＩＴヘッジなし","東ETF","1553.0","-6.0(-0.38%)","-0.38","22,924","-0.41","-2.73","6.01","0.17","13.94","-0.96","39.29"
"2516","東証グロース２５０ＥＴＦ","東ETF","635.4","+1.3(+0.21%)","0.21","95,433","0.55","0.82","21.19","0.66","26.67","0.48","64.53"
"2517","ＭＸＳ　Ｊリート・コア","東ETF","1037.5","-5.5(-0.53%)","-0.53","7,072","-0.81","-2.70","0.24","0.81","13.91","-1.78","23.86"
"2518","ＮＦ日本株女性活躍連動型","東ETF","2465.0","-7.0(-0.28%)","-0.28","212","0.86","1.25","27.65","0.24","21.66","1.47","71.71"
"2519","ＮＦ新興国債券ヘッジなし","東ETF","1115.0","-5.5(-0.49%)","-0.49","1,754","-0.84","-2.56","1.36","0.24","15.83","-0.91","48.21"
"2520","ＮＦ新興国株式ヘッジなし","東ETF","2350.0","+17.0(+0.73%)","0.73","1,160","0.23","0.43","22.14","0.13","24.40","0.26","59.39"
"2521","上場米国株式為替ヘッジあり","東ETF","2169.0","+2.0(+0.09%)","0.09","12,064","0.07","0.24","20.50","2.08","12.57","0.48","58.14"
"2522","ｉＳロボット","東ETF","9157.0","+197.0(+2.20%)","2.20","61,525","1.25","4.75","49.87","3.88","26.61","1.57","82.18"
"2524","ＮＺＡＭ　ＴＯＰＩＸ","東ETF","4248.0","+4.0(+0.09%)","0.09","67,301","0.80","1.46","20.58","0.35","19.47","1.46","70.52"
"2525","ＮＺＡＭ日経２２５","東ETF","69620.0","+1,830.0(+2.70%)","2.70","308,408","3.29","5.59","36.59","4.82","26.89","2.96","85.46"
"2526","ＮＺＡＭ　ＪＰＸ日経４００","東ETF","37780.0","+50.0(+0.13%)","0.13","108,625","0.66","1.17","18.92","0.62","15.21","1.25","73.03"
"2527","ＮＺＡＭ東証ＲＥＩＴ　Ｃｏｒｅ","東ETF","1051.0","-7.0(-0.66%)","-0.66","29,756","-0.81","-2.70","1.45","1.33","22.26","-1.91","23.40"
"2528","ｉＦ東証ＲＥＩＴ　Ｃｏｒｅ","東ETF","1029.0","-5.0(-0.48%)","-0.48","1,451","-0.77","-3.22","0.19","0.07","10.84","-1.49","24.44"
"2529","ＮＦ野村株主還元７０連動型","東ETF","2378.0","-12.0(-0.50%)","-0.50","47,732","-0.17","-0.17","16.91","13.50","16.09","-0.15","64.06"
"2530","ＭＸＳ中国上海１８０Ａ株","東ETF","17000.0","+280.0(+1.67%)","1.67","2,581","0.47","-1.13","3.91","0.21","25.69","-0.68","49.50"
"2531","宝ＨＬＤＧ","東P","2628.0","-25.5(-0.96%)","-0.96","1,817,386","-0.39","8.83","92.25","0.87","34.36","1.15","66.90"
"2533","オエノンＨＬＤＧ","東P","483","-4.0(-0.82%)","-0.82","25,886","-0.54","2.26","18.09","0.47","28.95","0.96","67.74"
"253A","ＥＴＳグループ","東S","1025","-8.0(-0.77%)","-0.77","9,157","-1.00","-1.51","5.13","1.25","34.46","-1.58","40.31"
"254A","ＡＩ　フュージョンキャピタルグ","東S","1140","-8.0(-0.70%)","-0.70","5,019","-1.79","-4.75","38.52","0.23","43.26","-2.46","28.57"
"2551","マルサンアイ","名M","3505","-5.0(-0.14%)","-0.14","1,052","-0.17","-1.94","1.45","0.50","7.32","-1.61","22.22"
"2552","上場Ｊリート隔月分配型ミニ","東ETF","1845.0","-12.0(-0.65%)","-0.65","44,038","-0.76","-2.62","0.16","2.90","12.02","-1.76","16.87"
"2553","Ｏｎｅ南方中国Ａ株ＣＳＩ５００","東ETF","2326.5","-13.5(-0.58%)","-0.58","16,409","-0.48","-3.18","5.73","1.53","28.87","-1.36","47.45"
"2554","ＮＦ米国社債１０年ヘッジ","東ETF","723.3","+1.8(+0.25%)","0.25","65","-0.15","-1.56","0.25","0.82","4.81","-1.37","24.60"
"2555","東証ＲＥＩＴ　ＥＴＦ","東ETF","1770.5","-9.5(-0.53%)","-0.53","13,459","-0.77","-2.60","0.14","0.65","13.84","-1.78","25.53"
"2556","Ｏｎｅ東証ＲＥＩＴ","東ETF","1768.5","-13.0(-0.73%)","-0.73","82,452","-1.01","-2.79","0.14","0.25","11.06","-2.23","16.54"
"2557","ＳＭＤＡＭトピックス上場投信","東ETF","4185.0","-10.0(-0.24%)","-0.24","251","0.31","0.94","20.09","0.02","22.32","0.91","68.00"
"2558","ＭＡＸＩＳ米株ＳＰ５００","東ETF","3507.0","+36.0(+1.04%)","1.04","242,096","0.40","1.40","5.32","0.87","10.13","0.91","80.95"
"2559","ＭＡＸＩＳ全世界株式","東ETF","2970.0","+16.0(+0.54%)","0.54","530,761","0.19","0.62","5.02","1.10","10.63","0.44","77.30"
"255A","ジーエルテクノＨＬＤＧ","東S","5490","-50.0(-0.90%)","-0.90","184,815","0.22","5.24","81.49","0.73","59.59","1.59","69.63"
"2561","ｉＳコア日本国債ＥＴＦ","東ETF","1960.0","-7.0(-0.36%)","-0.36","2,296","-0.18","-0.81","0.36","0.04","5.26","-1.59","36.99"
"2562","上場米株ダウ平均為替ヘッジあり","東ETF","3544.0","-36.0(-1.01%)","-1.01","6,155","-0.73","-2.55","12.33","1.47","11.00","-1.77","22.01"
"2563","ｉＳＳＰ５百米株ヘジ","東ETF","405.2","+0.6(+0.15%)","0.15","62,887","-0.01","0.22","20.06","1.18","10.39","0.41","61.29"
"2564","ＧＸスーパーディビ","東ETF","3684.0","+6.0(+0.16%)","0.16","25,160","-0.11","-0.34","14.20","0.49","13.00","-0.30","64.34"
"2565","ＧＸロジＪリート","東ETF","852.0","+0.0(+0.00%)","0.00","2,125","-0.58","-2.26","0.47","0.52","12.23","-1.85","21.88"
"2566","上場日経 ＥＳＧリート","東ETF","972.0","-5.0(-0.51%)","-0.51","36,921","-0.72","-2.85","0.21","0.39","12.77","-1.88","23.08"
"2567","ＮＺＡＭ　カーボン","東ETF","549.9","+4.9(+0.90%)","0.90","11","1.21","1.37","22.75","0.33","25.27","1.08","76.08"
"2568","上場ＮＳＱ１００ヘ無","東ETF","8335.0","+165.0(+2.02%)","2.02","33,275","1.30","4.69","33.19","1.96","19.40","1.95","78.87"
"2569","上場ＮＳＱ１００ヘ有","東ETF","4469.0","+59.0(+1.34%)","1.34","49,617","0.87","3.46","33.09","1.11","19.57","2.15","77.08"
"256A","飛島ＨＬＤＧ","東P","2294","-33.0(-1.42%)","-1.42","291,256","-0.17","2.59","21.63","0.62","21.08","0.92","59.85"
"2573","北海道コカ・コーラボトリング","東S","4135","+5.0(+0.12%)","0.12","11,578","0.17","1.58","8.39","0.97","6.60","1.78","70.00"
"2579","コカ・コーラボトラーズＪＰＨＤ","東P","3889.0","+74.0(+1.94%)","1.94","1,237,411","2.24","1.41","26.51","0.29","43.46","0.69","55.18"
"257A","ＳＭＴ日本株厳選投資アクティブ","東ETF","3447.0","+8.0(+0.23%)","0.23","203","1.07","2.17","26.68","0.38","25.70","1.38","79.02"
"2585","ライフドリンク　カンパニー","東P","1326","-1.0(-0.08%)","-0.08","544,217","1.84","-7.59","42.43","0.58","55.28","-0.98","32.99"
"2586","フルッタフルッタ","東G","59","-2.0(-3.28%)","-3.28","45,927","-2.96","-15.76","1.72","2.59","43.67","-1.70","13.64"
"2587","サントリービバレッジ＆フード","東P","4522.0","+7.0(+0.16%)","0.16","1,528,443","0.24","0.14","10.19","0.35","22.23","0.15","59.13"
"2588","プレミアムウォーターＨＬＤＧ","東S","3605","+55.0(+1.55%)","1.55","5,400","0.22","-2.19","10.08","0.28","21.81","-1.06","42.86"
"258A","ＳＭＴ国内リート厳選アクティブ","東ETF","1972.0","-12.0(-0.60%)","-0.60","85","-0.80","-2.77","0.00","0.78","18.69","-1.99","24.72"
"2590","ダイドーグループＨＬＤＧ","東P","2911","-22.0(-0.75%)","-0.75","104,494","-0.90","-3.03","20.54","0.55","23.85","-1.89","35.02"
"2593","伊藤園","東P","3106.0","+32.0(+1.04%)","1.04","795,020","0.28","-0.62","18.10","0.31","31.10","-0.25","39.22"
"2594","キーコーヒー","東P","1960","-31.0(-1.56%)","-1.56","167,161","-1.04","-2.64","2.83","0.96","8.76","-2.52","25.37"
"2597","ユニカフェ","東S","1318","+8.0(+0.61%)","0.61","6,074","1.14","4.22","31.54","0.42","20.40","1.63","50.00"
"259A","ケイ・ウノ","名N","1654","+22.0(+1.35%)","1.35","1,474","-6.28","-9.51","29.12","0.43","37.25","-1.92","25.93"
"2602","日清オイリオグループ","東P","2013","-1.0(-0.05%)","-0.05","319,071","-1.17","-2.71","18.62","0.57","20.98","-1.85","41.30"
"2607","不二製油","東P","4276.0","+1.0(+0.02%)","0.02","688,717","-1.45","-4.71","40.61","0.60","32.47","-1.70","42.33"
"2612","かどや製油","東S","2854","-4.0(-0.14%)","-0.14","313,997","-0.05","18.13","98.19","0.52","59.14","1.05","88.98"
"2613","Ｊ―オイルミルズ","東P","2230","+3.0(+0.13%)","0.13","65,103","-1.26","-1.77","16.45","0.34","18.47","-1.13","50.94"
"261A","日水コン","東S","2005","-5.0(-0.25%)","-0.25","15,614","0.22","0.69","4.54","0.56","21.99","0.57","51.28"
"2620","ｉＳ米国債 １−３ 年","東ETF","365.0","+2.8(+0.77%)","0.77","3,514","0.43","0.73","3.17","0.54","9.04","0.57","79.31"
"2621","ｉＳ米国債 ２０年超ヘッジ","東ETF","946.0","-8.0(-0.84%)","-0.84","394,591","-1.05","-3.88","0.53","2.14","9.79","-2.34","22.39"
"2622","ｉＳ米ドル建て新興国債ヘッジ","東ETF","1635.0","-9.0(-0.55%)","-0.55","9,870","-0.73","-2.82","0.31","40.51","6.27","-2.28","23.76"
"2623","ｉＳユーロ建て投資社債 ヘッジ","東ETF","1905.0","+5.0(+0.26%)","0.26","4,466","0.21","-0.46","0.47","0.88","3.89","-0.81","42.50"
"2624","ｉＦ日経２２５（年４回決算型）","東ETF","6950.0","+199.0(+2.95%)","2.95","423,689","3.39","5.67","36.30","3.56","24.73","3.10","81.85"
"2625","ｉＦＴＯＰＩＸ（年４回決算型）","東ETF","4168.0","+9.0(+0.22%)","0.22","58,596","0.89","1.45","20.67","0.11","16.97","1.44","72.64"
"2626","ＧＸデジタルイノベーション","東ETF","3391.0","+30.0(+0.89%)","0.89","334","1.20","1.14","31.95","0.13","28.83","0.61","68.05"
"2627","ＧＸｅコマース","東ETF","1554.0","+3.0(+0.19%)","0.19","56","0.00","-1.45","18.99","9.00","22.53","-0.98","50.00"
"2628","ｉＦ中国科創板５０","東ETF","3510.0","-36.0(-1.02%)","-1.02","26,988","-4.42","-7.89","27.40","1.24","47.19","-1.55","46.68"
"2629","ｉＦ中国ＧＢＡ１００","東ETF","3501.0","-68.0(-1.91%)","-1.91","108,802","-11.57","-8.69","4.48","0.89","59.45","-1.01","46.40"
"262A","インターメスティック","東P","1702","+2.0(+0.12%)","0.12","143,678","-0.15","-2.82","3.59","0.44","36.67","-1.04","43.67"
"2630","ＭＡＸＩＳ米株Ｓ＆Ｐ５００","東ETF","16075.0","+0.0(+0.00%)","0.00","11,246","-0.02","0.15","20.14","7.97","10.34","0.30","62.07"
"2631","ＭＡＸＩＳナスダック１００","東ETF","34800.0","+740.0(+2.17%)","2.17","489,404","1.32","4.70","33.36","1.41","19.38","1.94","80.19"
"2632","ＭＡＸＩＳナスダック１００ヘ","東ETF","18625.0","+215.0(+1.17%)","1.17","23,014","0.80","3.48","32.75","2.22","21.27","2.14","72.52"
"2633","ＮＦ　Ｓ＆Ｐ５００ ヘッジなし","東ETF","561.1","+5.2(+0.94%)","0.94","30,830","0.37","1.14","20.67","0.75","11.49","0.72","81.94"
"2634","ＮＦ　Ｓ＆Ｐ５００ ヘッジあり","東ETF","3162.0","+4.0(+0.13%)","0.13","19,157","-0.09","0.08","20.64","2.05","10.53","0.12","64.04"
"2636","ＧＸ ガバナンス・クオリティ","東ETF","4988.0","+48.0(+0.97%)","0.97","183","1.45","2.37","23.53","1.09","20.37","1.49","75.96"
"2637","ＧＸ　クリーンテック","東ETF","2693.0","+40.0(+1.51%)","1.51","7,660","1.77","3.03","37.82","4.54","45.75","1.55","92.09"
"2638","ＧＸ ロボティクス＆ＡＩ","東ETF","2780.0","+30.0(+1.09%)","1.09","58,356","2.32","5.39","27.29","1.03","27.58","2.15","94.12"
"2639","ＧＸ バイオ＆メドテック","東ETF","1728.0","+4.0(+0.23%)","0.23","2,436","0.27","0.52","9.92","13.06","25.68","0.31","49.38"
"2640","ＧＸ ゲーム＆アニメ","東ETF","4297.0","+49.0(+1.15%)","1.15","22,781","1.30","0.76","31.89","0.92","35.37","0.47","62.25"
"2641","ＧＸグローバルリーダーズ","東ETF","4550.0","+24.0(+0.53%)","0.53","4,606","0.74","0.51","14.38","0.54","22.59","0.32","62.13"
"2644","ＧＸ　半導体関連","東ETF","4374.0","+225.0(+5.42%)","5.42","4,102,170","5.97","12.57","66.31","1.29","59.05","3.01","83.27"
"2645","ＧＸ　レジャー＆エンターテイン","東ETF","3058.0","+52.0(+1.73%)","1.73","58","0.43","-0.61","19.36","0.08","19.23","-0.47","55.68"
"2646","ＧＸ　メタルビジネス","東ETF","3803.0","-31.0(-0.81%)","-0.81","4,577","0.50","0.13","35.34","0.70","45.06","0.06","62.26"
"2647","ＮＦ米国債７―１０年ヘッジなし","東ETF","5582.0","+25.0(+0.45%)","0.45","479","0.00","-1.34","1.03","0.24","9.55","-0.64","56.47"
"2648","ＮＦ米国債７―１０年ヘッジあり","東ETF","3186.0","-10.0(-0.31%)","-0.31","92","-0.40","-2.61","0.09","0.42","5.92","-1.63","14.15"
"2649","ｉＳ米国政府系機関ジニ　ヘッジ","東ETF","553.7","-1.6(-0.29%)","-0.29","56","-0.45","-2.80","0.00","0.02","6.49","-1.90","15.95"
"264A","Ｓｃｈｏｏ","東G","294","-1.0(-0.34%)","-0.34","7,970","-2.58","-7.29","21.99","0.64","87.70","-1.48","39.13"
"2652","まんだらけ","東S","414","-5.0(-1.19%)","-1.19","23,405","-0.86","-4.65","30.60","0.41","41.73","-1.53","42.67"
"2653","イオン九州","東S","2781","-6.0(-0.22%)","-0.22","17,531","-0.24","-0.81","1.31","0.29","6.74","-1.32","31.48"
"2654","アスモ","東S","398","-3.0(-0.75%)","-0.75","1,981","-3.68","-7.15","6.13","0.47","21.30","-2.52","18.29"
"2656","ベクターＨＬＤＧ","東S","157","-2.0(-1.26%)","-1.26","7,724","-2.12","-4.45","25.60","1.07","53.49","-0.71","45.16"
"2659","サンエー","東P","3275","+10.0(+0.31%)","0.31","235,853","-0.58","-2.48","13.87","0.35","19.73","-1.81","39.39"
"265A","Ｈｍｃｏｍｍ","東G","768","+8.0(+1.05%)","1.05","11,505","0.55","3.09","32.41","1.50","56.44","0.82","57.45"
"2664","カワチ薬品","東P","3780","+45.0(+1.20%)","1.20","86,060","0.88","1.65","35.48","0.42","23.94","1.18","45.92"
"2666","オートウェーブ","東S","190","+2.0(+1.06%)","1.06","4,382","0.11","1.63","31.94","0.75","25.02","1.10","62.50"
"2667","イメージワン","東S","106","+1.0(+0.95%)","0.95","26,448","0.76","0.30","8.16","0.44","61.75","0.06","30.23"
"2668","タビオ","東S","1275","+2.0(+0.16%)","0.16","1,147","0.03","0.38","5.99","1.29","5.22","1.27","67.57"
"2669","カネ美食品","東S","3930","+20.0(+0.51%)","0.51","2,741","0.28","0.14","17.31","0.24","8.53","0.17","46.43"
"2670","エービーシー・マート","東P","2724.0","-1.5(-0.06%)","-0.06","607,798","-0.04","0.54","14.67","0.31","32.24","0.37","52.32"
"2673","夢みつけ隊","東S","103","+1.0(+0.98%)","0.98","2,048","0.19","-5.71","22.62","0.21","42.77","-1.04","30.00"
"2674","ハードオフコーポレーション","東P","2637","+75.0(+2.93%)","2.93","79,369","1.81","1.05","38.43","0.86","29.11","0.44","58.60"
"2676","高千穂交易","東P","2071","+29.0(+1.42%)","1.42","40,386","0.47","0.01","6.21","0.66","15.81","0.01","53.77"
"2678","アスクル","東P","1240","+13.0(+1.06%)","1.06","137,340","0.94","-1.50","17.98","0.34","23.40","-0.56","40.08"
"2681","セカンドリテイリング","東P","2315","-7.0(-0.30%)","-0.30","139,441","-0.80","-1.46","41.59","0.41","37.84","-0.55","46.39"
"2683","ＵＯＧｒｏｕｐ","東S","993","+1.0(+0.10%)","0.10","397","0.00","-0.39","1.33","0.33","6.15","-0.49","42.86"
"2685","アンドエスティＨＤ","東P","3020","-70.0(-2.27%)","-2.27","993,217","-2.45","-7.03","11.77","1.12","22.82","-1.61","33.03"
"2687","シー・ヴイ・エス・ベイエリア","東S","498","+4.0(+0.81%)","0.81","1,384","0.61","0.52","5.73","2.33","11.64","0.51","46.15"
"2689","オルバディーブイエックスヘルス","東S","1919","-6.0(-0.31%)","-0.31","2,881","-0.23","0.15","7.81","2.50","14.64","0.11","45.26"
"268A","リガク・ＨＬＤＧ","東P","1817","+77.0(+4.43%)","4.43","2,348,350","4.71","10.61","57.73","0.82","74.61","2.62","69.81"
"2693","ＹＫＴ","東S","285","-4.0(-1.38%)","-1.38","11,045","-0.77","0.44","24.45","2.37","51.56","0.22","56.41"
"2694","焼肉坂井ＨＬＤＧ","東S","70","+0.0(+0.00%)","0.00","10,953","-1.13","-2.40","1.45","1.52","13.56","-2.59","25.00"
"2695","くら寿司","東P","1689","-35.0(-2.03%)","-2.03","302,540","-1.10","-1.41","11.56","0.56","20.84","-0.79","41.78"
"2698","キャンドゥ","東S","3285","+10.0(+0.31%)","0.31","8,850","0.09","-1.79","5.63","0.27","16.89","-0.49","38.89"
"269A","Ｓａｐｅｅｔ","東G","3010","-15.0(-0.50%)","-0.50","7,194","0.06","5.51","53.18","0.23","41.46","1.12","57.11"
"2700","木徳神糧","東S","1775","-38.0(-2.10%)","-2.10","7,501","-0.43","0.54","6.99","0.20","24.27","0.24","59.59"
"2702","日本マクドナルドＨＬＤＧ","東S","7550","+0.0(+0.00%)","0.00","2,804,392","0.00","-5.25","20.41","0.62","19.03","-1.73","13.40"
"2705","大戸屋ＨＬＤＧ","東S","8490","+60.0(+0.71%)","0.71","50,165","-1.80","-6.88","43.17","0.22","31.39","-1.44","29.79"
"2708","久世","東S","1880","+0.0(+0.00%)","0.00","752","-0.57","-1.09","8.67","0.40","14.18","-1.67","36.56"
"2721","ジェイＨＬＤＧ","東S","101","+2.0(+2.02%)","2.02","588","0.20","-4.32","2.02","0.18","54.30","-1.30","35.71"
"2722","ＩＫＨＬＤＧ","東S","362","+1.0(+0.28%)","0.28","2,785","0.33","0.48","3.72","1.97","5.44","1.31","54.55"
"2726","パルグループＨＬＤＧ","東P","1423","-8.0(-0.56%)","-0.56","490,606","-0.57","-4.27","8.30","0.33","30.20","-1.72","24.26"
"2730","エディオン","東P","2443","-2.0(-0.08%)","-0.08","439,053","-0.62","-2.17","18.48","0.42","22.64","-1.58","42.48"
"2733","あらた","東P","2585","-21.0(-0.81%)","-0.81","137,001","-2.19","-3.86","9.12","0.41","16.83","-2.55","37.46"
"2734","サーラコーポレーション","東P","1200","-6.0(-0.50%)","-0.50","56,925","-1.25","-1.83","27.25","0.39","16.68","-1.39","51.02"
"2735","ワッツ","東S","729","+3.0(+0.41%)","0.41","16,579","0.72","1.68","23.35","0.80","20.83","0.79","37.97"
"2736","フェスタリアＨＬＤＧ","東S","601","-1.0(-0.17%)","-0.17","3,423","-1.15","-1.94","2.56","0.64","16.49","-0.57","48.39"
"2737","トーメンデバイス","東P","40550","+2,250.0(+5.87%)","5.87","7,280,995","1.02","13.80","283.63","1.50","108.88","1.63","66.67"
"273A","ＳＢＩサウジアラビア株式上場投","東ETF","9360.0","+60.0(+0.65%)","0.65","663","-0.62","-3.70","2.30","0.20","12.47","-1.36","32.46"
"2742","ハローズ","東P","3775","+20.0(+0.53%)","0.53","69,256","-1.00","-4.53","5.45","0.39","25.35","-2.00","33.60"
"2747","北雄ラッキー","東S","3190","-15.0(-0.47%)","-0.47","638","-0.06","1.43","8.39","0.40","11.04","1.45","65.96"
"2749","ＪＰ　ＨＬＤＧ","東P","639","-7.0(-1.08%)","-1.08","110,368","-2.23","-3.26","13.50","0.69","19.77","-2.06","39.81"
"274A","ガーデン","東S","2239","-11.0(-0.49%)","-0.49","6,296","-0.12","-1.43","3.80","0.64","10.77","-0.87","41.80"
"2750","石光商事","東S","1320","-9.0(-0.68%)","-0.68","5,822","-1.62","-2.50","10.74","0.44","16.37","-2.74","32.73"
"2751","テンポスＨＬＤＧ","東S","3685","-5.0(-0.14%)","-0.14","18,783","0.71","-0.25","7.75","0.94","15.02","-0.11","42.62"
"2752","フジオフードグループ本社","東P","1164","+1.0(+0.09%)","0.09","44,475","0.26","1.03","11.39","0.46","19.66","1.44","55.84"
"2753","あみやき亭","東P","1392","+13.0(+0.94%)","0.94","26,443","0.83","-0.05","9.87","0.48","13.32","-0.07","52.81"
"2760","東京エレクトロン　デバイス","東P","4615","+105.0(+2.33%)","2.33","465,176","1.92","9.58","58.05","0.88","52.95","2.03","75.58"
"2762","ＳＡＮＫＯ　ＭＡＲＫＥＴＩＮＧ","東S","68","+0.0(+0.00%)","0.00","2,485","-0.58","-0.82","7.94","0.31","24.38","-0.33","44.44"
"2764","ひらまつ","東S","162","-4.0(-2.41%)","-2.41","21,947","-1.82","-1.10","32.79","1.17","29.95","-0.35","46.88"
"2767","円谷フィールズＨＬＤＧ","東P","2530","+0.0(+0.00%)","0.00","456,889","-0.39","-0.67","91.52","0.46","67.23","-0.29","54.88"
"2768","双日","東P","5587.0","-85.0(-1.50%)","-1.50","5,142,026","-1.29","-2.48","13.49","0.81","28.08","-1.53","41.30"
"2769","ヴィレッジヴァンガードコーポレ","東S","939","+2.0(+0.21%)","0.21","3,474","0.54","1.60","16.36","0.58","9.13","2.00","75.00"
"276A","ククレブ・アドバイザーズ","東G","4315","-55.0(-1.26%)","-1.26","39,070","-0.87","6.92","74.56","0.32","50.84","1.10","56.58"
"2776","新都ＨＬＤＧ","東S","93","-2.0(-2.11%)","-2.11","2,733","-0.85","-6.33","4.49","0.55","36.22","-1.59","30.43"
"2778","パレモＨＬＤＧ","東S","125","+5.0(+4.17%)","4.17","9,769","3.82","7.87","19.05","0.91","24.38","3.25","66.67"
"277A","グロービング","東P","1856","+8.0(+0.43%)","0.43","69,722","-0.15","-0.41","19.59","0.38","49.19","-0.19","43.83"
"2780","コメ兵ＨＬＤＧ","東S","4560","-25.0(-0.55%)","-0.55","220,981","1.11","-3.29","59.55","0.44","39.72","-0.53","40.34"
"2782","セリア","東S","4585","-70.0(-1.50%)","-1.50","701,323","-1.23","-0.65","40.43","0.54","35.08","-0.19","39.88"
"2784","アルフレッサＨＬＤＧ","東P","2270.5","-5.5(-0.24%)","-0.24","454,681","-1.80","-2.14","7.79","0.39","22.33","-1.53","47.72"
"2788","アップルインターナショナル","東S","414","+2.0(+0.49%)","0.49","11,517","0.39","0.95","26.22","1.21","29.88","0.23","64.71"
"278A","Ｔｅｒｒａ　Ｄｒｏｎｅ","東G","9570","-230.0(-2.35%)","-2.35","6,430,380","-1.98","0.01","1.59","0.71","139.86","0.00","44.84"
"2790","ナフコ","東S","2013","-37.0(-1.80%)","-1.80","22,594","-2.86","-4.70","0.45","1.35","20.76","-2.49","30.62"
"2791","大黒天物産","東P","4410","+20.0(+0.46%)","0.46","90,998","-0.92","-3.84","11.22","0.50","29.33","-1.85","23.38"
"2792","ハニーズＨＬＤＧ","東P","1414","+1.0(+0.07%)","0.07","51,578","-0.06","-1.88","7.53","0.22","13.23","-1.49","37.21"
"2796","ファーマライズホールディングス","東S","508","+1.0(+0.20%)","0.20","2,690","0.40","0.60","7.86","0.96","10.28","1.03","54.90"
"2798","ワイズテーブルコーポレーション","東S","3005","+12.0(+0.40%)","0.40","2,100","0.31","-0.00","4.09","0.50","6.74","-0.00","55.22"
"2801","キッコーマン","東P","1663.5","+14.5(+0.88%)","0.88","2,617,907","0.38","-3.70","29.00","0.42","32.88","-0.88","35.67"
"2802","味の素","東P","5230.0","+119.0(+2.33%)","2.33","9,680,997","3.05","1.84","59.94","0.40","34.22","0.50","59.71"
"2804","ブルドックソース","東P","1870","+16.0(+0.86%)","0.86","15,974","0.49","0.38","10.78","0.54","13.70","0.71","51.88"
"2805","エスビー食品","東S","7220","-60.0(-0.82%)","-0.82","346,643","-1.80","-1.56","83.25","0.46","40.60","-0.42","46.59"
"2806","ユタカフーズ","東S","1970","-29.0(-1.45%)","-1.45","2,361","1.17","2.54","9.44","0.28","12.45","1.98","61.06"
"2809","キユーピー","東P","4371.0","-31.0(-0.70%)","-0.70","1,360,390","-0.80","-4.91","12.65","0.58","24.10","-1.72","21.24"
"280A","ＴＭＨ","東G","1122","+26.0(+2.37%)","2.37","16,801","1.91","2.16","39.38","1.09","96.68","0.88","47.81"
"2810","ハウス食品グループ本社","東P","4054.0","+9.0(+0.22%)","0.22","529,655","0.33","3.37","40.96","0.47","25.56","1.31","71.65"
"2811","カゴメ","東P","2651.0","+12.0(+0.45%)","0.45","307,304","-0.38","-2.56","6.36","0.35","23.48","-1.83","37.03"
"2813","和弘食品","東S","3850","+0.0(+0.00%)","0.00","2,310","-0.82","-1.63","22.61","1.00","9.81","-2.41","40.00"
"2814","佐藤食品工業","東S","1792","-26.0(-1.43%)","-1.43","17,751","-3.78","-5.92","2.87","2.27","31.33","-1.53","24.02"
"2815","アリアケジャパン","東P","5070","+10.0(+0.20%)","0.20","202,006","-1.25","-4.56","2.63","0.28","18.11","-1.94","17.31"
"2816","ダイショー","東S","1401","-4.0(-0.28%)","-0.28","7,425","-0.60","-0.99","0.50","1.23","3.36","-3.07","20.69"
"2818","ピエトロ","東S","1751","+0.0(+0.00%)","0.00","2,629","-0.16","-0.59","1.80","0.42","4.73","-1.81","37.21"
"2819","エバラ食品工業","東S","2484","-4.0(-0.16%)","-0.16","24,289","-0.46","-1.37","7.63","1.04","16.10","-0.71","47.22"
"281A","インフォメティス","東G","384","-4.0(-1.03%)","-1.03","6,704","-1.29","-7.26","25.49","0.22","56.11","-1.48","21.88"
"2820","やまみ","東S","6240","-100.0(-1.58%)","-1.58","61,236","-0.92","-0.96","77.78","0.63","37.28","-0.27","38.13"
"282A","ＧＸ　半導体・トップ１０−日本","東ETF","2545.0","+132.0(+5.47%)","5.47","828,889","5.84","11.50","74.91","1.72","64.42","2.97","81.11"
"2831","はごろもフーズ","東S","3690","+0.0(+0.00%)","0.00","8,806","-1.26","0.07","11.65","0.92","11.05","0.07","50.00"
"2836","ＧＸ　フィンテック日本株","東ETF","3279.0","-69.0(-2.06%)","-2.06","272","-0.89","-1.54","20.15","0.57","31.11","-0.77","53.20"
"2837","ＧＸ中小型リーダーズ日本","東ETF","4883.0","+30.0(+0.62%)","0.62","10,360","0.67","0.84","72.06","0.94","40.67","0.62","78.66"
"2838","ＭＸＳ米国債７―１０ヘッジなし","東ETF","8314.0","+35.0(+0.42%)","0.42","249","-0.09","-1.19","0.81","0.01","8.92","-0.67","57.76"
"2839","ＭＸＳ米国債７―１０ヘッジあり","東ETF","4779.0","-19.0(-0.40%)","-0.40","484","-0.28","-2.14","0.00","1.66","5.64","-1.77","20.31"
"283A","ＧＸ　ＵＳテック・配当貴族","東ETF","1324.0","+10.0(+0.76%)","0.76","155","0.53","0.28","20.58","1.41","15.85","0.16","62.60"
"2840","ｉＦｒＥＴＦ　ＮＡＳＤ１００無","東ETF","2800.0","+59.0(+2.15%)","2.15","249,297","1.28","4.62","33.33","1.24","20.10","1.94","81.35"
"2841","ｉＦｒＥＴＦ　ＮＡＳＤ１００有","東ETF","1756.0","+22.0(+1.27%)","1.27","29,248","0.83","3.42","32.93","0.43","19.04","2.20","75.97"
"2842","ｉＦｒＥＴＦ　ＮＡＳＤ１００イ","東ETF","11700.0","-145.0(-1.22%)","-1.22","51,295","-1.20","-3.76","0.00","4.45","19.77","-2.37","21.56"
"2843","上場インファンド豪州国債有","東ETF","3595.0","-23.0(-0.64%)","-0.64","491","-0.19","-0.76","0.28","3.49","5.63","-1.13","49.35"
"2844","上場インファンド豪州国債無","東ETF","5299.0","+12.0(+0.23%)","0.23","28,079","-0.08","-1.98","0.72","0.36","9.73","-1.06","46.89"
"2845","ＮＦ　ＮＳＱ１００有上場投信","東ETF","3677.0","+47.0(+1.29%)","1.29","48,638","0.85","3.43","32.74","9.83","19.39","2.14","75.54"
"2846","ＮＦ　ダウ工業株３０有上場投信","東ETF","2460.0","-25.0(-1.01%)","-1.01","52,226","-0.72","-2.45","12.69","140.82","11.45","-1.74","26.45"
"2847","ＧＸ　新成長インフラ日本株式","東ETF","3054.0","+3.0(+0.10%)","0.10","1,098","0.37","1.01","23.05","21.12","22.85","0.75","77.50"
"2848","ＧＸ　ＭＳＣＩ　気候変動日本株","東ETF","3106.0","+0.0(+0.00%)","0.00","6","0.49","1.51","21.04","0.02","23.24","1.34","73.59"
"2849","ＧＸ　ＭＯＲ高配当ＥＳＧ日本株","東ETF","5456.0","-27.0(-0.49%)","-0.49","114","-0.54","-1.01","9.03","0.78","13.08","-0.82","56.44"
"2851","ｉＳ　ＭＳＣＩ　ジャパンＳＲＩ","東ETF","399.2","+0.0(+0.00%)","0.00","379","0.15","0.22","22.53","0.06","23.48","0.13","56.98"
"2852","ｉＳ　グリーンＪリート　ＥＴＦ","東ETF","166.9","-0.9(-0.54%)","-0.54","4,318","-0.81","-3.24","0.06","24.86","12.05","-1.84","21.57"
"2853","ｉＳ　気候リスク調整世界国債","東ETF","597.5","-1.1(-0.18%)","-0.18","18","-0.16","-1.37","0.23","3.00","6.42","-1.66","23.76"
"2854","ＧＸ　テック・トップ　２０","東ETF","2866.0","+62.0(+2.21%)","2.21","118,604","2.94","4.88","49.82","1.80","34.93","1.98","86.75"
"2855","ＧＸ　グリーン・ＪＲＥＩＴ","東ETF","897.0","-5.0(-0.55%)","-0.55","360","-0.62","-2.56","0.34","10.86","14.19","-1.77","23.68"
"2856","ｉＳ　米国債３―７年ヘッジあり","東ETF","631.3","-1.6(-0.25%)","-0.25","2,419","-0.14","-1.50","0.02","0.44","3.32","-1.66","8.33"
"2857","ｉＳ　ドイツ国債ヘッジあり","東ETF","612.3","+0.9(+0.15%)","0.15","6","0.12","-0.72","0.38","0.25","3.65","-1.08","31.58"
"2858","ＧＸ　日経２２５　カバード・コ","東ETF","1547.0","+7.0(+0.45%)","0.45","221","1.01","2.46","23.76","0.21","21.63","1.76","79.38"
"2859","ＮＦ　ユーロ５０有　連動型投信","東ETF","3139.0","-58.0(-1.81%)","-1.81","3,249","-1.11","-1.47","15.23","0.82","10.72","-1.59","44.86"
"2860","ＮＦ　ドイツＤＡＸ有　連動投信","東ETF","3152.0","-54.0(-1.68%)","-1.68","292","-1.27","-2.56","11.81","0.44","12.43","-2.05","35.03"
"2861","上場インファンドフランス国債無","東ETF","5174.0","-28.0(-0.54%)","-0.54","173","-1.10","-4.07","0.47","0.04","10.04","-1.62","22.48"
"2864","ＧＸ　ロジスティクス・ＲＥＩＴ","東ETF","1270.0","-4.0(-0.31%)","-0.31","29","-0.56","-2.36","4.35","0.00","14.09","-1.04","47.83"
"2865","ＧＸ　ＮＡＳ１００・カバード","東ETF","1301.0","+13.0(+1.01%)","1.01","346,278","0.71","2.37","11.48","1.82","13.19","1.36","90.59"
"2866","ＧＸ　米国優先証券　ＥＴＦ","東ETF","937.0","+4.0(+0.43%)","0.43","30,879","-0.28","-1.78","0.86","0.74","9.45","-0.95","52.63"
"2867","ＧＸ　自動運転＆ＥＶ","東ETF","1657.0","+18.0(+1.10%)","1.10","616","0.15","-1.28","14.67","4.02","28.84","-0.58","51.56"
"2868","ＧＸ　Ｓ＆Ｐ５００・カバード","東ETF","1144.0","+9.0(+0.79%)","0.79","12,767","0.35","1.25","7.42","0.18","8.97","0.83","83.61"
"2869","ダイワＮＡＳＤＡＱ１００　レバ","東ETF","3153.0","+63.0(+2.04%)","2.04","396,106","1.66","7.02","24.09","0.97","37.70","2.20","67.50"
"286A","ユカリア","東G","739","-6.0(-0.81%)","-0.81","2,874","0.03","-6.78","20.55","0.35","25.22","-1.64","22.40"
"2870","ダイワＮＡＳＤＡＱ１００　ダブ","東ETF","6975.0","-160.0(-2.24%)","-2.24","113,551","-1.71","-7.51","0.00","1.33","38.55","-2.15","30.61"
"2871","ニチレイ","東P","2128.0","-2.5(-0.12%)","-0.12","1,105,620","-1.96","-1.75","22.93","0.21","32.45","-1.05","46.26"
"2872","セイヒョー","東S","1906","-5.0(-0.26%)","-0.26","2,480","-0.60","-1.70","0.05","1.00","7.41","-1.19","27.08"
"2874","横浜冷凍","東P","1935","-70.0(-3.49%)","-3.49","712,920","-6.21","-10.48","61.38","2.35","37.13","-3.20","25.69"
"2875","東洋水産","東P","9566.0","-23.0(-0.24%)","-0.24","1,216,571","-0.53","-5.35","1.44","0.31","28.33","-1.50","28.07"
"2876","デルソーレ","東S","476","+7.0(+1.49%)","1.49","1,708","0.89","0.69","11.21","4.50","20.90","0.57","46.03"
"2877","日東ベスト","東S","755","-5.0(-0.66%)","-0.66","151","-0.63","0.37","4.72","1.00","12.44","0.45","53.06"
"287A","黒田グループ","東S","1172","+22.0(+1.91%)","1.91","315,152","0.95","0.93","26.29","0.76","23.65","0.39","61.81"
"2882","イートアンドＨＬＤＧ","東P","2016","+6.0(+0.30%)","0.30","20,444","0.29","-0.35","5.44","0.39","10.24","-0.41","40.38"
"2883","大冷","東S","1972","+2.0(+0.10%)","0.10","3,156","-1.58","-2.82","1.13","0.36","9.52","-2.34","23.13"
"2884","ヨシムラ・フード・ＨＬＤＧ","東P","601","-1.0(-0.17%)","-0.17","79,798","-1.18","-4.04","5.44","1.57","31.78","-1.67","27.40"
"288A","ラクサス・テクノロジーズ","東G","94","-2.0(-2.08%)","-2.08","11,444","0.00","-0.63","8.05","0.81","27.77","-0.28","50.00"
"2892","日本食品化工","東S","4755","+70.0(+1.49%)","1.49","24,508","0.08","2.21","32.82","1.73","22.29","0.94","62.67"
"2894","石井食品","東S","362","-6.0(-1.63%)","-1.63","2,516","-0.44","0.20","13.48","1.15","15.79","0.11","47.50"
"2897","日清食品ＨＬＤＧ","東P","2844.0","-22.0(-0.77%)","-0.77","1,416,173","-1.52","-3.76","12.54","0.39","31.20","-2.20","37.20"
"2901","ウェルディッシュ","東S","136","-3.0(-2.16%)","-2.16","9,436","-4.76","-8.87","6.25","0.28","44.10","-2.15","35.56"
"2902","太陽化学","名M","2745","-44.0(-1.58%)","-1.58","6,310","-0.93","0.40","10.46","1.28","14.46","0.39","54.33"
"2903","シノブフーズ","東S","1501","-4.0(-0.27%)","-0.27","750","-1.61","-6.13","6.91","0.24","26.09","-2.38","34.77"
"2904","一正蒲鉾","東S","753","-2.0(-0.26%)","-0.26","1,356","-0.29","-0.16","1.48","0.75","3.88","-0.76","41.67"
"2907","あじかん","東S","1525","-5.0(-0.33%)","-0.33","1,833","-1.15","-0.77","17.31","0.75","26.13","-1.11","45.37"
"2908","フジッコ","東P","1570","-1.0(-0.06%)","-0.06","34,297","-1.81","-3.11","7.90","0.36","14.40","-2.52","31.43"
"290A","Ｓｙｎｓｐｅｃｔｉｖｅ","東G","1413","+11.0(+0.78%)","0.78","648,820","-0.69","-3.49","41.87","0.71","66.02","-0.91","46.06"
"2910","ロック・フィールド","東P","1391","+15.0(+1.09%)","1.09","63,959","-0.17","-1.24","14.58","0.70","15.10","-0.99","46.27"
"2911","旭松食品","東S","2245","-10.0(-0.44%)","-0.44","1,796","-1.01","-0.65","1.04","2.00","7.41","-1.08","49.66"
"2914","日本たばこ産業","東P","6849.0","-137.0(-1.96%)","-1.96","20,355,239","-0.78","-0.14","25.65","0.64","24.23","-0.08","61.10"
"2915","ケンコーマヨネーズ","東P","1996","+16.0(+0.81%)","0.81","47,467","-0.19","-2.34","6.45","0.59","24.35","-1.37","39.53"
"2916","仙波糖化工業","東S","727","-4.0(-0.55%)","-0.55","364","-0.76","-1.67","3.86","1.25","15.41","-1.83","43.42"
"2917","大森屋","東S","892","+3.0(+0.34%)","0.34","1,336","-0.84","-3.14","0.34","0.23","10.42","-2.36","20.69"
"2918","わらべや日洋ＨＬＤＧ","東P","2687","-15.0(-0.56%)","-0.56","134,474","-0.69","-2.70","6.04","0.43","17.00","-1.40","38.38"
"291A","リスキル","東G","2045","+30.0(+1.49%)","1.49","1,836","0.68","1.80","25.00","1.80","31.42","1.54","57.09"
"2922","なとり","東P","1985","+8.0(+0.40%)","0.40","11,836","-0.22","-0.46","7.41","0.34","12.33","-0.56","48.59"
"2923","サトウ食品","東S","7100","-200.0(-2.74%)","-2.74","42,956","-2.10","-6.99","7.41","2.40","34.42","-1.54","30.23"
"2924","イフジ産業","東S","1891","-12.0(-0.63%)","-0.63","2,657","-1.36","-1.54","6.06","0.74","16.11","-2.19","40.71"
"2926","篠崎屋","東S","111","-5.0(-4.31%)","-4.31","19,626","-5.45","-10.51","21.98","1.98","37.53","-2.94","28.57"
"2927","ＡＦＣ―ＨＤアムスライフ","東S","846","-5.0(-0.59%)","-0.59","4,417","-0.28","-2.02","4.44","0.33","12.01","-1.07","28.57"
"2928","ＲＩＺＡＰグループ","札A","174","+2.0(+1.16%)","1.16","24,964","0.46","0.46","5.45","0.72","16.80","0.32","53.33"
"2929","ファーマフーズ","東P","713","+0.0(+0.00%)","0.00","65,954","0.56","7.96","38.99","0.39","35.59","1.01","75.00"
"2930","北の達人","東P","134","+3.0(+2.29%)","2.29","38,314","0.90","1.89","19.64","0.80","31.41","1.19","57.14"
"2931","ユーグレナ","東P","342","-1.0(-0.29%)","-0.29","236,529","-1.21","-2.03","7.55","1.25","26.03","-1.35","44.68"
"2932","ＳＴＩフードＨＬＤＧ","東S","1112","+1.0(+0.09%)","0.09","7,311","0.69","0.34","11.20","0.50","14.01","0.45","52.63"
"2933","紀文食品","東P","1093","-5.0(-0.46%)","-0.46","36,538","-1.03","-2.90","7.90","0.54","11.58","-2.52","21.31"
"2934","ジェイフロンティア","東G","2020","-4.0(-0.20%)","-0.20","3,026","-0.08","0.55","68.90","1.00","27.00","0.65","56.30"
"2935","ピックルスＨＬＤＧ","東P","1180","-5.0(-0.42%)","-0.42","37,668","-1.44","-1.86","10.59","0.78","13.91","-2.05","39.42"
"2936","ベースフード","東G","272","-3.0(-1.09%)","-1.09","6,021","-0.58","-0.90","6.67","0.94","26.65","-0.71","48.57"
"2937","サンクゼール","東G","1735","+5.0(+0.29%)","0.29","2,600","-1.08","-1.27","5.15","0.28","10.54","-1.42","39.42"
"2938","オカムラ食品工業","東S","1259","+1.0(+0.08%)","0.08","47,905","-0.79","-1.27","20.94","0.54","21.89","-0.96","53.67"
"295A","ＯｎｅＦＴＳＥサウジアラビアイ","東ETF","9465.0","-102.0(-1.07%)","-1.07","125","-1.85","-3.78","4.18","0.22","18.05","-1.55","29.71"
"2961","日本調理機","東S","1440","-44.0(-2.96%)","-2.96","1,161","-3.87","-5.50","2.56","2.00","47.46","-1.34","39.71"
"296A","令和アカウンティング・ＨＬＤＧ","東G","1145","-30.0(-2.55%)","-2.55","51,021","-2.20","-1.04","81.46","1.91","57.86","-0.32","51.46"
"2970","ＧＬＣ　ＧＲＯＵＰ","東S","1175","+0.0(+0.00%)","0.00","4,828","2.01","6.95","50.06","0.36","23.22","2.38","73.46"
"2971","エスコンジャパンリート投資法人","東REIT","104000","-900.0(-0.86%)","-0.86","174,503","-1.16","-3.24","0.10","1.14","14.77","-1.77","33.33"
"2972","サンケイリアルエステート投資","東REIT","125000","+0.0(+0.00%)","0.00","769,930","2.90","14.34","22.19","1.29","36.42","2.16","88.30"
"2974","大英産業","福","880","-8.0(-0.90%)","-0.90","705","-1.63","-2.95","5.01","0.67","15.86","-2.30","40.68"
"2975","スター・マイカ・ＨＬＤＧ","東P","1329","-68.0(-4.87%)","-4.87","1,295,030","-4.00","-8.69","6.32","2.36","29.60","-1.50","33.66"
"2976","日本グランデ","札A","667","-7.0(-1.04%)","-1.04","133","-0.74","-3.16","0.91","0.40","27.09","-1.81","38.05"
"2978","ツクルバ","東G","309","-6.0(-1.90%)","-1.90","6,935","-1.65","-7.18","1.64","2.14","21.37","-2.10","21.05"
"2979","ＳＯＳｉＬＡ 物流リート投資","東REIT","98900","-500.0(-0.50%)","-0.50","84,168","-0.14","-1.48","1.02","0.29","16.41","-0.99","48.35"
"297A","アルピコＨＬＤＧ","東S","210","-1.0(-0.47%)","-0.47","1,774","-0.38","-1.22","1.94","1.08","10.44","-1.88","33.33"
"2980","ＳＲＥ　ＨＬＤＧ","東P","2338","+40.0(+1.74%)","1.74","229,967","1.22","-0.63","6.32","0.70","37.96","-0.20","50.14"
"2981","ランディックス","東G","2196","-59.0(-2.62%)","-2.62","9,170","-3.57","-2.13","19.09","0.59","19.24","-0.85","43.33"
"2982","ＡＤワークスグループ","東P","413","-4.0(-0.96%)","-0.96","111,029","-1.62","-3.28","11.62","1.92","23.30","-1.78","40.00"
"2983","アールプランナー","東G","1603","-16.0(-0.99%)","-0.99","41,525","-1.64","-5.11","20.80","0.59","39.15","-1.61","31.52"
"2984","ヤマイチエステート","東S","806","-3.0(-0.37%)","-0.37","2,343","1.51","4.77","21.20","0.19","18.02","2.25","78.00"
"2986","ＬＡ　ＨＬＤＧ","東G","2874","-35.0(-1.20%)","-1.20","285,237","-1.01","0.60","9.61","0.81","29.32","0.32","59.22"
"2989","東海道リート投資法人","東REIT","89200","-1,500.0(-1.65%)","-1.65","530,823","-2.00","-5.89","0.22","1.58","14.37","-2.09","23.08"
"298A","ＧＶＡ　ＴＥＣＨ","東G","317","-10.0(-3.06%)","-3.06","2,265","-3.59","-5.88","19.17","2.45","49.64","-1.24","18.82"
"2991","ランドネット","東S","526","+0.0(+0.00%)","0.00","1,374","-0.90","-1.42","5.20","0.29","22.80","-0.60","48.10"
"2997","ストレージ王","東G","1322","+0.0(+0.00%)","0.00","529","0.02","-0.06","50.06","0.57","49.61","-0.83","25.00"
"2998","クリアル","東G","491","-16.0(-3.16%)","-3.16","38,214","-2.70","-8.63","18.31","0.76","39.12","-2.00","25.85"
"2999","ホームポジション","東S","524","+1.0(+0.19%)","0.19","2,096","0.77","-1.02","19.91","0.24","33.30","-0.16","56.16"
"299A","クラシル","東G","1210","+4.0(+0.33%)","0.33","47,004","1.05","-4.02","34.44","0.39","44.96","-0.96","35.16"
"3001","片倉工業","東S","3030","-5.0(-0.16%)","-0.16","30,158","-1.24","1.11","30.32","0.27","26.44","0.49","60.40"
"3002","グンゼ","東P","4080","+30.0(+0.74%)","0.74","285,195","0.22","-0.52","15.09","0.36","14.31","-0.35","53.75"
"3003","ヒューリック","東P","1725.0","-1.5(-0.09%)","-0.09","1,235,171","0.02","-1.74","6.45","0.25","23.58","-1.10","44.41"
"3004","神栄","東S","2040","+4.0(+0.20%)","0.20","1,024","0.02","-1.59","1.34","0.03","22.01","-1.49","34.97"
"300A","ＭＩＣ","東S","2889","-93.0(-3.12%)","-3.12","83,925","-4.47","-9.29","15.19","1.53","25.82","-2.58","21.86"
"3010","ポラリス・ＨＬＤＧ","東S","190","-1.0(-0.52%)","-0.52","4,991","-0.21","-0.06","18.01","0.28","15.06","-0.08","58.33"
"3011","バナーズ","東S","142","+0.0(+0.00%)","0.00","1,528","0.00","-0.78","5.97","2.92","12.83","-0.60","42.86"
"3020","アプライド","東S","4980","-5.0(-0.10%)","-0.10","5,469","0.97","7.85","34.59","0.58","19.89","1.60","73.12"
"3021","パシフィックネット","東S","1635","-3.0(-0.18%)","-0.18","6,515","0.06","1.77","7.14","1.00","33.60","1.19","60.10"
"3023","ラサ商事","東S","2081","-10.0(-0.48%)","-0.48","38,578","-0.38","0.95","24.24","0.74","22.26","0.54","63.98"
"3024","クリエイト","東S","1202","-31.0(-2.51%)","-2.51","1,947","-1.49","1.06","22.65","2.67","21.89","0.49","56.98"
"3028","アルペン","東P","2376","+41.0(+1.76%)","1.76","135,130","1.37","1.82","28.36","0.72","18.61","1.37","67.00"
"302A","ビースタイルＨＬＤＧ","東G","620","+15.0(+2.48%)","2.48","3,453","4.31","2.55","25.25","2.43","37.45","0.77","48.39"
"3030","ハブ","東S","887","-4.0(-0.45%)","-0.45","3,457","0.09","2.69","13.14","0.65","12.77","1.82","69.86"
"3031","ラクーンＨＬＤＧ","東P","707","-10.0(-1.39%)","-1.39","54,310","0.83","4.72","28.55","0.56","22.26","1.71","66.39"
"3032","ゴルフ・ドゥ","名N","211","-4.0(-1.86%)","-1.86","2,900","-4.44","-10.47","7.65","0.88","61.11","-2.57","24.59"
"3034","クオールＨＬＤＧ","東P","2380","-9.0(-0.38%)","-0.38","116,636","-0.75","0.81","41.58","0.44","44.40","0.18","59.72"
"3035","ケイティケイ","東S","787","+7.0(+0.90%)","0.90","4,727","0.54","1.91","22.97","2.07","20.76","1.60","62.90"
"3036","アルコニックス","東P","3470","+40.0(+1.17%)","1.17","218,627","1.28","2.64","56.10","0.39","54.72","1.18","58.14"
"3038","神戸物産","東P","3019.0","-3.0(-0.10%)","-0.10","3,589,843","1.29","1.36","19.99","0.35","32.13","0.36","44.21"
"303A","ｖｉｓｕｍｏ","東G","608","+0.0(+0.00%)","0.00","671","-0.52","2.61","12.80","0.23","27.27","1.05","60.95"
"3040","ソリトンシステムズ","東P","2622","-12.0(-0.46%)","-0.46","194,115","-1.44","7.90","58.91","0.81","42.56","1.33","69.73"
"3041","ビューティカダンＨＬＤＧ","東S","404","+2.0(+0.50%)","0.50","524","0.45","-0.51","1.00","0.25","12.02","-0.51","41.67"
"3042","セキュアヴェイル","東S","344","+46.0(+15.44%)","15.44","556,595","12.42","14.18","27.41","82.24","36.93","4.24","73.33"
"3046","ジンズＨＬＤＧ","東P","5690","-50.0(-0.87%)","-0.87","636,977","-1.08","-2.36","15.65","0.69","60.94","-0.69","50.57"
"3047","ＴＲＵＣＫ―ＯＮＥ","福Q","820","-16.0(-1.91%)","-1.91","3,285","-3.03","-14.34","67.69","1.00","77.53","-1.59","10.04"
"3048","ビックカメラ","東P","1671.0","-7.0(-0.42%)","-0.42","514,438","-1.33","-3.95","5.63","0.45","21.00","-1.73","39.70"
"304A","フォルシア","東G","2142","-8.0(-0.37%)","-0.37","2,577","1.34","7.54","27.80","0.23","31.80","2.22","85.82"
"3050","ＤＣＭ　ＨＬＤＧ","東P","1526","-11.0(-0.72%)","-0.72","331,984","-2.78","-4.18","8.69","0.24","19.50","-2.96","32.99"
"3053","ペッパーフードサービス","東S","200","-3.0(-1.48%)","-1.48","30,933","-0.70","-1.56","20.48","1.00","27.23","-0.96","41.67"
"3054","ハイパー","東S","381","-4.0(-1.04%)","-1.04","5,127","0.16","2.83","67.11","0.89","76.74","1.13","61.54"
"3055","ＴＳＵＭＵＧＵ　ＨＬＤＧ","札","960","+15.0(+1.59%)","1.59","288","2.35","4.06","12.15","0.75","17.53","2.54","94.64"
"3058","三洋堂ＨＬＤＧ","東S","711","+2.0(+0.28%)","0.28","356","-0.03","0.08","7.56","0.50","8.94","0.11","58.54"
"3059","ヒラキ","東S","709","-1.0(-0.14%)","-0.14","1,490","-0.03","-0.12","1.43","1.17","3.82","-0.59","52.38"
"3063","ジェイグループＨＬＤＧ","東G","1150","+18.0(+1.59%)","1.59","13,984","0.40","-0.07","51.12","0.68","20.94","-0.03","50.00"
"3064","ＭｏｎｏｔａＲＯ","東P","1962.5","+10.5(+0.54%)","0.54","1,390,453","0.86","2.15","16.50","0.46","33.17","0.96","49.95"
"3065","ライフフーズ","東S","1590","+1.0(+0.06%)","0.06","636","0.14","-0.14","0.57","0.27","3.83","-0.22","55.17"
"3066","ＪＢイレブン","名M","622","+5.0(+0.81%)","0.81","3,093","-1.86","-3.51","3.67","0.52","13.99","-2.20","31.82"
"3067","東京一番フーズ","東S","458","+1.0(+0.22%)","0.22","2,230","-0.43","-1.23","5.05","0.34","9.03","-1.35","38.24"
"3068","ＷＤＩ","東S","3105","+10.0(+0.32%)","0.32","3,409","0.65","1.68","9.25","0.46","5.91","2.57","67.74"
"3069","ＪＦＬＡ　ＨＬＤＧ","東S","160","+1.0(+0.63%)","0.63","10,127","0.38","-3.43","11.11","0.73","19.25","-1.59","30.00"
"3070","ジェリービーンズグループ","東G","43","-1.0(-2.27%)","-2.27","17,310","-2.71","-27.32","2.38","0.40","72.74","-1.54","18.42"
"3071","ストリーム","東S","102","+0.0(+0.00%)","0.00","817","-0.20","-1.24","6.25","0.11","19.43","-0.60","62.50"
"3075","銚子丸","東S","1694","-9.0(-0.53%)","-0.53","4,077","-0.33","1.20","8.94","0.33","14.44","0.67","60.67"
"3076","あいＨＬＤＧ","東P","3015","+43.0(+1.45%)","1.45","128,413","0.76","1.04","15.30","0.36","18.25","1.44","55.80"
"3077","ホリイフードサービス","東S","1493","+18.0(+1.22%)","1.22","38,306","4.03","15.93","221.77","1.35","45.58","1.97","73.91"
"3080","ジェーソン","東S","837","-2.0(-0.24%)","-0.24","2,940","-0.02","2.36","14.66","0.45","11.40","1.61","77.08"
"3082","きちりＨＬＤＧ","東S","990","+0.0(+0.00%)","0.00","2,078","0.39","0.86","7.61","0.30","7.23","1.93","64.86"
"3083","スターシーズ","東S","1054","-14.0(-1.31%)","-1.31","302,622","-4.37","-11.09","50.57","1.31","53.53","-1.66","20.92"
"3086","Ｊ．フロント　リテイリング","東P","2643.5","-4.5(-0.17%)","-0.17","1,236,193","-0.96","-4.21","26.97","0.41","34.58","-0.67","54.57"
"3087","ドトール・日レスＨＬＤＧ","東P","3230","+15.0(+0.47%)","0.47","154,850","0.75","-2.16","25.98","0.32","22.58","-0.93","37.70"
"3088","マツキヨココカラ＆カンパニー","東P","2457.5","+21.5(+0.88%)","0.88","1,306,124","-0.35","-3.34","13.17","0.31","26.41","-1.52","35.28"
"3089","テクノアルファ","東S","1004","-102.0(-9.22%)","-9.22","54,480","-6.76","-7.05","2.14","1.93","27.78","-2.63","33.00"
"3091","ブロンコビリー","東P","2886","+27.0(+0.94%)","0.94","96,670","1.47","2.27","34.48","0.39","28.12","1.55","56.98"
"3092","ＺＯＺＯ","東P","1106.0","+29.5(+2.74%)","2.74","1,649,469","-0.08","-2.43","13.49","0.41","26.96","-1.20","43.98"
"3093","トレジャー・ファクトリー","東P","1986","+29.0(+1.48%)","1.48","128,224","1.58","1.85","23.58","0.60","31.38","0.38","72.97"
"3096","オーシャンシステム","東S","1547","-31.0(-1.96%)","-1.96","8,562","-1.95","-3.53","4.39","0.98","13.08","-3.33","27.86"
"3097","物語コーポレーション","東P","5510","+20.0(+0.36%)","0.36","730,037","2.45","-0.85","35.38","0.59","31.38","-0.23","33.33"
"3099","三越伊勢丹ＨＬＤＧ","東P","1645.0","+21.5(+1.32%)","1.32","2,349,531","0.04","-0.46","3.72","0.40","29.69","-0.10","70.19"
"3101","東洋紡","東P","1666","-5.0(-0.30%)","-0.30","258,937","0.31","0.93","33.39","0.47","43.45","0.45","65.23"
"3104","フジボウＨＬＤＧ","東P","3450","+70.0(+2.07%)","2.07","435,497","2.71","3.42","10.05","0.39","50.48","1.35","66.35"
"3105","日清紡ＨＬＤＧ","東P","2647.0","+4.0(+0.15%)","0.15","1,178,882","1.30","13.13","102.06","0.51","48.85","1.89","86.86"
"3106","倉敷紡績","東P","2379","+27.0(+1.15%)","1.15","335,818","1.41","6.85","4.85","0.50","39.37","1.95","77.08"
"3107","ダイワボウＨＬＤＧ","東P","3709.0","-11.0(-0.30%)","-0.30","309,219","-0.77","-0.90","30.60","0.31","24.46","-0.80","52.64"
"3109","シキボウ","東P","1041","-1.0(-0.10%)","-0.10","33,457","-0.97","-1.99","5.47","0.62","11.35","-1.16","47.89"
"3110","日東紡績","東P","3355","+145.0(+4.52%)","4.52","11,852,618","6.95","10.96","33.13","0.80","86.35","2.67","66.85"
"3111","オーミケンシ","東S","171","+1.0(+0.59%)","0.59","205","-0.47","-4.26","8.23","0.28","25.22","-1.25","39.29"
"3113","ＵＮＩＶＡ・ＯａｋＨＬＤＧ","東S","83","-1.0(-1.19%)","-1.19","6,863","0.00","0.34","33.87","0.64","29.75","0.19","50.00"
"3116","トヨタ紡織","東P","2181.5","-14.0(-0.64%)","-0.64","450,017","-1.10","-2.78","3.63","0.34","30.35","-1.54","47.02"
"3121","マーチャント・バンカーズ","東S","254","+4.0(+1.60%)","1.60","8,307","0.79","-2.55","28.28","1.84","33.78","-0.74","50.67"
"3123","サイボー","東S","653","+7.0(+1.08%)","1.08","2,204","0.74","0.36","9.02","1.55","13.30","0.75","47.06"
"3131","シンデン・ハイテックス","東S","8130","+170.0(+2.14%)","2.14","243,543","2.01","20.81","212.09","0.93","82.88","1.96","83.91"
"3132","マクニカＨＬＤＧ","東P","4196.0","-36.0(-0.85%)","-0.85","2,794,181","-1.01","10.20","89.35","0.65","61.97","1.37","87.66"
"3133","海帆","東G","43","-3.0(-6.52%)","-6.52","29,461","-5.29","-27.41","2.38","0.86","142.93","-1.75","19.35"
"3134","Ｈａｍｅｅ","東S","302","+2.0(+0.67%)","0.67","4,057","0.67","-0.04","20.80","0.40","24.83","-0.01","47.46"
"3135","マーケットエンタープライズ","東S","1169","+7.0(+0.60%)","0.60","4,646","-0.46","0.09","27.34","0.24","26.38","0.06","50.58"
"3137","ファンデリー","東S","218","-1.0(-0.46%)","-0.46","1,787","1.02","2.97","17.84","1.19","23.56","1.10","68.42"
"3138","富士山マガジンサービス","東S","1197","+27.0(+2.31%)","2.31","5,605","2.34","4.88","40.00","1.34","20.67","3.04","74.44"
"3139","ラクト・ジャパン","東P","3440","+10.0(+0.29%)","0.29","29,817","-0.26","0.13","12.23","0.41","15.52","0.17","55.00"
"313A","ｉＳ　Ｓ＆Ｐ５００トップ２０","東ETF","273.9","+4.0(+1.48%)","1.48","3,503","0.54","3.92","26.22","0.60","15.46","1.81","76.87"
"3140","ＢＲＵＮＯ","東G","1021","+1.0(+0.10%)","0.10","4,489","0.18","0.27","2.30","1.13","5.18","1.29","61.11"
"3143","オーウイル","東S","1049","+7.0(+0.67%)","0.67","76,743","12.53","39.46","66.51","0.79","48.26","2.82","93.21"
"3148","クリエイトＳＤ　ＨＬＤＧ","東P","3270","+15.0(+0.46%)","0.46","183,441","-0.27","-2.48","5.14","0.49","19.32","-1.50","30.99"
"314A","ｉＳ　ゴールド","東ETF","313.2","+2.9(+0.93%)","0.93","531,423","-0.04","-3.77","4.92","0.54","23.53","-1.02","43.52"
"3150","グリムス","東P","2386","-7.0(-0.29%)","-0.29","99,891","-0.41","-2.02","3.51","0.99","20.35","-1.16","43.50"
"3151","バイタルケーエスケーＨＬＤＧ","東P","1567","+10.0(+0.64%)","0.64","39,736","-0.65","-3.29","16.07","0.27","19.90","-1.35","44.74"
"3153","八洲電機","東P","3150","+65.0(+2.11%)","2.11","130,330","0.38","2.48","19.23","0.76","37.34","0.79","58.17"
"3154","メディアスＨＬＤＧ","東P","798","+7.0(+0.88%)","0.88","14,247","0.63","1.02","5.14","1.24","17.57","0.59","58.18"
"3156","レスター","東P","6180","+90.0(+1.48%)","1.48","204,936","-0.10","12.06","139.53","0.29","61.41","1.53","77.61"
"3157","ジオリーブグループ","東S","1443","-17.0(-1.16%)","-1.16","2,469","-0.95","-0.17","8.09","1.55","19.27","-0.17","54.84"
"3159","丸善ＣＨＩ　ＨＬＤＧ","東S","379","-3.0(-0.79%)","-0.79","16,624","-0.37","-3.58","15.20","1.86","25.65","-1.18","28.57"
"315A","ＧＸ　銀行高配当日本株式ＥＴＦ","東ETF","1955.0","-56.0(-2.78%)","-2.78","719,057","-1.06","-0.38","42.49","3.62","28.55","-0.33","48.81"
"3160","大光","東S","584","+3.0(+0.52%)","0.52","3,619","0.86","0.63","5.23","0.38","10.19","0.95","54.55"
"3161","アゼアス","東S","671","-1.0(-0.15%)","-0.15","940","-0.30","0.12","8.58","0.25","11.18","0.17","58.82"
"3166","ＯＣＨＩ　ＨＬＤＧ","東S","1448","+3.0(+0.21%)","0.21","3,192","0.10","-0.95","7.26","0.73","8.46","-1.16","33.33"
"3167","ＴＯＫＡＩ　ＨＬＤＧ","東P","1332","+7.0(+0.53%)","0.53","358,633","-0.88","-0.26","25.54","0.76","25.95","-0.11","50.72"
"3168","ＭＥＲＦ","東S","1289","+1.0(+0.08%)","0.08","55,825","1.45","-1.92","97.40","1.25","56.49","-0.36","50.62"
"3169","ミサワ","東S","692","-3.0(-0.43%)","-0.43","1,667","-0.14","1.66","10.72","0.69","8.96","1.29","62.96"
"316A","ｉＦｒｅｅＥＴＦ　ＦＡＮＧ＋","東ETF","2813.0","+44.0(+1.59%)","1.59","391,678","0.80","3.60","45.22","1.18","22.03","1.62","75.90"
"3172","ティーライフ","東S","1132","+3.0(+0.27%)","0.27","1,696","0.28","0.77","1.98","1.15","8.21","2.61","77.27"
"3173","Ｃｏｍｉｎｉｘ","東S","1479","-5.0(-0.34%)","-0.34","2,818","0.28","0.50","69.03","0.37","55.72","0.13","54.55"
"3174","ハピネス・アンド・ディ","東S","344","-17.0(-4.71%)","-4.71","14,509","-6.01","-12.08","0.00","0.58","20.63","-3.24","1.75"
"3175","エー・ピーＨＬＤＧ","東S","933","-2.0(-0.21%)","-0.21","5,974","-2.00","-3.10","4.25","0.45","12.55","-1.70","23.81"
"3176","三洋貿易","東P","1178","+17.0(+1.46%)","1.46","270,182","1.59","1.85","52.59","0.74","40.98","0.86","62.60"
"3177","ありがとうサービス","東S","5000","-60.0(-1.19%)","-1.19","8,075","0.50","11.50","55.28","0.21","36.26","1.86","86.04"
"3178","チムニー","東S","1145","+6.0(+0.53%)","0.53","7,763","-1.14","-4.44","10.41","0.53","13.49","-2.26","21.57"
"3179","シュッピン","東P","1274","-55.0(-4.14%)","-4.14","452,822","-3.19","3.96","31.07","0.93","39.74","0.84","70.00"
"3180","ビューティガレージ","東P","1629","+0.0(+0.00%)","0.00","29,045","0.07","1.46","31.58","1.03","25.95","0.60","50.66"
"3181","買取王国","東S","1060","+1.0(+0.09%)","0.09","212","0.49","0.03","26.95","0.12","25.89","0.02","55.00"
"3182","オイシックス","東P","1641","-23.0(-1.38%)","-1.38","92,439","0.34","-0.52","27.11","0.54","26.60","-0.17","53.45"
"3183","ウイン・パートナーズ","東P","1254","-3.0(-0.24%)","-0.24","13,236","-0.59","-0.78","6.72","0.48","17.27","-0.95","50.53"
"3185","夢展望","東G","109","-3.0(-2.68%)","-2.68","10,253","-1.80","-16.97","6.86","0.71","66.06","-1.35","26.19"
"3186","ネクステージ","東P","2781","-54.0(-1.90%)","-1.90","1,284,125","-1.68","-9.23","3.73","0.84","38.73","-1.34","22.38"
"3187","ミラタップ","東G","408","+6.0(+1.49%)","1.49","11,181","0.29","6.54","83.78","1.18","64.62","1.08","66.67"
"3189","ＡＮＡＰ　ＨＬＤＧ","東S","99","-7.0(-6.60%)","-6.60","49,562","-6.25","-10.97","4.21","29.15","106.55","-1.19","44.68"
"318A","ＶＩＸ短期先物指数ＥＴＦ","東ETF","342.1","+4.8(+1.42%)","1.42","188,488","0.11","-2.22","1.51","0.37","39.92","-0.86","24.22"
"3190","ホットマン","東S","567","-2.0(-0.35%)","-0.35","455","-1.43","-2.65","0.89","0.53","13.05","-2.83","20.59"
"3191","ジョイフル本田","東P","2267","+7.0(+0.31%)","0.31","190,785","-0.47","0.37","11.62","0.66","25.88","0.31","54.62"
"3192","白鳩","東S","234","-1.0(-0.43%)","-0.43","3,180","-4.02","-14.03","0.43","0.25","41.97","-2.01","16.18"
"3193","エターナルホスピタリティグルー","東P","1297","-7.0(-0.54%)","-0.54","71,336","-0.14","-5.34","2.94","0.51","27.54","-1.16","22.93"
"3195","ジェネレーションパス","東S","446","-13.0(-2.83%)","-2.83","24,112","-1.02","-25.29","13.49","1.63","66.22","-1.28","7.95"
"3196","ホットランドＨＬＤＧ","東P","1677","+14.0(+0.84%)","0.84","81,043","0.85","1.86","7.85","0.66","15.13","1.80","55.03"
"3197","すかいらーくＨＬＤＧ","東P","3181.0","+11.0(+0.35%)","0.35","1,212,870","0.62","-3.59","21.39","0.32","29.32","-1.36","22.78"
"3199","綿半ＨＬＤＧ","東P","1286","-2.0(-0.16%)","-0.16","27,570","-0.42","-2.43","1.18","0.33","13.73","-1.70","27.38"
"319A","技術承継機構","東G","21370","-1,150.0(-5.11%)","-5.11","840,571","-1.71","4.07","139.31","0.82","75.38","0.82","48.54"
"3201","日本毛織","東P","1946","-7.0(-0.36%)","-0.36","43,848","-1.45","-1.67","17.80","0.27","20.08","-1.93","42.64"
"3202","ダイトウボウ","東S","130","+0.0(+0.00%)","0.00","1,723","0.00","0.25","14.04","0.16","14.02","0.33","50.00"
"3204","トーア紡コーポレーション","東S","505","-1.0(-0.20%)","-0.20","1,818","-0.24","0.61","8.14","0.51","15.44","1.01","65.52"
"3205","ダイドーリミテッド","東S","744","-3.0(-0.40%)","-0.40","51,141","0.19","0.67","12.73","1.17","16.60","0.55","56.96"
"3221","ヨシックスＨＬＤＧ","東P","3020","-35.0(-1.15%)","-1.15","45,331","-2.20","-6.23","2.58","0.35","18.80","-2.26","21.25"
"3222","ユナイテッド・スーパーマーケッ","東S","816","+8.0(+0.99%)","0.99","132,918","0.10","-2.26","5.84","0.28","20.44","-1.25","34.00"
"3223","エスエルディー","東S","984","-1.0(-0.10%)","-0.10","197","-0.40","1.88","13.23","0.40","12.91","1.02","63.75"
"3224","ゼネラル・オイスター","東G","660","+2.0(+0.30%)","0.30","395","-1.11","-4.11","0.61","0.25","15.22","-2.28","18.03"
"3226","三井不動産アコモデーションファ","東REIT","113500","-400.0(-0.35%)","-0.35","433,520","-0.68","-3.12","0.44","0.55","15.01","-1.57","36.04"
"3231","野村不動産ＨＬＤＧ","東P","875.2","-5.4(-0.61%)","-0.61","1,989,356","-1.48","-4.41","0.68","0.34","21.53","-2.11","34.64"
"3232","三重交通グループＨＬＤＧ","東P","559","-6.0(-1.06%)","-1.06","80,455","-3.62","-6.63","11.58","0.59","21.60","-2.58","34.07"
"3234","森ヒルズリート投資法人","東REIT","119900","-800.0(-0.66%)","-0.66","337,051","-0.88","-4.14","0.17","0.70","13.07","-1.76","27.10"
"3236","プロパスト","東S","279","-3.0(-1.06%)","-1.06","15,057","-0.78","-2.12","7.72","1.41","27.19","-0.96","41.18"
"3237","イントランス","東G","88","-1.0(-1.12%)","-1.12","5,134","-2.00","-7.21","66.04","0.54","45.77","-2.05","25.00"
"3238","セントラル総合開発","東S","381","+1.0(+0.26%)","0.26","8,017","-0.16","-0.83","13.06","1.26","18.20","-1.25","37.50"
"323A","フライヤー","東G","387","+7.0(+1.84%)","1.84","693","1.36","2.59","12.17","0.18","38.51","1.35","64.00"
"3241","ウィル","東S","596","-5.0(-0.83%)","-0.83","539","-0.47","-0.16","8.36","0.20","13.49","-0.12","45.61"
"3242","アーバネットコーポレーション","東S","540","+0.0(+0.00%)","0.00","41,198","1.05","2.42","12.03","0.96","11.49","2.26","80.00"
"3245","ディア・ライフ","東P","976","+13.0(+1.35%)","1.35","339,093","-1.39","-10.32","3.72","0.47","25.77","-1.90","26.94"
"3246","コーセーアールイー","東S","696","+4.0(+0.58%)","0.58","1,736","0.64","0.97","13.17","0.30","11.54","1.26","62.50"
"3248","アールエイジ","東S","887","-3.0(-0.34%)","-0.34","4,711","-0.34","-0.26","8.04","1.08","11.08","-0.53","47.73"
"3249","産業ファンド投資法人","東REIT","131000","-1,200.0(-0.91%)","-0.91","503,463","-1.30","-3.44","0.31","0.41","14.43","-2.51","29.81"
"324A","ブッキングリゾート","東G","730","-1.0(-0.14%)","-0.14","4,282","-0.68","0.18","14.60","1.05","25.73","0.09","52.55"
"3252","地主","東P","2764","+0.0(+0.00%)","0.00","216,277","0.07","-3.10","2.29","0.52","19.09","-0.99","40.52"
"325A","ＴＥＮＴＩＡＬ","東G","2027","+67.0(+3.42%)","3.42","569,740","3.30","10.15","58.98","1.26","59.42","2.12","66.31"
"3261","グランディーズ","東G","450","+2.0(+0.45%)","0.45","851","0.99","5.88","19.68","0.29","14.46","2.06","70.91"
"3266","ファンドクリエーショングループ","東S","80","-1.0(-1.23%)","-1.23","384","-0.25","0.25","3.90","0.24","18.83","0.25","50.00"
"3267","フィル・カンパニー","東S","650","+2.0(+0.31%)","0.31","6,217","2.62","2.24","9.61","0.48","36.03","1.11","53.64"
"3269","アドバンス・レジデンス投資法人","東REIT","138100","-1,000.0(-0.72%)","-0.72","507,566","-1.54","-3.68","0.07","0.32","13.07","-2.23","33.77"
"3276","ＪＰＭＣ","東P","2268","+1.0(+0.04%)","0.04","279,130","0.08","0.46","81.44","3.88","49.23","0.49","65.71"
"3277","サンセイランディック","東S","837","+1.0(+0.12%)","0.12","2,935","0.38","2.02","34.78","0.34","47.57","1.43","58.18"
"3279","アクティビア・プロパテ投資法人","東REIT","127500","+0.0(+0.00%)","0.00","270,931","-0.73","-3.76","0.31","0.49","13.17","-1.55","26.32"
"3280","エストラスト","東S","937","-2.0(-0.21%)","-0.21","1,220","-0.34","0.02","6.12","0.81","19.20","0.04","52.94"
"3281","ＧＬＰ投資法人","東REIT","131300","+0.0(+0.00%)","0.00","455,395","-0.55","-2.04","2.82","0.26","16.83","-1.24","44.32"
"3282","コンフォリア・レジデン投資法人","東REIT","93200","-1,100.0(-1.17%)","-1.17","216,737","-1.35","-4.35","0.00","0.39","14.58","-2.16","25.33"
"3283","日本プロロジスリート投資法人","東REIT","82400","-400.0(-0.48%)","-0.48","655,989","-1.08","-2.95","0.61","0.40","16.22","-1.82","42.19"
"3284","フージャースＨＬＤＧ","東P","1222","-9.0(-0.73%)","-0.73","164,993","-2.47","-5.20","8.53","0.74","19.48","-2.05","36.49"
"3286","トラストＨＬＤＧ","東S","879","+2.0(+0.23%)","0.23","790","-0.07","-0.90","3.29","0.31","12.21","-1.08","39.58"
"3287","星野リゾート・リート投資法人","東REIT","232600","+1,400.0(+0.61%)","0.61","162,868","-0.39","-2.28","2.33","0.51","15.66","-1.35","39.58"
"3288","オープンハウスグループ","東P","7442.0","+5.0(+0.07%)","0.07","1,294,713","-0.77","-3.19","1.95","0.53","25.29","-1.28","44.41"
"3289","東急不動産ＨＬＤＧ","東P","1230.5","-2.0(-0.16%)","-0.16","1,809,049","-1.45","-5.13","0.98","0.42","21.83","-1.94","31.52"
"328A","ＧＸ　プライシングパワー・リー","東ETF","1325.0","-6.0(-0.45%)","-0.45","124","-0.15","-2.06","5.08","0.08","22.10","-1.45","41.41"
"3290","Ｏｎｅリート投資法人","東REIT","75400","-200.0(-0.26%)","-0.26","47,407","0.48","0.29","4.00","0.23","15.41","0.18","62.07"
"3291","飯田グループＨＬＤＧ","東P","2174.0","+5.5(+0.25%)","0.25","514,274","-1.39","-4.67","7.92","0.35","21.50","-1.62","38.26"
"3292","イオンリート投資法人","東REIT","109700","-1,000.0(-0.90%)","-0.90","340,682","-1.33","-4.82","0.18","0.52","13.67","-1.77","27.50"
"3293","アズマハウス","東S","754","-3.0(-0.40%)","-0.40","2,191","-0.82","-1.87","0.53","0.74","5.59","-2.15","24.14"
"3295","ヒューリックリート投資法人","東REIT","143500","-800.0(-0.55%)","-0.55","378,594","-0.84","-3.37","0.42","0.64","12.67","-1.65","26.58"
"3296","日本リート投資法人","東REIT","78200","-800.0(-1.01%)","-1.01","163,755","-1.49","-3.55","0.00","0.30","12.44","-2.36","26.32"
"3297","東武住販","東S","1198","-6.0(-0.50%)","-0.50","1,439","0.15","1.42","13.23","1.00","7.97","1.79","64.81"
"3299","ムゲンエステート","東S","1691","-39.0(-2.25%)","-2.25","194,446","-1.80","-1.39","4.32","1.88","29.76","-1.41","49.35"
"3300","アンビション　ＤＸ　ＨＬＤＧ","東G","1855","-17.0(-0.91%)","-0.91","57,923","-0.79","-0.64","3.34","1.22","33.21","-0.26","60.68"
"3302","帝国繊維","東P","3020","-45.0(-1.47%)","-1.47","80,994","-2.01","-3.50","12.86","0.47","26.97","-0.89","48.57"
"3306","ＳＥＩＭＡＨＬＤＧ","東S","767","-3.0(-0.39%)","-0.39","14,338","-1.16","9.89","35.27","0.37","57.15","1.09","60.99"
"3309","積水ハウス・リート投資法人","東REIT","69100","-500.0(-0.72%)","-0.72","507,851","-0.86","-3.94","0.29","0.46","12.04","-1.83","22.92"
"330A","ＴａｌｅｎｔＸ","東G","546","-2.0(-0.36%)","-0.36","6,362","1.04","0.78","46.38","1.67","54.15","0.20","46.90"
"3315","日本コークス工業","東P","96","-1.0(-1.03%)","-1.03","592,321","-0.41","-4.38","6.67","1.13","36.91","-1.65","38.89"
"3317","フライングガーデン","東S","1497","-3.0(-0.20%)","-0.20","750","0.16","0.92","19.86","0.17","15.06","1.20","56.60"
"331A","メディックス","東S","479","+4.0(+0.84%)","0.84","2,712","-0.46","-1.42","4.13","1.63","11.00","-1.89","34.62"
"3320","クロスプラス","東S","1305","+4.0(+0.31%)","0.31","4,971","0.17","-0.28","6.01","1.27","14.62","-0.34","55.07"
"3321","ミタチ産業","東S","1932","+18.0(+0.94%)","0.94","99,343","2.02","11.27","28.37","1.17","43.55","2.11","87.03"
"3323","レカム","東S","94","+1.0(+1.08%)","1.08","4,290","1.08","0.47","36.23","0.30","58.28","0.27","53.85"
"3326","ランシステム","東S","652","-7.0(-1.06%)","-1.06","1,443","-2.13","-1.01","13.39","0.31","14.68","-0.60","50.62"
"3329","東和フードサービス","東S","2139","+3.0(+0.14%)","0.14","14,517","-0.02","0.01","7.38","0.62","3.72","0.04","46.34"
"332A","ミーク","東G","1215","-7.0(-0.57%)","-0.57","50,001","-2.21","5.20","30.65","0.77","31.30","1.01","64.26"
"3333","あさひ","東P","1278","+5.0(+0.39%)","0.39","142,848","-0.22","-2.01","4.41","0.53","16.90","-1.14","45.59"
"3346","ヒロタグループＨＬＤＧ","名N","75","-2.0(-2.60%)","-2.60","1,418","-2.60","-6.67","0.00","2.27","21.10","-2.47","29.41"
"3349","コスモス薬品","東P","6231.0","+78.0(+1.27%)","1.27","1,601,667","0.43","-4.24","10.97","0.88","36.09","-1.50","30.24"
"334A","ビジュアル・プロセッシング・ジ","東G","1209","+9.0(+0.75%)","0.75","4,811","1.05","10.32","43.08","1.33","38.83","1.90","85.97"
"3350","メタプラネット","東S","301","+15.0(+5.24%)","5.24","3,686,873","4.37","7.22","56.77","0.60","101.28","0.66","70.80"
"3352","バッファロー","東S","1780","-13.0(-0.73%)","-0.73","894","-0.87","-0.90","13.23","5.00","19.89","-1.01","46.75"
"3353","メディカル一光グループ","東S","2805","+0.0(+0.00%)","0.00","281","0.30","-0.18","5.45","0.07","9.67","-0.16","51.28"
"3355","クリヤマＨＬＤＧ","東S","1812","-41.0(-2.21%)","-2.21","43,740","-1.21","-0.11","19.21","4.57","24.82","-0.05","60.92"
"3358","Ｔｒａｉｌｈｅａｄ　Ｇｌｏｂａ","東S","93","-1.0(-1.06%)","-1.06","2,292","-0.43","-2.52","13.41","0.26","31.35","-1.01","42.11"
"3359","ｃｏｔｔａ","東G","502","-3.0(-0.59%)","-0.59","13,010","-0.48","-3.52","7.96","0.67","18.05","-2.02","21.74"
"335A","ミライロ","東G","315","+0.0(+0.00%)","0.00","1,582","-0.57","-4.75","1.29","0.34","55.73","-1.05","35.29"
"3360","シップヘルスケアＨＬＤＧ","東P","2463.5","+15.5(+0.63%)","0.63","171,870","0.43","1.91","27.12","0.27","22.35","1.23","63.84"
"3361","トーエル","東S","905","-5.0(-0.55%)","-0.55","2,987","-0.20","0.86","9.83","0.46","12.38","0.89","54.81"
"336A","ダイナミックマッププラットフォ","東G","1636","+50.0(+3.15%)","3.15","19,082,793","13.63","22.59","198.54","1.66","124.68","1.34","61.42"
"3370","フジタコーポレーション","東S","478","+0.0(+0.00%)","0.00","668","0.29","0.37","46.63","0.36","21.26","0.21","42.67"
"3371","ソフトクリエイトＨＬＤＧ","東P","2190","+12.0(+0.55%)","0.55","78,042","0.33","2.66","39.58","0.49","31.05","0.95","79.85"
"3372","関門海","東S","215","+0.0(+0.00%)","0.00","2,302","-1.10","-2.20","2.38","0.58","7.76","-2.95","30.77"
"3374","内外テック","東S","5040","+125.0(+2.54%)","2.54","296,839","5.77","19.17","128.88","1.05","69.20","2.54","80.35"
"3375","ＺＯＡ","東S","1750","-9.0(-0.51%)","-0.51","1,405","-0.93","-1.38","9.44","0.31","30.95","-1.00","38.24"
"3377","バイク王＆カンパニー","東S","413","+14.0(+3.51%)","3.51","97,145","3.82","5.79","15.36","5.61","14.64","3.21","76.09"
"3382","セブン＆アイＨＬＤＧ","東P","2000.5","-3.0(-0.15%)","-0.15","7,364,379","0.16","-1.20","10.46","0.40","24.77","-1.12","37.28"
"3386","コスモ・バイオ","東S","1274","+0.0(+0.00%)","0.00","3,708","0.95","1.76","6.43","0.45","13.93","2.56","65.12"
"3387","クリエイト・レストランツＨＬＤ","東P","779","+11.0(+1.43%)","1.43","335,945","1.46","1.54","13.72","0.46","23.14","1.34","52.17"
"3388","明治電機工業","東P","2115","-1.0(-0.05%)","-0.05","23,964","-0.47","0.01","7.85","0.58","23.59","0.01","64.29"
"338A","ＺｅｎｍｕＴｅｃｈ","東G","3950","+640.0(+19.34%)","19.34","7,856,866","22.29","42.17","108.99","3.09","95.47","2.44","73.01"
"3391","ツルハＨＬＤＧ","東P","2109.5","-6.5(-0.31%)","-0.31","1,628,279","-0.97","-6.51","11.67","0.46","29.87","-1.66","16.59"
"3392","デリカフーズＨＬＤＧ","東S","752","+3.0(+0.40%)","0.40","18,593","-1.16","-5.53","1.08","0.39","18.46","-2.10","5.88"
"3393","スターティアＨＬＤＧ","東P","3165","+15.0(+0.48%)","0.48","46,716","0.00","2.52","22.25","0.54","16.13","0.94","65.59"
"3395","サンマルクＨＬＤＧ","東P","2477","+23.0(+0.94%)","0.94","131,463","-0.25","-0.27","8.17","0.54","19.79","-0.22","53.70"
"3396","フェリシモ","東S","847","-12.0(-1.40%)","-1.40","13,372","-1.24","-2.19","3.42","5.89","8.15","-2.52","32.00"
"3397","トリドールＨＬＤＧ","東P","4166.0","+46.0(+1.12%)","1.12","792,774","-0.72","-2.99","19.30","0.50","28.63","-1.67","41.20"
"3399","丸千代山岡家","東S","3835","+55.0(+1.46%)","1.46","106,731","1.00","-1.67","32.24","0.59","37.93","-0.44","38.14"
"339A","プログレス・テクノロジーズ","東G","942","-4.0(-0.42%)","-0.42","5,078","0.83","2.53","11.74","0.86","36.09","1.57","68.93"
"3401","帝人","東P","1668.5","-21.5(-1.27%)","-1.27","474,888","-0.87","-2.23","24.47","0.37","28.65","-0.82","58.20"
"3402","東レ","東P","1237.0","-23.5(-1.86%)","-1.86","3,686,140","-0.93","-1.48","20.51","0.45","33.40","-0.79","57.36"
"3405","クラレ","東P","1799.5","-8.0(-0.44%)","-0.44","756,111","0.03","-0.60","15.72","0.27","26.08","-0.29","57.87"
"3407","旭化成","東P","1645.0","-12.5(-0.75%)","-0.75","2,354,405","0.29","1.86","16.25","0.27","31.24","0.84","66.30"
"3409","北紡","東S","78","+1.0(+1.30%)","1.30","947","-0.26","-10.55","11.43","0.38","38.03","-1.69","22.22"
"340A","ジグザグ","東G","334","+1.0(+0.30%)","0.30","3,534","2.20","3.07","11.71","1.02","42.80","1.53","61.29"
"3415","ＴＯＫＹＯ　ＢＡＳＥ","東P","357","+1.0(+0.28%)","0.28","75,958","0.90","-0.28","10.19","0.34","37.91","-0.10","52.17"
"3416","ピクスタ","東S","900","+0.0(+0.00%)","0.00","90","0.81","-0.24","15.09","0.03","19.83","-0.13","43.80"
"3417","大木ヘルスケアＨＬＤＧ","東S","999","-5.0(-0.50%)","-0.50","1,586","0.12","-1.65","1.42","0.33","22.29","-0.88","39.68"
"3418","バルニバービ","東G","1056","+4.0(+0.38%)","0.38","3,691","0.55","0.45","2.92","0.16","17.73","1.03","58.70"
"3419","アートグリーン","名N","1980","+13.0(+0.66%)","0.66","1,976","0.33","0.02","9.27","0.45","7.34","0.03","45.71"
"341A","トヨコー","東G","2213","-55.0(-2.43%)","-2.43","46,285","-3.61","0.88","17.21","1.40","33.73","0.16","48.80"
"3420","ケー・エフ・シー","東S","1560","-20.0(-1.27%)","-1.27","20,471","-0.83","-0.95","4.77","7.76","22.32","-0.96","40.66"
"3421","稲葉製作所","東S","1608","-8.0(-0.50%)","-0.50","24,107","-0.61","-4.39","1.71","0.53","18.15","-1.28","19.90"
"3422","Ｊ−ＭＡＸ","東S","667","-2.0(-0.30%)","-0.30","15,389","1.86","7.52","69.72","0.27","58.15","2.14","73.77"
"3423","エスイー","東S","266","+0.0(+0.00%)","0.00","716","0.00","-2.25","1.92","0.22","16.29","-1.57","36.00"
"3426","アトムリビンテック","東S","1305","+0.0(+0.00%)","0.00","2,745","0.26","0.54","2.11","1.24","5.73","1.13","54.24"
"3431","宮地エンジニアリンググループ","東P","1510","-10.0(-0.66%)","-0.66","98,496","-0.94","-4.08","5.67","0.98","13.77","-1.69","30.77"
"3433","トーカロ","東P","2945","+47.0(+1.62%)","1.62","290,329","1.43","5.17","33.74","0.49","41.59","2.16","75.61"
"3434","アルファＣｏ","東S","1225","-9.0(-0.73%)","-0.73","5,154","-1.15","-1.56","3.20","0.60","7.86","-3.26","32.08"
"3435","サンコーテクノ","東S","1496","+15.0(+1.01%)","1.01","1,486","-0.27","-0.92","14.99","0.32","15.37","-0.48","38.98"
"3436","ＳＵＭＣＯ","東P","3448.0","+132.0(+3.98%)","3.98","32,439,704","8.15","8.75","140.45","0.64","94.75","1.42","64.16"
"3439","三ツ知","東S","684","+5.0(+0.74%)","0.74","2,804","0.77","0.94","10.68","1.32","13.43","1.44","68.57"
"343A","ＩＡＣＥトラベル","東S","1290","+3.0(+0.23%)","0.23","4,259","-0.62","-1.29","15.08","0.73","19.68","-1.58","41.90"
"3440","日創グループ","東S","860","-6.0(-0.69%)","-0.69","4,131","-0.60","-2.03","1.18","0.84","27.49","-0.60","48.48"
"3441","山王","東S","1761","+39.0(+2.26%)","2.26","76,508","0.24","-26.35","59.95","0.86","79.16","-1.34","12.33"
"3442","ＭＩＥコーポレーション","名M","1750","-7.0(-0.40%)","-0.40","877","-0.88","-3.59","17.06","0.29","51.47","-1.08","40.11"
"3443","川田テクノロジーズ","東P","1376","+1.0(+0.07%)","0.07","181,753","-0.58","-0.79","21.88","0.75","25.06","-0.46","55.60"
"3444","菊池製作所","東S","1096","+4.0(+0.37%)","0.37","239,638","0.62","2.82","58.38","1.14","63.73","0.55","56.29"
"3445","ＲＳ　Ｔｅｃｈｎｏｌｏｇｉｅｓ","東P","6330","+110.0(+1.77%)","1.77","689,020","3.33","10.64","85.36","0.53","84.47","2.27","74.39"
"3446","ジェイテックコーポレーション","東S","1586","+22.0(+1.41%)","1.41","16,597","0.83","-0.05","32.28","2.47","59.58","-0.02","38.99"
"3447","信和","東S","968","+3.0(+0.31%)","0.31","16,266","-1.69","-4.14","12.04","0.29","18.00","-2.20","37.00"
"3449","テクノフレックス","東S","4490","+110.0(+2.51%)","2.51","350,373","2.75","10.11","124.61","0.85","96.27","1.80","69.23"
"3451","トーセイ・リート投資法人","東REIT","127800","-300.0(-0.23%)","-0.23","70,547","-0.62","-1.08","1.67","0.59","11.30","-0.81","58.11"
"3452","ビーロット","東S","1448","-7.0(-0.48%)","-0.48","56,484","0.21","-0.85","8.87","0.64","18.48","-0.49","49.36"
"3454","ファーストブラザーズ","東S","1272","+2.0(+0.16%)","0.16","2,172","0.32","0.29","11.78","0.28","11.77","0.28","65.71"
"3455","ヘルスケア＆メディカル投資法人","東REIT","94400","-900.0(-0.94%)","-0.94","310,101","-0.94","-1.79","0.43","1.12","16.57","-1.75","43.04"
"3457","Ａｎｄ　ＤｏＨＬＤＧ","東P","874","-5.0(-0.57%)","-0.57","251,913","-2.30","-5.08","0.34","0.76","17.55","-2.78","24.24"
"3459","サムティ・レジデンシャル投資","東REIT","83400","-800.0(-0.95%)","-0.95","217,716","-1.33","-5.11","0.48","0.97","15.64","-1.85","21.52"
"345A","高配当成長日本株ＥＴＮ","東ETF","15335.0","-245.0(-1.57%)","-1.57","123","-1.08","-2.06","15.56","0.01","17.42","-1.66","44.58"
"3461","パルマ","東S","561","-16.0(-2.77%)","-2.77","6,768","-6.56","-9.07","7.06","0.89","25.00","-3.08","26.77"
"3462","野村不動産マスターファンド","東REIT","138700","-700.0(-0.50%)","-0.50","352,781","-0.89","-3.84","0.14","0.23","13.29","-1.61","28.95"
"3463","いちごホテルリート投資法人","東REIT","107200","-800.0(-0.74%)","-0.74","29,683","-0.15","-2.65","1.52","0.60","16.39","-1.52","30.85"
"3465","ケイアイスター不動産","東P","3125","-25.0(-0.79%)","-0.79","186,209","-2.04","-6.96","3.31","0.41","30.26","-1.06","38.94"
"3466","ラサールロジポート投資法人","東REIT","145500","+1,200.0(+0.83%)","0.83","670,915","0.46","0.87","4.75","0.64","18.95","0.51","57.21"
"3467","アグレ都市デザイン","東S","2794","-26.0(-0.92%)","-0.92","9,511","-0.90","-1.67","24.90","0.63","25.76","-0.49","53.42"
"3468","スターアジア不動産投資法人","東REIT","54200","-300.0(-0.55%)","-0.55","258,057","-0.26","1.10","4.03","0.42","15.51","0.76","67.31"
"3469","デュアルタップ","東S","888","+2.0(+0.23%)","0.23","1,331","-0.02","-0.24","3.98","0.94","8.52","-0.34","44.07"
"346A","ＮＦ　Ｓ＆Ｐ　５００半導体指数","東ETF","5331.0","+141.0(+2.72%)","2.72","96,773","2.33","8.17","66.28","4.77","40.13","2.26","71.98"
"3470","マリモ地方創生リート投資法人","東REIT","95800","-1,100.0(-1.14%)","-1.14","142,512","-1.38","-3.04","0.10","1.02","11.41","-1.65","38.10"
"3471","三井不動産ロジスティクスパーク","東REIT","99600","-100.0(-0.10%)","-0.10","415,298","-0.30","-3.21","0.71","0.45","14.15","-1.54","29.51"
"3472","日本ホテル＆レジデンシャル投資","東REIT","66800","+0.0(+0.00%)","0.00","36,495","-0.09","0.34","7.22","0.80","13.76","0.31","60.87"
"3474","Ｇ―ＦＡＣＴＯＲＹ","東G","595","-3.0(-0.50%)","-0.50","1,255","-0.10","-0.49","13.12","1.00","11.24","-0.48","33.33"
"3475","グッドコムアセット","東P","1481","+5.0(+0.34%)","0.34","136,742","-0.38","-1.05","20.41","0.35","20.96","-0.33","57.14"
"3476","投資法人みらい","東REIT","40150","-250.0(-0.62%)","-0.62","197,329","-1.18","-2.54","0.25","0.27","11.77","-2.57","34.55"
"3477","フォーライフ","東S","901","+3.0(+0.33%)","0.33","1,348","-0.35","0.15","20.13","0.10","15.34","0.12","50.00"
"3479","ＴＫＰ","東G","1855","-31.0(-1.64%)","-1.64","93,908","-1.28","-1.48","27.32","1.43","25.19","-1.54","46.76"
"3481","三菱地所物流リート投資法人","東REIT","110400","-400.0(-0.36%)","-0.36","222,008","-0.83","-2.83","0.27","0.40","13.68","-1.25","38.57"
"3482","ロードスターキャピタル","東P","2537","-23.0(-0.90%)","-0.90","213,898","-1.03","-1.27","3.64","0.85","25.03","-0.66","52.48"
"3484","イノベーションＨＬＤＧ","東S","1231","-14.0(-1.12%)","-1.12","3,481","-0.34","4.77","19.51","0.82","19.23","1.15","67.29"
"3486","グローバル・リンク・マネジメン","東P","1999","-16.0(-0.79%)","-0.79","178,818","-0.80","0.74","19.27","0.85","21.19","0.40","62.05"
"3487","ＣＲＥロジスティクスファンド","東REIT","133600","-1,000.0(-0.74%)","-0.74","94,480","-1.11","-1.62","0.38","0.41","14.25","-2.23","42.42"
"3488","セントラル・リート投資法人","東REIT","105000","+400.0(+0.38%)","0.38","348,765","-0.08","0.84","2.74","2.00","9.94","0.69","72.00"
"3489","フェイスネットワーク","東S","769","+3.0(+0.39%)","0.39","21,814","0.08","-4.91","13.25","0.25","20.88","-1.05","34.78"
"348A","ＭＸＳ読売３３３日本株上場投信","東ETF","301.3","+0.3(+0.10%)","0.10","4,007","0.50","0.80","20.52","0.67","18.51","0.67","63.57"
"3490","アズ企画設計","東S","3095","+30.0(+0.98%)","0.98","1,538","0.65","0.74","13.33","0.50","20.00","0.35","56.00"
"3491","ＧＡ　ｔｅｃｈｎｏｌｏｇｉｅｓ","東G","1272","-35.0(-2.68%)","-2.68","216,508","-0.70","-12.01","4.78","0.51","46.35","-1.43","25.32"
"3492","ＭＩＲＡＲＴＨ不動産投資法人","東REIT","77900","-600.0(-0.76%)","-0.76","409,775","-0.81","-1.78","0.26","0.65","16.63","-1.11","45.16"
"3494","マリオン","東S","414","-4.0(-0.96%)","-0.96","2,704","-4.52","-7.15","30.60","0.56","39.62","-2.55","21.62"
"3495","香陵住販","東S","2279","-1.0(-0.04%)","-0.04","912","-0.50","-0.66","1.74","2.00","14.55","-0.63","49.84"
"3496","アズーム","東P","4790","+100.0(+2.13%)","2.13","156,247","0.57","-0.52","22.35","0.46","25.63","-0.28","53.53"
"3498","霞ヶ関キャピタル","東P","7600","-160.0(-2.06%)","-2.06","967,550","-0.26","1.67","37.93","0.56","39.45","0.49","56.25"
"349A","ＳＭＤＡＭＡｃｔｉｖｅグロース","東ETF","825.8","-5.2(-0.63%)","-0.63","41","0.30","-0.12","28.43","0.09","24.17","-0.05","68.48"
"3501","ＳＵＭＩＮＯＥ","東P","1170","-13.0(-1.10%)","-1.10","6,331","-1.07","-0.86","12.39","0.35","12.53","-0.82","53.10"
"3504","丸八ＨＬＤＧ","名M","1408","+28.0(+2.03%)","2.03","12,329","1.48","1.80","32.96","29.00","18.23","1.38","62.39"
"350A","デジタルグリッド","東G","678","+0.0(+0.00%)","0.00","153,596","0.06","-9.47","3.35","0.58","50.24","-1.22","23.38"
"3512","日本フエルト","東S","1020","-19.0(-1.83%)","-1.83","5,950","-0.97","-1.30","35.82","1.41","37.00","-0.74","53.92"
"3513","イチカワ","東S","3645","-20.0(-0.55%)","-0.55","3,279","-0.30","4.10","34.50","0.53","34.82","0.72","59.61"
"3521","テルマー湯ＨＬＤＧ","東S","158","+0.0(+0.00%)","0.00","2,055","0.25","0.84","12.06","1.31","9.27","1.50","60.00"
"3524","日東製網","東S","1478","-2.0(-0.14%)","-0.14","2,368","-0.20","-0.38","5.57","0.94","7.26","-1.42","34.48"
"3529","アツギ","東S","1040","-29.0(-2.71%)","-2.71","52,704","-3.45","-0.07","28.55","0.60","41.15","-0.02","57.61"
"352A","ＬＯＩＶＥ","東G","536","+1.0(+0.19%)","0.19","697","0.37","-0.44","24.65","1.00","34.72","-0.52","47.46"
"3536","アクサスＨＬＤＧ","東S","128","+0.0(+0.00%)","0.00","192","0.63","0.16","1.59","0.28","9.70","0.16","55.56"
"3537","昭栄薬品","東S","1732","-10.0(-0.57%)","-0.57","3,984","-1.85","-1.06","13.20","0.45","18.95","-0.65","46.10"
"3538","ウイルプラスＨＬＤＧ","東S","1020","-20.0(-1.92%)","-1.92","5,025","-1.22","-0.15","16.17","0.84","18.68","-0.12","55.20"
"3539","ＪＭ　ＨＬＤＧ","東P","1470","+9.0(+0.62%)","0.62","82,419","0.82","2.55","23.74","0.34","29.29","0.71","70.88"
"3542","ベガコーポレーション","東G","1551","-10.0(-0.64%)","-0.64","3,568","0.03","2.88","30.34","0.25","43.34","1.14","49.55"
"3543","コメダＨＬＤＧ","東P","2832","+15.0(+0.53%)","0.53","191,945","0.00","-2.02","5.99","0.26","14.14","-1.13","38.27"
"3544","サツドラＨＬＤＧ","東S","1248","+0.0(+0.00%)","0.00","10,231","0.05","-0.04","57.18","1.64","7.51","-0.49","44.44"
"3547","ユニシアＨＬＤＧ","東S","1968","+22.0(+1.13%)","1.13","47,734","0.87","3.63","36.67","0.76","31.08","2.02","63.67"
"3548","バロックジャパンリミテッド","東P","636","-15.0(-2.30%)","-2.30","145,898","-2.96","-7.45","0.00","1.37","11.07","-1.89","9.72"
"3549","クスリのアオキＨＬＤＧ","東S","3736.0","+51.0(+1.38%)","1.38","1,097,868","-1.32","-7.23","11.49","0.78","33.53","-2.02","28.00"
"354A","ｉＦブルームバーグ日本株５０","東ETF","3310.0","-27.0(-0.81%)","-0.81","921,354","-0.48","-1.30","20.54","8.85","17.43","-1.08","51.02"
"3550","スタジオアタオ","東G","221","+0.0(+0.00%)","0.00","2,620","1.10","2.01","19.46","1.55","21.04","2.69","62.50"
"3551","ダイニック","東S","1550","-15.0(-0.96%)","-0.96","6,670","0.13","-2.35","52.71","0.35","34.80","-1.21","47.59"
"3553","共和レザー","東S","888","-3.0(-0.34%)","-0.34","22,855","-1.49","-3.90","6.86","0.78","16.32","-2.42","30.48"
"3556","リネットジャパングループ","東G","786","-4.0(-0.51%)","-0.51","11,219","-0.78","-2.20","9.47","0.99","25.85","-0.71","41.12"
"3557","ユナイテッド＆コレクティブ","東G","502","+1.0(+0.20%)","0.20","1,103","-0.08","-2.39","0.60","0.42","13.98","-0.91","25.00"
"3558","ジェイドグループ","東G","1865","-5.0(-0.27%)","-0.27","41,033","-0.45","0.84","30.60","0.28","25.87","0.40","55.73"
"3559","ピーバンドットコム","東S","448","-8.0(-1.75%)","-1.75","1,001","-0.75","-1.97","19.47","0.48","28.46","-1.11","39.36"
"3560","ほぼ日","東S","5100","-40.0(-0.78%)","-0.78","4,622","-1.16","11.34","54.31","0.47","40.15","1.38","81.88"
"3561","力の源ＨＬＤＧ","東P","1392","-32.0(-2.25%)","-2.25","189,888","-4.09","-9.00","0.29","1.18","20.68","-1.97","18.10"
"3562","Ｎｏ．１","東S","1581","+0.0(+0.00%)","0.00","13,386","-0.39","0.06","11.26","1.47","10.72","0.08","56.14"
"3563","ＦＯＯＤ　＆　ＬＩＦＥ　ＣＯＭ","東P","5082.0","-51.0(-0.99%)","-0.99","5,936,569","0.63","-6.05","12.56","0.57","37.82","-0.76","29.80"
"3565","アセンテック","東S","501","+8.0(+1.62%)","1.62","193,222","0.04","2.81","45.22","4.16","37.76","0.69","58.49"
"3566","ユニフォームネクスト","東G","718","-6.0(-0.83%)","-0.83","1,007","-0.72","-1.90","10.46","0.39","34.36","-0.51","64.36"
"3569","セーレン","東P","3300","+5.0(+0.15%)","0.15","222,939","-0.03","-1.23","10.92","0.46","27.83","-0.46","54.22"
"356A","ＧＸ　Ｓ＆Ｐ５００キャト１００","東ETF","1579.0","+15.0(+0.96%)","0.96","3,526","0.38","1.62","22.69","1.61","12.57","0.85","81.51"
"3571","ソトー","東S","711","+1.0(+0.14%)","0.14","3,394","-0.20","-1.74","4.87","1.78","8.00","-1.44","36.84"
"3577","東海染工","東S","918","-4.0(-0.43%)","-0.43","184","-0.28","-1.34","2.00","0.50","12.70","-1.09","36.59"
"3580","小松マテーレ","東P","734","-11.0(-1.48%)","-1.48","32,091","-2.08","-3.12","7.78","0.60","17.80","-2.26","43.52"
"3591","ワコールＨＬＤＧ","東P","3683.0","-2.0(-0.05%)","-0.05","410,507","-2.79","-8.95","1.71","0.59","23.73","-2.01","22.25"
"3597","自重堂","東S","9010","+50.0(+0.56%)","0.56","14,438","0.51","-0.06","3.33","1.00","10.63","-0.05","54.55"
"3598","山喜","東S","159","+1.0(+0.63%)","0.63","664","-1.36","-3.43","4.61","0.32","17.25","-2.15","33.33"
"3600","フジックス","東S","1800","+0.0(+0.00%)","0.00","360","0.33","3.14","13.85","2.00","14.80","1.77","100.00"
"3607","クラウディアＨＬＤＧ","東S","360","-2.0(-0.55%)","-0.55","14,313","-2.39","0.08","14.29","0.41","18.23","0.03","58.06"
"3608","ＴＳＩ　ＨＬＤＧ","東P","1205","-3.0(-0.25%)","-0.25","168,074","-1.05","-2.94","18.02","0.48","19.78","-1.69","39.88"
"3611","マツオカコーポレーション","東S","2416","-4.0(-0.17%)","-0.17","33,142","0.28","-0.75","17.91","0.76","21.18","-0.32","50.69"
"3612","ワールド","東P","1561","+0.0(+0.00%)","0.00","233,877","-0.85","-2.89","10.71","0.56","19.13","-1.15","44.24"
"3622","ネットイヤーグループ","東S","494","-2.0(-0.40%)","-0.40","2,381","-0.32","-0.56","3.35","4.00","14.77","-0.79","48.84"
"3623","ビリングシステム","東G","1301","+20.0(+1.56%)","1.56","14,976","1.53","2.50","35.66","1.29","30.92","1.38","56.31"
"3624","アクセルマーク","東G","85","-4.0(-4.49%)","-4.49","77,833","-3.41","-3.06","77.08","3.05","84.59","-0.67","50.00"
"3625","テックファームＨＬＤＧ","東G","731","-8.0(-1.08%)","-1.08","11,316","0.63","8.03","40.58","0.38","49.33","1.86","77.11"
"3626","ＴＩＳＩ","東P","3944.0","+11.0(+0.28%)","0.28","1,048,835","-0.35","-0.20","36.35","0.29","30.19","-0.10","55.76"
"3627","テクミラＨＬＤＧ","東S","272","-2.0(-0.73%)","-0.73","6,667","0.22","1.99","11.93","0.83","20.37","1.66","58.82"
"3628","データホライゾン","東G","715","+22.0(+3.17%)","3.17","1,851","0.82","8.23","69.43","0.14","54.32","1.23","70.21"
"3632","グリーＨＬＤＧ","東P","423","+5.0(+1.20%)","1.20","166,074","0.38","0.72","18.49","0.94","19.15","0.52","61.11"
"3633","ＧＭＯペパボ","東S","2699","+39.0(+1.47%)","1.47","65,315","2.69","4.59","73.46","1.12","49.99","1.68","71.75"
"3634","ソケッツ","東S","598","+3.0(+0.50%)","0.50","357","0.34","0.51","11.57","0.67","13.45","0.49","57.69"
"3635","コーエーテクモＨＬＤＧ","東P","1655.5","+11.5(+0.70%)","0.70","547,361","-0.30","-1.30","16.79","0.30","31.35","-0.75","51.38"
"3636","三菱総合研究所","東P","4825","-5.0(-0.10%)","-0.10","59,235","-1.25","-2.71","10.29","0.35","22.72","-1.14","48.60"
"3639","ボルテージ","東S","233","+2.0(+0.87%)","0.87","209","0.00","0.07","17.68","1.00","23.68","0.04","42.86"
"363A","ｉＦ英国　ＦＴＳＥ１００","東ETF","2652.0","-8.0(-0.30%)","-0.30","851","-0.59","-2.05","7.67","0.32","11.12","-1.18","48.48"
"3640","電算","東S","2700","-30.0(-1.10%)","-1.10","10,560","-1.86","-3.41","22.73","0.16","25.61","-1.77","42.78"
"3641","パピレス","東S","997","-1.0(-0.10%)","-0.10","1,597","0.04","0.62","10.65","0.94","8.52","0.90","62.16"
"3645","メディカルネット","東S","258","-1.0(-0.39%)","-0.39","3,710","-0.85","-0.59","14.67","0.92","47.45","-0.12","34.09"
"3646","駅探","東S","345","+1.0(+0.29%)","0.29","516","-1.71","-1.91","13.11","0.33","27.94","-0.85","37.78"
"3647","アスリナ","東S","115","-1.0(-0.86%)","-0.86","3,389","-0.69","-3.94","8.49","0.40","56.83","-0.95","43.75"
"3648","ＡＧＳ","東S","1041","-4.0(-0.38%)","-0.38","3,763","-1.16","-2.21","4.52","1.20","28.10","-1.62","41.27"
"3649","ファインデックス","東P","868","+21.0(+2.48%)","2.48","33,619","0.02","0.68","21.06","0.93","32.41","0.22","59.60"
"364A","ＮＦ　Ｓ＆Ｐ　５００配当貴族","東ETF","2365.0","-7.0(-0.30%)","-0.30","40,246","-0.69","-2.87","4.69","4.43","15.54","-1.10","43.09"
"3652","ディジタルメディアプロ","東G","3255","+5.0(+0.15%)","0.15","88,691","4.49","20.92","67.78","0.31","70.41","1.92","78.03"
"3653","モルフォ","東G","976","-45.0(-4.41%)","-4.41","311,278","-6.44","-10.75","75.22","0.24","107.85","-0.61","32.96"
"3656","ＫＬａｂ","東P","183","+1.0(+0.55%)","0.55","117,907","0.55","-0.93","7.02","0.78","72.51","-0.24","67.74"
"3657","ポールトゥウィンＨＬＤＧ","東P","355","+1.0(+0.28%)","0.28","46,394","-1.72","-3.14","26.33","0.42","21.70","-1.14","48.24"
"3659","ネクソン","東P","2682.5","+49.5(+1.88%)","1.88","5,065,887","-5.04","-12.61","27.13","0.44","57.23","-2.42","25.87"
"365A","伊澤タオル","東S","787","-7.0(-0.88%)","-0.88","9,394","-0.48","-0.20","24.33","1.23","12.49","-0.23","49.35"
"3660","アイスタイル","東P","502","+27.0(+5.68%)","5.68","483,501","4.06","-0.51","41.41","1.59","52.59","-0.11","47.97"
"3661","エムアップＨＬＤＧ","東P","822","+17.0(+2.11%)","2.11","224,117","1.61","0.86","39.32","0.60","31.99","0.35","53.15"
"3662","エイチームＨＬＤＧ","東P","953","+1.0(+0.11%)","0.11","18,815","0.91","0.22","7.68","0.31","24.22","0.11","58.33"
"3663","セルシス","東P","1809","+33.0(+1.86%)","1.86","260,773","0.04","-2.22","45.65","0.62","49.46","-0.59","55.71"
"3664","ＷＩＺＥ","東G","25","-1.0(-3.85%)","-3.85","913,765","1.63","-0.79","25.00","1.03","90.60","-0.11","53.33"
"3665","エニグモ","東P","414","+3.0(+0.73%)","0.73","33,191","1.12","-1.17","21.76","0.56","17.54","-0.55","43.18"
"3667","ｅｎｉｓｈ","東S","28","+0.0(+0.00%)","0.00","3,008","1.45","1.45","12.00","0.91","51.28","0.58","55.56"
"3668","コロプラ","東P","424","+0.0(+0.00%)","0.00","198,191","-2.89","-2.72","22.19","0.80","26.24","-1.04","48.61"
"366A","ウェルネス・コミュニケーション","東G","1189","-17.0(-1.41%)","-1.41","42,130","-0.35","2.06","32.26","1.75","27.59","0.89","59.01"
"3671","ソフトマックス","東S","316","+13.0(+4.29%)","4.29","12,804","3.00","2.96","17.04","1.93","27.25","2.44","70.27"
"3672","オルトプラスＨＬＤＧ","東S","29","+1.0(+3.57%)","3.57","1,615","0.69","0.28","16.00","0.20","58.84","0.13","50.00"
"3673","ブロードリーフ","東P","472","+2.0(+0.43%)","0.43","80,473","-0.63","-0.25","25.87","0.26","45.53","-0.09","55.43"
"3674","オークファン","東G","330","-4.0(-1.20%)","-1.20","1,950","-1.67","-2.49","7.14","3.69","15.66","-2.25","37.50"
"3675","クロス・マーケティンググループ","東S","590","-3.0(-0.51%)","-0.51","16,280","-0.64","-1.82","9.67","2.38","17.84","-1.53","37.50"
"3676","デジタルハーツＨＬＤＧ","東P","1051","+2.0(+0.19%)","0.19","15,974","0.11","-0.45","54.56","0.32","49.61","-1.33","33.33"
"3678","メディアドゥ","東P","1197","+3.0(+0.25%)","0.25","22,060","-1.34","-4.49","0.67","0.44","23.47","-1.88","30.67"
"3679","じげん","東P","433","+1.0(+0.23%)","0.23","62,202","-0.78","-2.78","16.71","0.23","22.58","-1.37","45.31"
"367A","プリモグローバルＨＬＤＧ","東S","2927","+6.0(+0.21%)","0.21","69,904","0.95","2.69","52.45","0.98","32.41","1.08","46.68"
"3680","ホットリンク","東G","205","-1.0(-0.49%)","-0.49","1,130","0.00","-0.52","6.77","0.22","16.19","-0.41","47.06"
"3682","エンカレッジ・テクノロジ","東S","605","+5.0(+0.83%)","0.83","1,271","1.65","3.07","9.01","0.91","19.73","2.17","74.47"
"3683","サイバーリンクス","東S","1088","-5.0(-0.46%)","-0.46","10,307","0.41","-1.57","15.74","0.69","20.95","-0.79","40.52"
"3686","ディー・エル・イー","東S","59","-1.0(-1.67%)","-1.67","14,005","-1.67","-2.32","5.36","0.28","35.10","-1.43","42.86"
"3687","フィックスターズ","東P","2288","+48.0(+2.14%)","2.14","842,640","2.34","3.72","92.92","0.84","47.33","1.41","56.26"
"368A","北里","東P","1410","-17.0(-1.19%)","-1.19","86,509","-1.19","-2.71","22.08","0.69","29.61","-1.23","41.04"
"3690","イルグルム","東S","544","-2.0(-0.37%)","-0.37","2,176","-1.59","-4.78","6.67","0.52","18.35","-1.95","17.72"
"3691","デジタルプラス","東G","1829","-15.0(-0.81%)","-0.81","11,206","-0.88","-2.27","56.73","0.22","58.40","-0.90","45.27"
"3692","ＦＦＲＩセキュリティ","東G","7460","+680.0(+10.03%)","10.03","2,528,624","2.14","14.94","69.74","0.82","72.10","1.10","66.16"
"3694","オプティム","東P","475","+7.0(+1.50%)","1.50","49,654","1.02","4.99","25.00","0.66","33.51","1.27","68.25"
"3695","ＧＭＯプロダクトプラットフォー","東G","1664","-48.0(-2.80%)","-2.80","11,703","-1.62","5.34","18.60","0.70","22.81","0.86","51.87"
"3696","セレス","東P","2115","-37.0(-1.72%)","-1.72","75,523","-2.23","-3.06","51.83","0.41","29.50","-1.21","49.43"
"3697","ＳＨＩＦＴ","東P","854.9","+4.5(+0.53%)","0.53","1,153,897","-0.38","-3.42","44.90","0.43","59.15","-0.74","49.66"
"3698","ＣＲＩ・ミドルウェア","東S","1217","+16.0(+1.33%)","1.33","1,454","0.41","0.32","35.37","0.63","28.14","0.25","55.94"
"369A","エータイ","東G","2752","+60.0(+2.23%)","2.23","18,300","1.24","5.55","42.15","0.54","30.40","1.45","61.21"
"3708","特種東海製紙","東P","2160","-48.0(-2.17%)","-2.17","89,807","-2.01","-0.66","38.64","0.47","24.49","-0.39","55.69"
"3710","ジョルダン","東S","641","+0.0(+0.00%)","0.00","578","-0.47","-0.28","12.26","0.28","15.56","-0.44","59.38"
"3712","情報企画","東S","989","+16.0(+1.64%)","1.64","2,068","0.16","-4.72","19.59","7.00","31.18","-1.14","19.64"
"3719","ＡＩストーム","東S","117","+0.0(+0.00%)","0.00","20,919","1.74","0.72","7.34","0.77","53.28","0.37","50.00"
"3723","日本ファルコム","東G","2590","-91.0(-3.39%)","-3.39","96,104","-5.11","-5.89","62.08","3.68","38.03","-1.77","45.90"
"3726","フォーシーズＨＤ","東S","338","+2.0(+0.60%)","0.60","7,350","-4.03","-13.50","7.64","1.19","27.69","-2.46","2.90"
"3727","アプリックス","東G","167","+2.0(+1.21%)","1.21","1,789","1.83","1.73","38.02","0.36","30.99","0.57","45.71"
"372A","レント","東S","5630","-30.0(-0.53%)","-0.53","9,042","0.04","0.95","18.15","0.24","18.61","1.22","62.86"
"3733","ソフトウェア・サービス","東S","11600","+100.0(+0.87%)","0.87","5,779","-0.09","-3.79","19.34","0.10","31.01","-1.27","40.86"
"3739","コムシード","名N","121","+1.0(+0.83%)","0.83","52,012","0.50","0.23","5.22","859.40","26.73","0.22","53.85"
"373A","リップス","東G","1519","+2.0(+0.13%)","0.13","4,862","0.29","2.95","4.40","2.91","7.88","2.11","84.52"
"3741","セック","東P","3255","+20.0(+0.62%)","0.62","79,069","0.71","1.39","18.62","0.72","36.15","0.47","49.63"
"3744","サイオス","東S","462","-8.0(-1.70%)","-1.70","2,319","-1.16","0.41","14.07","1.11","39.98","0.36","57.14"
"3747","インタートレード","東S","412","+7.0(+1.73%)","1.73","7,270","0.98","-1.17","11.35","0.84","39.84","-0.30","38.78"
"3750","ＡＤＲバイオメディカルＨＬＤＧ","東S","807","+3.0(+0.37%)","0.37","1,209","-2.77","-2.06","6.32","0.28","25.59","-0.65","42.62"
"3753","フライトソリューションズ","東S","216","-2.0(-0.92%)","-0.92","12,479","2.76","-2.35","72.80","0.32","62.62","-0.41","47.06"
"3758","アエリア","東S","249","+1.0(+0.40%)","0.40","1,480","0.65","0.61","11.16","1.43","14.45","0.65","58.82"
"3760","ケイブ","東S","725","-3.0(-0.41%)","-0.41","4,206","-0.66","1.20","22.67","0.63","32.79","0.68","55.46"
"3762","テクマトリックス","東P","2492","+15.0(+0.61%)","0.61","219,089","-0.21","2.11","52.60","0.35","39.35","0.71","67.71"
"3763","プロシップ","東P","2101","+10.0(+0.48%)","0.48","44,947","0.04","-0.56","59.05","0.51","58.15","-0.11","67.96"
"3765","ガンホー・オンライン","東P","2425","-7.0(-0.29%)","-0.29","177,002","-1.29","-3.22","14.12","0.35","26.80","-1.36","42.30"
"3766","システムズ・デザイン","東S","1548","+27.0(+1.78%)","1.78","606","1.67","6.19","33.33","0.31","26.75","1.70","63.43"
"3768","リスクモンスター","東S","559","+3.0(+0.54%)","0.54","280","-1.06","-0.50","8.75","0.12","15.48","-0.49","53.62"
"3769","ＧＭＯペイメントゲートウェイ","東P","8628.0","+87.0(+1.02%)","1.02","1,020,057","-1.22","-2.93","25.32","0.38","44.92","-0.69","48.82"
"3771","システムリサーチ","東P","1884","+14.0(+0.75%)","0.75","53,562","-0.94","-1.30","16.80","0.53","23.71","-0.67","54.71"
"3772","ウェルス・マネジメント","東S","1066","-8.0(-0.74%)","-0.74","12,816","-1.61","-2.75","5.23","0.56","13.20","-2.38","36.51"
"3773","アドバンスト・メディア","東G","1067","+13.0(+1.23%)","1.23","43,658","2.28","1.41","20.02","1.83","31.75","0.85","61.14"
"3774","インターネットイニシアティブ","東P","3443.0","+46.0(+1.35%)","1.35","648,538","0.46","2.61","64.11","0.31","27.65","1.09","73.47"
"3775","ガイアックス","名N","419","+2.0(+0.48%)","0.48","1,264","-0.76","-4.69","12.03","1.43","20.02","-2.06","26.42"
"3776","ブロードバンドタワー","東S","272","+2.0(+0.74%)","0.74","122,140","4.62","8.75","56.32","0.10","46.43","2.96","76.47"
"3777","環境フレンドリーＨＬＤＧ","東G","47","+1.0(+2.17%)","2.17","30,770","3.07","2.09","9.30","1.25","35.87","0.79","55.56"
"3778","さくらインターネット","東P","3950","+330.0(+9.12%)","9.12","4,409,964","5.93","6.95","61.36","2.30","67.51","1.97","58.50"
"3779","ジェイ・エスコムＨＬＤＧ","東S","120","+0.0(+0.00%)","0.00","2,364","-0.99","-5.51","2.56","2.32","17.54","-1.66","20.00"
"377A","エージェントＩＧＨＬＤＧ","名M","1137","+53.0(+4.89%)","4.89","10,995","3.65","6.64","25.64","10.22","51.70","1.20","60.59"
"3788","ＧＭＯグローバルサイン・ＨＬＤ","東P","1973","-19.0(-0.95%)","-0.95","41,051","-1.71","-1.56","7.81","0.64","36.22","-0.44","56.13"
"378A","ヒット","東G","915","+1.0(+0.11%)","0.11","18,144","0.79","-2.61","4.21","0.96","43.90","-0.53","43.53"
"3791","ＩＧポート","東S","1103","+11.0(+1.01%)","1.01","20,029","0.71","3.48","18.60","0.63","61.62","1.25","74.32"
"3793","ドリコム","東G","557","+9.0(+1.64%)","1.64","17,595","0.51","5.70","49.73","0.29","33.96","1.11","69.66"
"3796","いい生活","東S","298","-5.0(-1.65%)","-1.65","2,886","-4.91","-7.48","24.69","0.43","30.36","-2.03","30.00"
"3798","ＵＬＳグループ","東S","538","+5.0(+0.94%)","0.94","56,586","-0.81","-0.55","13.98","0.68","38.10","-0.21","51.69"
"3799","キーウェアソリューションズ","東S","1110","+12.0(+1.09%)","1.09","4,525","-1.23","-1.68","15.75","0.57","21.09","-1.25","42.95"
"3800","ユニリタ","東S","1960","-10.0(-0.51%)","-0.51","589","-0.42","-0.59","4.48","0.75","7.60","-1.85","37.97"
"3802","エコミック","東S","485","-1.0(-0.21%)","-0.21","828","-2.14","-3.15","6.36","0.26","9.92","-3.01","29.27"
"3804","システム　ディ","東S","450","-3.0(-0.66%)","-0.66","180","0.31","-1.71","10.57","0.06","20.03","-0.64","36.25"
"3807","フィスコ","東G","91","-1.0(-1.09%)","-1.09","20,110","-0.66","2.25","15.19","0.97","31.49","1.01","61.11"
"3808","オーケーウェブ","名N","24","+1.0(+4.35%)","4.35","357","1.69","-6.83","14.29","0.23","68.60","-0.75","50.00"
"380A","ＧＸ　チャイナテック　ＥＴＦ","東ETF","887.0","+6.0(+0.68%)","0.68","5,246","-0.69","-2.84","2.07","1.40","22.75","-0.86","51.32"
"3810","サイバーステップ　ＨＬＤＧ","東S","182","-3.0(-1.62%)","-1.62","63,187","-1.09","-1.04","24.66","1.04","81.31","-0.16","59.52"
"3815","メディア工房","東G","432","+1.0(+0.23%)","0.23","734","0.09","-0.44","2.61","0.35","15.75","-0.19","60.00"
"3816","大和コンピューター","東S","1116","+15.0(+1.36%)","1.36","551","0.72","-0.30","3.43","0.83","19.84","-0.18","53.57"
"3817","ＳＲＡ　ＨＬＤＧ","東P","4810","+50.0(+1.05%)","1.05","130,786","0.02","-0.25","12.65","0.54","20.68","-0.14","53.66"
"381A","ｉＦ米国国債３−５年ヘッジなし","東ETF","2118.0","+22.0(+1.05%)","1.05","4,257","0.39","0.07","2.52","11.83","9.35","0.05","68.82"
"3823","ＴＨＥ　ＷＨＹ　ＨＯＷ　ＤＯ","東S","40","-1.0(-2.44%)","-2.44","30,052","-0.50","10.62","42.86","0.52","120.99","0.59","59.09"
"3825","リミックスポイント","東S","258","-2.0(-0.77%)","-0.77","207,391","1.98","9.12","74.32","0.52","62.87","1.73","72.22"
"3826","システムインテグレータ","東S","495","+0.0(+0.00%)","0.00","544","-0.16","-0.41","17.58","0.15","25.57","-0.63","51.43"
"382A","ｉＦ米国国債３−５年ヘッジあり","東ETF","1851.0","-7.0(-0.38%)","-0.38","11,124","-0.20","-1.24","0.65","14.85","3.55","-1.73","19.05"
"3834","朝日ネット","東P","596","-3.0(-0.50%)","-0.50","22,022","-0.90","-2.33","1.71","0.68","11.48","-1.70","39.62"
"3835","ｅＢＡＳＥ","東P","430","+3.0(+0.70%)","0.70","24,148","0.14","-0.58","12.86","0.72","14.04","-0.49","51.11"
"3836","アバントグループ","東P","1204","+19.0(+1.60%)","1.60","57,424","0.12","0.11","14.56","0.57","25.10","0.11","49.63"
"3837","アドソル日進","東P","1325","-18.0(-1.34%)","-1.34","75,991","-1.46","-3.64","2.08","1.18","32.15","-1.26","39.46"
"3839","ＯＤＫソリューションズ","東S","624","-2.0(-0.32%)","-0.32","813","-1.73","-1.71","2.97","0.50","16.42","-1.10","45.19"
"383A","ＭＸＳ　Ｓ＆Ｐ５００均等ウェイ","東ETF","2518.0","-6.0(-0.24%)","-0.24","753","-0.69","-1.82","9.62","0.59","15.17","-0.87","47.69"
"3840","ヴィクトン","東S","63","-1.0(-1.56%)","-1.56","5,161","-1.25","3.14","23.53","1.23","38.33","0.89","54.55"
"3841","ジーダット","東S","1320","+19.0(+1.46%)","1.46","796","0.35","-1.01","28.28","1.20","38.43","-0.35","41.13"
"3842","ネクストジェン","東S","1343","-27.0(-1.97%)","-1.97","7,233","1.90","17.32","53.14","0.60","27.73","1.72","81.51"
"3843","フリービット","東P","1684","+2.0(+0.12%)","0.12","20,437","0.04","-1.99","27.87","0.38","24.32","-0.77","56.52"
"3844","コムチュア","東P","1293","+17.0(+1.33%)","1.33","128,481","-0.69","-2.30","5.29","0.26","32.91","-0.90","50.63"
"3845","アイフリークモバイル","東S","324","-11.0(-3.28%)","-3.28","8,596","-1.52","4.88","83.05","0.28","51.19","0.79","64.76"
"3848","データ・アプリケーション","東S","846","+7.0(+0.83%)","0.83","5,278","1.24","0.76","8.32","5.08","14.43","0.72","53.12"
"3849","日本テクノ・ラボ","札A","633","+30.0(+4.98%)","4.98","1,129","2.73","5.14","25.60","9.00","26.77","2.80","67.27"
"3850","イントラマート","東S","3910","-30.0(-0.76%)","-0.76","45,017","-1.34","3.26","56.34","0.36","31.54","0.67","70.50"
"3851","日本一ソフトウェア","東S","1357","-32.0(-2.30%)","-2.30","49,558","-0.12","-2.50","73.09","0.46","66.77","-0.49","34.78"
"3853","アステリア","東P","1082","-5.0(-0.46%)","-0.46","67,577","-0.61","-3.13","15.35","0.36","40.71","-0.70","45.91"
"3854","アイル","東P","2050","+8.0(+0.39%)","0.39","79,030","-1.62","-8.88","1.18","0.37","33.04","-1.22","33.61"
"3858","ユビキタスＡＩ","東S","328","-1.0(-0.30%)","-0.30","8,726","1.23","6.85","17.14","1.27","22.61","2.07","80.00"
"3861","王子ＨＬＤＧ","東P","845.7","-0.6(-0.07%)","-0.07","1,640,948","-0.85","-2.80","12.09","0.43","18.23","-1.94","39.85"
"3863","日本製紙","東P","1313","-1.0(-0.08%)","-0.08","220,422","-0.47","-1.46","17.65","0.23","34.88","-0.52","62.59"
"3864","三菱製紙","東P","1250","+1.0(+0.08%)","0.08","148,022","1.15","4.03","92.90","0.70","38.70","1.88","79.45"
"3865","北越コーポレーション","東P","881","-4.0(-0.45%)","-0.45","77,507","-1.45","-2.87","8.77","0.34","23.83","-1.91","39.22"
"386A","みのや","東S","1257","+4.0(+0.32%)","0.32","1,507","0.21","0.27","0.88","2.00","5.02","1.10","60.71"
"3877","中越パルプ工業","東P","2184","-15.0(-0.68%)","-0.68","22,248","-0.93","-1.75","20.00","0.37","17.63","-1.42","48.48"
"3878","巴川","東S","976","+22.0(+2.31%)","2.31","65,981","7.49","13.01","33.70","0.21","45.56","3.10","86.56"
"387A","フラー","東G","920","-2.0(-0.22%)","-0.22","184","-0.43","-0.29","14.86","0.18","35.46","-0.36","52.81"
"3880","大王製紙","東P","966","-8.0(-0.82%)","-0.82","109,590","-2.13","-1.44","8.17","0.46","21.44","-0.59","55.85"
"3891","ニッポン高度紙工業","東S","7330","+380.0(+5.47%)","5.47","677,254","6.08","12.09","146.64","0.94","80.49","2.69","77.67"
"3892","岡山製紙","東S","1594","-11.0(-0.69%)","-0.69","2,712","-0.81","0.50","6.41","1.21","16.11","0.43","50.00"
"3895","ハビックス","東S","429","-6.0(-1.38%)","-1.38","17,438","-3.07","-8.80","8.61","1.72","57.00","-2.46","17.65"
"3896","阿波製紙","東S","424","+0.0(+0.00%)","0.00","889","0.09","2.73","28.10","0.75","28.99","1.33","69.39"
"3900","クラウドワークス","東G","675","-2.0(-0.30%)","-0.30","37,402","1.72","1.55","23.63","0.14","39.43","0.80","56.08"
"3901","マークラインズ","東P","1529","+24.0(+1.59%)","1.59","65,738","1.07","0.34","26.16","0.94","30.32","0.19","47.40"
"3903","ｇｕｍｉ","東P","206","-3.0(-1.44%)","-1.44","49,451","0.68","-14.75","7.85","0.53","59.85","-0.96","19.39"
"3904","カヤック","東G","428","+0.0(+0.00%)","0.00","384","0.90","0.55","14.44","0.07","15.39","0.49","53.33"
"3905","データセクション","東G","2037","+22.0(+1.09%)","1.09","9,258,843","0.50","22.63","60.39","0.85","94.58","1.88","72.60"
"3907","シリコンスタジオ","東S","2005","+76.0(+3.94%)","3.94","428,392","0.79","-4.44","252.99","0.91","158.46","-0.54","46.82"
"3908","コラボス","東S","360","+2.0(+0.56%)","0.56","431","-0.50","0.92","25.44","0.12","17.07","0.57","55.00"
"3909","ショーケース","東S","201","-5.0(-2.43%)","-2.43","492","0.90","4.40","11.05","0.11","29.34","1.97","65.71"
"3910","エムケイシステム","東S","294","+4.0(+1.38%)","1.38","1,395","0.96","2.71","14.40","1.81","17.09","2.27","62.50"
"3911","Ａｉｍｉｎｇ","東G","172","+0.0(+0.00%)","0.00","11,310","-0.23","-3.24","10.26","0.96","34.67","-1.13","40.00"
"3912","モバイルファクトリー","東S","1103","+10.0(+0.91%)","0.91","1,433","1.03","-1.88","8.35","0.21","25.50","-1.14","42.77"
"3913","ＧｒｅｅｎＢｅｅ","東S","1074","+10.0(+0.94%)","0.94","5,650","-2.22","-4.72","26.35","0.35","34.72","-1.77","45.70"
"3914","ＪＩＧ―ＳＡＷ","東G","2542","+2.0(+0.08%)","0.08","7,391","-0.97","3.08","14.87","0.26","37.81","0.60","60.96"
"3915","テラスカイ","東P","2215","-9.0(-0.40%)","-0.40","77,367","-0.72","-4.33","48.26","0.62","46.92","-1.33","39.40"
"3916","デジタル・インフォメーション","東P","956","+5.0(+0.53%)","0.53","46,411","0.00","0.62","20.86","0.49","24.84","0.48","58.82"
"3917","アイリッジ","東G","494","-6.0(-1.20%)","-1.20","6,149","0.53","3.01","25.70","0.29","44.11","0.95","55.32"
"3918","ＰＣＩソリューションズ","東S","1165","-28.0(-2.35%)","-2.35","3,507","-1.44","-1.48","15.69","0.16","28.84","-0.99","48.00"
"391A","山忠","名M","2470","+0.0(+0.00%)","0.00","988","0.49","0.21","10.22","1.33","21.42","0.22","48.04"
"3920","アイビーシー","東S","979","-1.0(-0.10%)","-0.10","490","-0.39","-1.10","27.31","1.25","11.22","-1.42","28.07"
"3921","ネオジャパン","東P","1616","+3.0(+0.19%)","0.19","8,828","-1.73","-1.31","12.46","0.35","22.24","-0.62","50.48"
"3922","ＰＲ　ＴＩＭＥＳ","東P","2177","+15.0(+0.69%)","0.69","39,424","0.15","-0.08","10.45","0.34","29.39","-0.06","48.19"
"3923","ラクス","東P","1019.0","+17.0(+1.70%)","1.70","827,831","-0.67","-5.33","41.16","0.40","45.26","-1.24","45.50"
"3925","ダブルスタンダード","東P","1308","+1.0(+0.08%)","0.08","17,925","0.02","-0.82","14.74","0.49","20.83","-0.36","55.38"
"3926","オープンドア","東S","423","-7.0(-1.63%)","-1.63","5,374","-0.52","-1.31","88.00","0.61","58.87","-0.25","50.32"
"3927","フーバーブレイン","東S","922","+29.0(+3.25%)","3.25","19,070","2.40","3.05","19.58","6.15","26.59","1.86","68.57"
"3928","マイネット","東S","240","+2.0(+0.84%)","0.84","1,813","0.00","0.74","11.11","0.89","30.83","0.71","56.52"
"3929","ソーシャルワイヤー","東G","247","-1.0(-0.40%)","-0.40","2,502","-2.14","1.18","8.81","0.56","49.93","0.45","60.53"
"392A","ｉＳ　ＮＡＳＤＡＱ　トップ３０","東ETF","291.2","+7.8(+2.75%)","2.75","28,078","1.58","5.97","37.16","1.30","22.92","2.20","75.96"
"3930","はてな","東G","746","+1.0(+0.13%)","0.13","1,636","-0.64","-3.15","4.19","0.54","67.02","-1.78","22.78"
"3931","バリューゴルフ","東G","1486","+4.0(+0.27%)","0.27","1,183","-0.17","-1.09","2.48","0.73","42.51","-1.37","35.94"
"3932","アカツキ","東P","1294","+51.0(+4.10%)","4.10","275,539","1.70","3.97","7.39","0.66","38.44","0.85","67.27"
"3933","チエル","東S","535","-3.0(-0.56%)","-0.56","1,915","-0.78","-2.82","26.48","0.77","37.62","-1.47","36.11"
"3934","ベネフィットジャパン","東S","2310","+0.0(+0.00%)","0.00","1,617","-0.77","0.42","28.33","1.17","23.35","0.46","55.21"
"3935","エディア","東S","742","-1.0(-0.13%)","-0.13","6,691","-0.11","2.99","21.24","1.05","21.73","1.10","65.91"
"3936","グローバルウェイ","東G","128","-2.0(-1.54%)","-1.54","17,135","-1.39","-7.35","4.92","0.66","50.72","-1.13","26.09"
"3937","Ｕｂｉｃｏｍ　ＨＬＤＧ","東S","1143","+2.0(+0.18%)","0.18","24,281","0.14","-3.55","25.47","0.71","38.41","-1.15","36.11"
"3939","カナミックネットワーク","東P","504","+3.0(+0.60%)","0.60","26,639","1.90","0.66","6.78","0.41","22.43","0.20","62.30"
"3940","ノムラシステムコーポレーション","東S","130","+1.0(+0.78%)","0.78","22,552","-0.15","-0.61","20.37","1.64","23.80","-0.35","50.00"
"3941","レンゴー","東P","1517.0","-2.5(-0.16%)","-0.16","482,158","0.01","-2.10","25.94","0.26","28.58","-0.85","50.33"
"3943","大石産業","東S","1311","-7.0(-0.53%)","-0.53","526","-0.65","-0.91","9.25","0.40","10.75","-1.98","42.65"
"3944","古林紙工","東S","3100","+0.0(+0.00%)","0.00","620","-1.34","-1.98","34.03","0.33","33.31","-0.97","31.17"
"3945","スーパーバッグ","東S","2222","+24.0(+1.09%)","1.09","2,422","0.94","1.90","6.78","1.22","18.12","2.61","62.77"
"3946","トーモク","東P","4430","-30.0(-0.67%)","-0.67","95,573","-0.87","-0.08","35.27","0.53","23.60","-0.03","62.32"
"3947","ダイナパック","東S","2498","-52.0(-2.04%)","-2.04","10,643","-0.18","0.83","27.45","2.10","24.72","0.86","51.32"
"3948","光ビジネスフォーム","東S","1189","+4.0(+0.34%)","0.34","711","0.41","1.14","26.49","0.33","8.57","1.79","71.88"
"3950","ザ・パック","東P","1431","-15.0(-1.04%)","-1.04","45,436","-0.69","-2.75","18.66","0.46","17.22","-1.29","48.98"
"3951","朝日印刷","東S","891","+1.0(+0.11%)","0.11","5,610","-0.67","-1.55","7.09","0.86","11.17","-2.04","35.71"
"3953","大村紙業","東S","796","-4.0(-0.50%)","-0.50","1,444","-0.13","0.48","8.30","0.95","19.00","0.57","56.76"
"3955","イムラ","東S","868","+2.0(+0.23%)","0.23","520","0.00","1.42","14.36","6.00","15.36","1.14","56.78"
"3958","笹徳印刷","東S","537","+1.0(+0.19%)","0.19","2,777","0.41","-1.55","1.51","3.47","7.36","-1.33","36.59"
"395A","業界改革厳選ＥＴＦ地銀","東ETF","1126.5","-17.5(-1.53%)","-1.53","55,824","-0.13","2.75","62.48","1.21","30.60","1.45","61.76"
"3962","チェンジＨＬＤＧ","東P","1007","+12.0(+1.21%)","1.21","76,102","0.90","0.86","13.40","0.69","24.91","0.50","57.86"
"3963","シンクロ・フード","東P","332","+1.0(+0.30%)","0.30","2,406","1.59","-0.74","20.73","0.28","35.96","-0.21","62.22"
"3964","オークネット","東P","1363","+11.0(+0.81%)","0.81","256,125","0.69","0.70","20.51","0.38","33.05","0.17","57.92"
"3965","キャピタル・アセット・プランニ","東S","857","-1.0(-0.12%)","-0.12","3,421","-1.56","-3.87","11.44","0.53","13.19","-2.13","20.27"
"3967","エルテス","東G","636","+63.0(+10.99%)","10.99","19,911","8.38","10.17","17.78","4.33","27.40","3.05","75.78"
"3968","セグエグループ","東P","695","+28.0(+4.20%)","4.20","271,618","4.10","7.41","43.89","2.42","36.77","2.31","76.52"
"3969","エイトレッド","東S","1399","+7.0(+0.50%)","0.50","5,702","0.04","-0.35","7.20","0.58","11.23","-0.86","45.16"
"3970","イノベーション","東S","818","-6.0(-0.73%)","-0.73","4,085","-1.37","-3.18","11.14","1.14","23.95","-2.43","36.84"
"3974","ＳＣＡＴ","東S","659","+0.0(+0.00%)","0.00","4,882","0.15","-0.97","27.71","0.43","15.80","-1.04","30.56"
"3976","シャノン","東G","506","-19.0(-3.62%)","-3.62","16,689","-5.60","-14.53","44.16","1.00","66.83","-2.08","27.78"
"3977","フュージョン","札A","520","-28.0(-5.11%)","-5.11","896","-3.35","-1.57","21.50","0.57","36.14","-0.72","42.45"
"3979","うるる","東G","474","+2.0(+0.42%)","0.42","3,319","1.59","5.53","45.40","1.43","30.53","1.68","71.84"
"3981","ビーグリー","東S","1236","-1.0(-0.08%)","-0.08","1,483","0.64","1.24","5.46","0.46","12.66","1.37","61.76"
"3983","オロ","東P","1905","+14.0(+0.74%)","0.74","21,093","0.28","-3.22","6.72","0.50","26.16","-0.71","43.24"
"3984","ユーザーローカル","東P","1564","+19.0(+1.23%)","1.23","52,289","-0.60","1.03","15.85","0.27","48.92","0.55","56.74"
"3985","テモナ","東S","188","-2.0(-1.05%)","-1.05","1,153","-2.49","-1.92","11.90","0.47","17.38","-1.05","46.43"
"3986","ビーブレイクシステムズ","東S","502","-8.0(-1.57%)","-1.57","1,210","0.88","4.75","17.84","0.55","15.82","2.19","79.25"
"3987","エコモット","東G","627","+3.0(+0.48%)","0.48","1,495","0.29","-3.25","31.45","0.40","43.75","-0.67","34.15"
"3988","ＳＹＳ　ＨＬＤＧ","東S","551","-2.0(-0.36%)","-0.36","385","-0.97","-1.27","8.89","0.50","15.96","-1.38","44.29"
"3989","シェアリングテクノロジー","東G","1547","+1.0(+0.06%)","0.06","206,684","0.06","0.18","63.53","0.98","29.38","0.09","70.94"
"3991","ウォンテッドリー","東G","961","+1.0(+0.10%)","0.10","1,162","0.23","-0.31","10.46","2.40","33.50","-0.12","51.65"
"3992","ニーズウェル","東P","438","+2.0(+0.46%)","0.46","12,020","-2.10","-6.13","11.17","0.40","20.58","-2.39","23.81"
"3993","ＰＫＳＨＡ　Ｔｅｃｈｎｏｌｏｇ","東P","3255","+85.0(+2.68%)","2.68","391,725","2.68","2.32","31.04","0.80","43.11","1.09","56.29"
"3994","マネーフォワード","東P","5983.0","+30.0(+0.50%)","0.50","592,711","1.14","-2.32","117.52","0.41","67.26","-0.56","48.65"
"3996","サインポスト","東S","224","+2.0(+0.90%)","0.90","4,965","1.08","7.14","35.76","0.36","59.10","1.96","78.79"
"3997","トレードワークス","東S","440","+5.0(+1.15%)","1.15","23,749","1.15","8.33","53.31","0.59","59.27","1.55","81.48"
"3998","すららネット","東G","283","-5.0(-1.74%)","-1.74","1,695","-1.19","-3.28","0.71","1.03","18.45","-2.03","38.24"
"399A","上場インデックス日経高配５０","東ETF","2302.0","-64.0(-2.70%)","-2.70","188,001","-2.08","-2.76","21.16","0.85","16.77","-2.43","40.35"
"4004","レゾナック・ＨＬＤＧ","東P","15570.0","+585.0(+3.90%)","3.90","20,487,598","5.60","3.85","12.50","0.69","77.35","0.62","50.67"
"4005","住友化学","東P","579.8","-0.3(-0.05%)","-0.05","2,414,728","0.08","0.16","29.91","0.52","41.36","0.05","54.95"
"4008","住友精化","東P","1503","+3.0(+0.20%)","0.20","119,822","-0.32","0.42","31.73","0.46","42.67","0.15","61.74"
"4011","ヘッドウォータース","東G","2350","+10.0(+0.43%)","0.43","39,982","1.75","-1.03","27.72","0.46","55.30","-0.25","37.67"
"4012","アクシス","東S","1773","-12.0(-0.67%)","-0.67","4,972","-0.21","2.02","25.12","0.41","21.36","1.18","60.64"
"4013","勤次郎","東G","641","+10.0(+1.58%)","1.58","12,497","-0.19","-1.60","15.50","0.36","31.01","-0.78","47.83"
"4014","カラダノート","東G","452","+0.0(+0.00%)","0.00","1,807","-0.13","-7.51","17.40","0.21","41.60","-1.17","35.75"
"4015","ペイクラウドＨＬＤＧ","東G","515","+5.0(+0.98%)","0.98","6,527","-0.23","-0.97","32.73","0.75","25.33","-0.39","53.57"
"4016","ＭＩＴ　ＨＬＤＧ","東S","1096","+8.0(+0.74%)","0.74","8,644","1.41","3.84","28.04","0.95","16.80","1.23","67.11"
"4017","クリーマ","東G","208","+0.0(+0.00%)","0.00","1,207","-1.42","-2.86","8.90","0.58","18.94","-1.94","33.33"
"4018","Ｇｅｏｌｏｃａｔｉｏｎ　Ｔｅｃ","福Q","1002","-5.0(-0.50%)","-0.50","601","-0.28","0.69","11.21","3.00","13.04","0.83","62.22"
"4019","スタメン","東G","613","-2.0(-0.33%)","-0.33","17,077","-1.19","-3.21","12.48","0.65","36.24","-1.13","40.40"
"401A","霞ヶ関ホテルリート投資法人","東REIT","97000","-600.0(-0.61%)","-0.61","51,844","-0.53","0.43","3.52","1.12","12.17","0.35","59.18"
"4020","ビートレンド","東G","856","+6.0(+0.71%)","0.71","851","2.51","2.90","31.49","0.36","31.06","1.97","62.50"
"4021","日産化学","東P","8496.0","+160.0(+1.92%)","1.92","2,324,431","2.14","4.72","64.40","0.42","32.30","2.17","75.73"
"4022","ラサ工業","東P","2055","+70.0(+3.53%)","3.53","1,195,400","6.02","5.02","43.01","0.66","76.30","0.81","61.03"
"4023","クレハ","東P","4040","+15.0(+0.37%)","0.37","641,663","-0.83","-7.41","15.10","0.49","25.51","-1.64","30.32"
"4025","多木化学","東P","5730","-40.0(-0.69%)","-0.69","46,674","0.21","-0.60","61.41","0.32","51.82","-0.19","54.25"
"4026","神島化学工業","東S","1597","-2.0(-0.13%)","-0.13","28,931","1.53","-0.39","7.91","0.29","33.19","-0.12","42.81"
"4027","テイカ","東P","2359","+32.0(+1.38%)","1.38","51,345","0.97","-0.55","94.96","0.87","40.79","-0.25","55.60"
"4028","石原産業","東P","2830","-15.0(-0.53%)","-0.53","448,953","-0.94","-5.68","12.97","0.75","34.09","-1.27","35.32"
"4031","片倉コープアグリ","東S","1064","-4.0(-0.37%)","-0.37","1,911","-0.11","-3.04","16.67","0.08","27.04","-1.44","32.19"
"4040","南海化学","東S","4085","-25.0(-0.61%)","-0.61","10,651","0.94","4.12","35.71","0.45","27.21","1.82","78.02"
"4041","日本曹達","東P","3715","+20.0(+0.54%)","0.54","247,966","-1.28","-4.29","12.24","0.30","18.23","-1.71","39.45"
"4042","東ソー","東P","2634.5","+4.5(+0.17%)","0.17","1,246,205","0.06","0.18","18.86","0.40","22.39","0.10","59.33"
"4043","トクヤマ","東P","4075.0","+0.0(+0.00%)","0.00","1,610,759","-0.61","0.35","15.34","0.85","44.14","0.16","60.88"
"4044","セントラル硝子","東P","4525","+55.0(+1.23%)","1.23","152,811","-0.31","1.56","30.40","0.38","33.96","0.53","66.67"
"4045","東亞合成","東P","1821.0","+1.0(+0.05%)","0.05","138,836","0.05","-0.59","11.41","0.32","16.21","-0.37","60.12"
"4046","大阪ソーダ","東P","2063","+78.0(+3.93%)","3.93","546,824","3.24","1.84","23.46","0.79","41.96","0.73","64.49"
"4047","関東電化工業","東P","2446","+65.0(+2.73%)","2.73","1,384,382","2.94","8.12","118.78","1.10","64.14","1.71","69.16"
"404A","ＧＸチャイナテック・トップ１０","東ETF","1176.0","+7.0(+0.60%)","0.60","3,717","-1.29","-4.92","17.84","0.48","33.46","-1.56","40.66"
"4051","ＧＭＯ　フィナンシャルゲート","東P","5980","+20.0(+0.34%)","0.34","75,553","-1.39","-2.60","22.29","0.44","32.50","-0.68","51.30"
"4053","Ｓｕｎ　Ａｓｔｅｒｉｓｋ","東P","534","+2.0(+0.38%)","0.38","49,358","2.42","12.07","40.90","0.38","27.66","2.16","83.62"
"4054","日本情報クリエイト","東G","520","+0.0(+0.00%)","0.00","4,681","-0.23","-0.22","2.97","0.64","24.34","-0.54","54.17"
"4055","ティアンドエスグループ","東G","1614","+8.0(+0.50%)","0.50","41,168","-0.96","-2.29","21.08","1.01","48.13","-1.06","38.79"
"4056","ニューラルグループ","東G","201","-1.0(-0.50%)","-0.50","19,420","-1.18","-10.33","0.50","0.67","107.26","-0.92","19.30"
"4057","インターファクトリー","東G","344","-2.0(-0.58%)","-0.58","416","-1.15","-2.21","0.58","0.40","17.26","-1.88","30.77"
"4058","トヨクモ","東G","2199","+53.0(+2.47%)","2.47","30,207","0.69","-6.07","36.08","0.53","46.20","-1.19","42.86"
"4059","まぐまぐ","東S","365","-25.0(-6.41%)","-6.41","1,106","-4.75","-7.27","5.19","2.14","27.74","-2.42","31.08"
"4060","ｒａｋｕｍｏ","東G","1219","-11.0(-0.89%)","-0.89","2,070","0.44","0.97","21.90","0.34","22.49","0.58","52.31"
"4061","デンカ","東P","3207.0","-78.0(-2.37%)","-2.37","1,737,525","-1.99","-2.98","17.56","0.78","46.50","-1.62","49.09"
"4062","イビデン","東P","11990.0","+960.0(+8.70%)","8.70","105,633,826","5.42","15.68","11.53","0.93","105.23","2.35","63.58"
"4063","信越化学工業","東P","6037.0","+92.0(+1.55%)","1.55","21,875,995","2.55","3.08","25.46","0.39","37.40","1.67","68.19"
"4064","日本カーバイド工業","東P","3730","+15.0(+0.40%)","0.40","271,350","1.88","6.60","47.96","0.64","40.03","2.01","72.09"
"4068","ベイシス","東G","1810","+3.0(+0.17%)","0.17","723","0.34","2.17","16.25","0.29","20.15","1.67","58.23"
"4069","ＢｌｕｅＭｅｍｅ","東G","624","-13.0(-2.04%)","-2.04","6,020","-1.55","-7.68","2.13","1.20","41.41","-1.55","20.37"
"4071","プラスアルファコンサルティング","東P","2052","+5.0(+0.24%)","0.24","193,904","-0.67","-2.49","5.56","0.41","54.73","-0.75","52.32"
"4072","電算システムＨＬＤＧ","東P","3180","+30.0(+0.95%)","0.95","24,029","-0.97","1.86","16.53","0.19","21.17","0.79","61.47"
"4074","ラキール","東G","799","-1.0(-0.13%)","-0.13","2,728","1.09","1.17","26.22","1.03","59.00","0.67","49.29"
"4075","ブレインズテクノロジー","東G","1430","+28.0(+2.00%)","2.00","143,011","0.22","10.29","84.52","0.54","111.66","0.60","55.79"
"4076","シイエヌエス","東G","2004","-14.0(-0.69%)","-0.69","2,612","-0.55","0.35","29.96","0.23","21.11","0.33","52.86"
"4078","堺化学工業","東P","3725","+30.0(+0.81%)","0.81","288,611","0.81","-0.63","16.41","0.83","44.91","-0.17","58.46"
"407A","ＵＮＩＣＯＮ　ＨＬＤＧ","東S","932","+2.0(+0.22%)","0.22","7,723","0.37","-0.34","11.75","1.24","23.71","-0.31","50.00"
"4082","第一稀元素化学工業","東P","2257","+22.0(+0.98%)","0.98","594,312","-1.34","-8.79","102.06","0.59","75.48","-1.13","33.28"
"4088","エア・ウォーター","東P","2896","-24.0(-0.82%)","-0.82","666,819","0.77","1.89","68.52","0.30","29.78","0.30","40.42"
"408A","ｉＳ　ＡＩグローバル・イノベ","東ETF","310.1","+8.1(+2.68%)","2.68","99,431","1.98","7.54","53.51","1.24","52.72","2.01","69.00"
"4091","日本酸素ＨＤ","東P","5429.0","-83.0(-1.51%)","-1.51","1,173,806","-1.35","-1.73","21.59","0.33","24.65","-1.02","53.96"
"4092","日本化学工業","東P","5770","+100.0(+1.76%)","1.76","528,737","3.04","6.50","106.81","0.55","75.30","1.87","64.89"
"4093","東邦アセチレン","東S","429","-3.0(-0.69%)","-0.69","2,960","-0.79","0.60","20.85","0.88","15.45","0.52","57.58"
"4094","日本化学産業","東S","2240","-8.0(-0.36%)","-0.36","19,678","-0.34","-1.54","13.25","0.97","18.41","-1.34","44.67"
"4095","日本パーカライジング","東P","1780","+14.0(+0.79%)","0.79","228,231","0.02","1.00","27.32","0.47","14.92","1.00","63.46"
"4097","高圧ガス工業","東P","1198","-5.0(-0.42%)","-0.42","24,161","-1.12","-0.71","14.75","0.31","22.73","-0.46","55.81"
"4098","チタン工業","東S","1005","-4.0(-0.40%)","-0.40","602","-0.10","-0.37","25.94","0.19","21.12","-0.33","49.47"
"4099","四国化成ＨＬＤＧ","東P","2378","+80.0(+3.48%)","3.48","1,486,727","4.73","5.42","15.55","0.61","70.50","1.00","75.73"
"409A","オリオンビール","東P","1077","-20.0(-1.82%)","-1.82","383,766","-4.35","-7.63","0.19","0.57","25.03","-3.10","16.07"
"4100","戸田工業","東S","2023","+23.0(+1.15%)","1.15","76,158","4.19","20.12","75.46","0.24","57.57","2.31","80.88"
"4107","伊勢化学工業","東S","3905","-20.0(-0.51%)","-0.51","483,785","0.54","-2.68","21.09","0.89","38.53","-0.63","47.29"
"4109","ステラ　ケミファ","東P","5410","+110.0(+2.08%)","2.08","186,022","1.12","1.11","23.52","1.19","46.45","0.71","56.82"
"410A","ＧＭＯ　コマース","東G","1266","-8.0(-0.63%)","-0.63","11,691","-1.19","8.68","28.40","0.53","35.55","1.68","79.59"
"4112","保土谷化学工業","東P","2082","-8.0(-0.38%)","-0.38","55,036","-0.89","-2.66","5.90","0.73","30.78","-0.88","48.39"
"4113","田岡化学工業","東S","815","-8.0(-0.97%)","-0.97","9,219","-0.27","1.85","22.74","0.86","36.42","0.96","62.18"
"4114","日本触媒","東P","2549.5","+12.0(+0.47%)","0.47","1,158,626","-0.12","-1.41","29.25","0.59","32.07","-0.58","57.21"
"4116","大日精化工業","東P","1314","-11.0(-0.83%)","-0.83","70,568","-1.50","-1.86","33.94","0.46","30.82","-0.69","56.10"
"4118","カネカ","東P","6043.0","-35.0(-0.58%)","-0.58","441,232","-0.58","-0.68","37.03","0.33","22.57","-0.38","57.98"
"4119","日本ピグメントＨＬＤＧ","東S","6340","-20.0(-0.31%)","-0.31","4,455","1.08","5.22","71.12","0.26","23.03","2.25","80.28"
"4120","スガイ化学工業","東S","3035","+79.0(+2.67%)","2.67","2,189","-0.63","0.79","39.67","2.33","39.90","0.28","44.56"
"4125","三和油化工業","東S","3645","+20.0(+0.55%)","0.55","9,732","1.11","-0.63","60.22","0.38","53.29","-0.22","41.10"
"412A","ＮＦ　ＴＩＰ　ＦＳ台湾　５０","東ETF","4744.0","+49.0(+1.04%)","1.04","8,506","0.62","5.37","97.42","1.76","50.98","1.59","68.62"
"413A","ｉＦキャセイ台湾テックリーダー","東ETF","4060.0","+15.0(+0.37%)","0.37","3,896","0.50","4.20","74.17","0.82","42.06","1.51","71.29"
"414A","オーバーラップＨＬＤＧ","東G","845","+1.0(+0.12%)","0.12","53,146","-1.17","-1.68","8.47","1.29","39.13","-0.66","48.08"
"4151","協和キリン","東P","2292.0","+12.0(+0.53%)","0.53","1,955,538","0.96","-3.13","8.68","0.39","33.93","-0.47","40.46"
"415A","ＧＭＯ　ＴＥＣＨ　ＨＬＤＧ","東G","5500","+0.0(+0.00%)","0.00","3,905","1.59","4.82","19.57","1.40","25.37","1.42","64.00"
"4165","プレイド","東G","691","+16.0(+2.37%)","2.37","96,488","2.67","1.77","59.95","0.58","60.84","0.39","59.47"
"4166","かっこ","東G","677","+31.0(+4.80%)","4.80","33,154","3.45","6.56","9.90","17.43","17.05","3.48","78.82"
"4167","ココペリ","東G","345","+3.0(+0.88%)","0.88","4,269","2.99","3.73","33.72","0.34","39.34","1.47","55.21"
"4168","ヤプリ","東G","795","+6.0(+0.76%)","0.76","14,993","0.56","2.13","20.64","0.70","25.58","0.98","61.29"
"4169","ＥＮＥＣＨＡＮＧＥ","東G","259","-7.0(-2.63%)","-2.63","63,372","1.25","-1.52","60.87","0.72","69.89","-0.27","45.87"
"416A","富士ユナイトＨＬＤＧ","東S","1330","-12.0(-0.89%)","-0.89","81,277","-1.79","0.33","20.69","4.82","18.69","0.15","63.80"
"4170","Ｋａｉｚｅｎ　Ｐｌａｔｆｏｒｍ","東G","112","-1.0(-0.88%)","-0.88","6,503","-1.23","-15.76","15.46","0.20","129.06","-0.71","25.00"
"4172","Ｈｉクラテス","東S","2281","-4.0(-0.18%)","-0.18","1,370","-1.08","-1.33","10.94","1.20","15.88","-1.41","43.34"
"4174","アピリッツ","東S","1081","-49.0(-4.34%)","-4.34","67,626","-1.67","12.08","78.68","0.52","70.53","1.12","68.83"
"4175","ｃｏｌｙ","東G","2886","-2.0(-0.07%)","-0.07","22,490","-1.25","-0.47","74.80","2.55","37.07","-0.17","51.74"
"4176","ココナラ","東G","277","-2.0(-0.72%)","-0.72","6,017","0.36","-0.49","16.39","0.33","32.13","-0.26","56.76"
"4177","Ｉ−ＰＬＵＧ","東G","1406","-12.0(-0.85%)","-0.85","1,984","0.39","-5.49","3.38","0.25","27.87","-1.52","31.91"
"4178","Ｓｈａｒｉｎｇ　Ｉｎｎｏｖａｔ","東G","869","+46.0(+5.59%)","5.59","102,496","19.20","51.16","82.56","0.42","58.68","3.14","95.70"
"4179","ジーネクスト","東G","338","+7.0(+2.11%)","2.11","5,214","-0.24","-4.18","30.00","0.36","51.66","-1.21","36.26"
"417A","ブルーゾーン　ＨＬＤＧ","東P","1829.5","+14.5(+0.80%)","0.80","240,606","-0.90","-2.77","9.95","0.48","19.25","-1.72","31.21"
"4180","Ａｐｐｉｅｒ　Ｇｒｏｕｐ","東P","1421","+25.0(+1.79%)","1.79","543,269","0.32","-0.38","115.30","0.40","63.03","-0.07","44.17"
"4182","三菱瓦斯化学","東P","3930.0","+46.0(+1.18%)","1.18","3,032,674","1.76","2.24","38.84","0.73","59.32","1.27","60.94"
"4183","三井化学","東P","2119.0","-27.5(-1.28%)","-1.28","2,594,265","0.77","-2.01","20.26","0.23","34.85","-0.66","49.48"
"4186","東京応化工業","東P","8814.0","+197.0(+2.29%)","2.29","3,578,554","4.04","5.65","49.82","0.41","55.66","1.75","66.59"
"4187","大阪有機化学工業","東P","4490","+110.0(+2.51%)","2.51","322,751","3.86","4.80","32.64","0.70","57.31","1.03","65.92"
"4188","三菱ケミカルグループ","東P","1154.0","-20.0(-1.70%)","-1.70","3,276,853","-0.40","-2.72","36.34","0.42","38.02","-0.78","48.63"
"4189","ＫＨネオケム","東P","3400","+30.0(+0.89%)","0.89","207,151","1.98","2.79","39.12","0.45","32.85","0.89","77.78"
"418A","ウリドキ","名N","1315","+26.0(+2.02%)","2.02","9,504","1.65","1.80","80.88","1.97","48.71","0.86","52.99"
"4192","スパイダープラス","東G","327","+19.0(+6.17%)","6.17","46,702","4.41","9.13","39.74","3.05","39.45","1.77","69.31"
"4193","ファブリカＨＬＤＧ","東S","2113","+2.0(+0.09%)","0.09","10,563","-2.02","-2.12","6.18","1.19","34.88","-1.55","40.07"
"4194","ビジョナル","東P","8791.0","+112.0(+1.29%)","1.29","703,967","1.43","-0.47","39.98","0.41","39.25","-0.11","47.52"
"4196","ネオマーケティング","東S","1285","-1.0(-0.08%)","-0.08","25,395","-1.25","-31.72","11.45","0.57","63.13","-1.60","4.92"
"4197","アスマーク","東S","2395","+1.0(+0.04%)","0.04","958","0.36","1.04","11.55","0.50","10.19","1.70","65.88"
"4198","テンダ","東S","507","-3.0(-0.59%)","-0.59","1,580","-0.59","0.77","5.41","3.44","12.05","0.66","62.50"
"4199","ワンダープラネット","東G","803","-5.0(-0.62%)","-0.62","161","-0.27","-1.67","23.54","0.11","81.21","-0.71","42.86"
"4202","ダイセル","東P","1443.0","+11.5(+0.80%)","0.80","993,149","1.21","0.34","29.71","0.49","24.04","0.15","62.24"
"4203","住友ベークライト","東P","8444.0","+33.0(+0.39%)","0.39","2,879,836","2.02","10.26","79.81","0.46","53.23","1.88","82.44"
"4204","積水化学工業","東P","2530.5","+18.0(+0.72%)","0.72","1,907,276","0.56","-0.78","12.57","0.32","19.18","-0.33","54.74"
"4205","日本ゼオン","東P","2425.5","-6.5(-0.27%)","-0.27","761,242","0.03","0.34","41.88","0.40","29.86","0.13","63.88"
"4206","アイカ工業","東P","4235.0","+11.0(+0.26%)","0.26","568,152","-0.58","1.26","26.80","0.40","22.76","0.79","55.12"
"4208","ＵＢＥ","東P","3377.0","-23.0(-0.68%)","-0.68","1,155,541","-0.65","-2.54","45.97","0.45","27.26","-1.19","48.66"
"4212","積水樹脂","東P","2936","+50.0(+1.73%)","1.73","101,082","0.14","-0.17","47.17","0.64","27.08","-0.12","51.84"
"4216","旭有機材","東P","7160","+60.0(+0.85%)","0.85","1,179,079","8.78","17.72","50.58","0.58","44.38","3.11","88.83"
"4218","ニチバン","東P","1890","-5.0(-0.26%)","-0.26","18,064","-0.82","-2.31","6.12","0.33","11.92","-1.79","38.51"
"421A","ムービン・ストラテジック・キャ","東G","3845","-65.0(-1.66%)","-1.66","57,226","-1.81","-0.93","118.71","0.43","57.53","-0.19","51.13"
"4220","リケンテクノス","東P","2309","+8.0(+0.35%)","0.35","242,142","-1.88","-5.55","55.28","0.57","59.31","-1.13","42.63"
"4221","大倉工業","東P","5380","-310.0(-5.45%)","-5.45","1,298,518","-3.76","-3.41","20.22","4.59","31.56","-1.53","50.00"
"4222","児玉化学工業","東S","650","-8.0(-1.22%)","-1.22","176,767","-1.28","-4.36","20.82","1.16","44.50","-1.42","33.73"
"4224","ロンシール工業","東S","2149","+9.0(+0.42%)","0.42","5,371","0.71","1.25","15.85","0.30","13.53","1.39","71.43"
"4228","積水化成品工業","東P","617","-1.0(-0.16%)","-0.16","69,474","-0.29","3.03","54.25","1.07","43.86","0.86","72.31"
"4229","群栄化学工業","東P","4180","+10.0(+0.24%)","0.24","22,049","0.17","-1.32","8.43","0.63","42.02","-0.54","49.60"
"4231","タイガースポリマー","東S","1021","+0.0(+0.00%)","0.00","9,499","-0.64","-1.55","10.50","1.55","18.61","-1.25","44.09"
"4234","サンエー化研","東S","1020","+2.0(+0.20%)","0.20","14,368","0.53","1.09","56.68","0.75","54.92","0.43","47.86"
"4235","ウルトラファブリックスＨＬＤＧ","東S","680","+8.0(+1.19%)","1.19","21,700","0.83","0.05","6.25","1.66","16.90","0.04","56.36"
"4237","フジプレアム","東S","348","+7.0(+2.05%)","2.05","15,245","2.59","1.00","11.90","0.56","26.22","0.31","48.15"
"4238","ミライアル","東S","2022","+49.0(+2.48%)","2.48","67,917","2.09","7.07","88.27","0.69","56.14","1.77","59.14"
"423A","ライオン事務器","東S","318","-1.0(-0.31%)","-0.31","4,440","-1.30","-1.35","7.80","0.46","13.62","-1.59","43.33"
"4240","クラスターテクノロジー","東S","304","+2.0(+0.66%)","0.66","635","0.46","-2.91","2.70","1.05","36.44","-1.31","33.33"
"4241","アテクト","東S","724","-9.0(-1.23%)","-1.23","4,271","-1.68","6.60","41.96","0.69","30.84","1.35","67.20"
"4243","ニックス","東S","1065","-7.0(-0.65%)","-0.65","2,085","-1.10","1.72","34.81","0.41","30.41","0.73","57.76"
"4245","ダイキアクシス","東S","723","-1.0(-0.14%)","-0.14","4,116","0.19","1.01","12.09","0.45","15.45","0.89","57.14"
"4246","ダイキョーニシカワ","東P","1065","-21.0(-1.93%)","-1.93","100,743","-1.86","-3.09","33.12","0.32","25.54","-1.12","50.77"
"4247","ポバール興業","東S","1408","+10.0(+0.72%)","0.72","562","0.16","0.56","13.09","0.50","21.26","0.65","55.56"
"4248","竹本容器","東S","885","+4.0(+0.45%)","0.45","3,803","0.27","0.38","4.49","2.15","6.41","1.23","60.00"
"4249","森六","東P","2824","+1.0(+0.04%)","0.04","21,921","-1.16","-2.39","24.68","0.55","26.86","-1.09","38.53"
"424A","ＧＸ　ゴールド為替ヘッジあり","東ETF","317.1","-0.6(-0.19%)","-0.19","53,808","-0.35","-4.26","4.79","2.72","20.76","-1.72","29.64"
"4251","恵和","東P","1189","-3.0(-0.25%)","-0.25","32,915","-0.15","0.93","4.85","0.39","24.84","0.67","69.39"
"4255","ＴＨＥＣＯＯ","東G","3430","+5.0(+0.15%)","0.15","1,384","-0.72","-2.49","93.79","0.15","54.20","-1.59","38.03"
"4256","サインド","東G","1214","-4.0(-0.33%)","-0.33","7,284","1.27","7.68","35.19","1.61","24.76","1.77","77.33"
"4258","網屋","東G","5530","+200.0(+3.75%)","3.75","260,551","0.77","11.67","115.09","0.99","76.18","1.05","65.15"
"4259","エクサウィザーズ","東G","869","+3.0(+0.35%)","0.35","416,076","0.02","2.52","57.43","0.56","72.51","0.48","52.68"
"425A","ＧＸ　ゴールド","東ETF","353.8","+3.2(+0.91%)","0.91","76,221","0.15","-2.89","4.99","1.03","21.72","-1.08","45.12"
"4260","ハイブリッドテクノロジーズ","東G","204","+1.0(+0.49%)","0.49","2,014","0.29","-2.58","5.15","0.73","31.37","-1.14","30.00"
"4261","アジアクエスト","東G","2987","+0.0(+0.00%)","0.00","4,486","0.29","1.04","3.72","0.48","34.80","1.19","54.22"
"4262","ニフティライフスタイル","東G","1391","+1.0(+0.07%)","0.07","419","-0.26","-0.05","10.84","0.07","11.85","-0.10","50.00"
"4263","サスメド","東G","429","-7.0(-1.61%)","-1.61","43,506","-1.61","-2.58","9.44","1.97","75.60","-0.27","62.35"
"4264","セキュア","東G","1374","-10.0(-0.72%)","-0.72","21,158","-0.99","-3.73","0.96","0.70","30.80","-1.58","36.59"
"4265","Ｉｎｓｔｉｔｕｔｉｏｎ　ｆｏｒ","東G","247","-3.0(-1.20%)","-1.20","9,985","-6.93","-12.10","18.75","0.19","69.98","-3.20","13.73"
"426A","ＮＩＳ　Ｓ＆Ｐ５００イコール無","東ETF","1177.0","+2.0(+0.17%)","0.17","4,056","-0.34","-2.15","10.31","0.13","12.95","-0.98","37.93"
"4270","ＢｅｅＸ","東G","1887","+2.0(+0.11%)","0.11","3,950","-0.65","-0.56","8.76","2.33","25.82","-0.60","47.97"
"4272","日本化薬","東P","2121.0","+14.0(+0.66%)","0.66","402,327","0.87","1.97","27.08","0.21","22.08","1.31","65.21"
"4274","細谷火工","東S","1100","-37.0(-3.25%)","-3.25","26,021","-1.77","-1.39","9.56","0.70","41.23","-0.37","50.35"
"4275","カーリット","東P","1907","-12.0(-0.63%)","-0.63","92,904","-1.07","-5.08","1.92","0.19","62.02","-1.17","52.32"
"4284","ソルクシーズ","東S","461","+6.0(+1.32%)","1.32","8,602","1.19","2.24","16.12","1.52","21.78","1.49","65.96"
"4286","ＣＬＨＬＤＧ","東S","1340","+14.0(+1.06%)","1.06","13,836","-0.45","2.41","37.72","0.53","41.91","0.74","65.94"
"4287","ジャストプランニング","東S","487","+0.0(+0.00%)","0.00","1,222","-0.08","0.97","12.73","0.22","17.41","0.46","55.56"
"4288","アズジェント","東S","516","+80.0(+18.35%)","18.35","384,565","14.41","12.57","52.66","553.57","45.51","3.23","64.94"
"428A","サイプレス・ＨＬＤＧ","東S","1877","+49.0(+2.68%)","2.68","56,522","2.84","16.74","145.04","0.54","50.72","1.71","67.05"
"4290","プレステージ・インターナショナ","東P","684","+2.0(+0.29%)","0.29","150,056","-1.58","-2.50","9.79","0.41","23.39","-0.87","50.00"
"4293","セプテーニＨＬＤＧ","東S","504","-1.0(-0.20%)","-0.20","57,235","0.00","-1.76","32.98","0.42","26.59","-1.00","41.67"
"4299","ハイマックス","東S","1210","+3.0(+0.25%)","0.25","4,015","-0.44","-0.75","8.91","0.49","16.92","-0.73","47.17"
"429A","テクセンドフォトマスク","東P","3970","+110.0(+2.85%)","2.85","1,176,355","1.79","5.08","48.63","0.44","74.19","1.82","62.01"
"4301","アミューズ","東P","1841","-17.0(-0.91%)","-0.91","22,392","-1.28","-2.16","7.03","0.54","22.57","-1.30","43.53"
"4307","野村総合研究所","東P","5014.0","+62.0(+1.25%)","1.25","4,235,594","0.15","-1.33","42.52","0.41","51.37","-0.52","52.04"
"4308","Ｊストリーム","東G","358","+0.0(+0.00%)","0.00","3,215","0.28","0.26","4.99","0.61","14.07","0.37","64.29"
"4310","ドリームインキュベータ","東P","2540","-9.0(-0.35%)","-0.35","14,390","-1.01","0.56","8.87","0.41","22.64","0.30","59.30"
"4317","レイ","東S","587","+14.0(+2.44%)","2.44","26,686","2.62","3.48","31.91","7.12","21.45","2.75","66.67"
"4318","クイック","東P","846","+4.0(+0.48%)","0.48","21,961","-0.59","-0.16","21.73","0.39","20.76","-0.07","61.98"
"431A","ユーソナー","東G","2643","-52.0(-1.93%)","-1.93","14,334","-1.17","0.17","60.08","0.19","45.54","0.03","44.28"
"4320","ＣＥ　ＨＬＤＧ","東S","1630","+0.0(+0.00%)","0.00","39,452","0.04","-0.71","58.71","1.11","13.77","-1.18","20.00"
"4323","日本システム技術","東P","1912","+64.0(+3.46%)","3.46","62,785","1.38","0.57","28.58","0.93","35.39","0.29","55.70"
"4324","電通グループ","東P","3568.0","+5.0(+0.14%)","0.14","1,577,530","-0.02","-1.43","35.05","0.50","37.65","-0.87","45.91"
"4326","インテージＨＬＤＧ","東P","1966","+21.0(+1.08%)","1.08","34,561","-0.52","-1.23","23.03","0.62","28.83","-0.51","46.58"
"4331","テイクアンドギヴ・ニーズ","東P","869","+2.0(+0.23%)","0.23","228,228","9.36","15.34","34.94","0.24","37.45","3.36","83.60"
"4334","ユークス","東S","380","-2.0(-0.52%)","-0.52","762","-0.11","-2.04","4.97","0.61","14.43","-0.99","20.00"
"4335","ＩＰＳ　ＨＬＤＧ","東S","1080","+3.0(+0.28%)","0.28","972","-0.22","-0.83","0.47","0.23","6.75","-1.66","42.86"
"4337","ぴあ","東P","2514","+2.0(+0.08%)","0.08","44,847","-0.91","-5.30","8.22","0.73","25.41","-1.58","27.09"
"4341","西菱電機","東S","933","+30.0(+3.32%)","3.32","1,565","1.59","2.60","20.08","1.06","20.59","2.09","60.38"
"4343","イオンファンタジー","東P","2706","+19.0(+0.71%)","0.71","95,650","-0.22","-2.59","19.00","0.48","26.79","-1.13","36.40"
"4344","ソースネクスト","東P","103","-1.0(-0.96%)","-0.96","112,792","-0.39","-6.53","4.04","0.85","29.29","-1.40","30.00"
"4345","シーティーエス","東P","831","+1.0(+0.12%)","0.12","35,934","-1.05","-0.89","4.14","0.96","22.41","-0.90","47.95"
"4346","ＮＥＸＹＺ．Ｇｒｏｕｐ","東S","954","-14.0(-1.45%)","-1.45","56,451","-3.15","-5.15","44.55","1.27","40.42","-1.15","32.85"
"4347","ブロードメディア","東S","1885","-16.0(-0.84%)","-0.84","3,572","-0.43","6.85","21.61","0.31","28.80","1.15","76.71"
"4350","メディカルシステムネットワーク","東S","530","-2.0(-0.38%)","-0.38","31,708","0.45","4.33","22.40","0.53","26.79","1.59","77.78"
"4351","山田再生系債権回収総合事務所","東S","850","+0.0(+0.00%)","0.00","1,020","0.05","0.38","3.79","1.00","10.72","0.24","42.62"
"4356","応用技術","東S","1624","-1.0(-0.06%)","-0.06","487","-0.90","-0.29","8.27","1.50","17.67","-0.24","52.08"
"435A","ｉＦ日本配当ローテーション戦略","東ETF","2844.0","+11.0(+0.39%)","0.39","651,351","1.22","1.95","28.75","0.85","15.84","2.12","70.65"
"4360","マナック・ケミカル・パートナー","東S","1003","+5.0(+0.50%)","0.50","3,701","1.03","2.45","47.28","0.73","35.96","1.33","64.57"
"4361","川口化学工業","東S","1648","+2.0(+0.12%)","0.12","2,964","1.10","3.20","17.71","0.50","13.06","1.94","72.97"
"4362","日本精化","東P","2659","+28.0(+1.06%)","1.06","26,586","0.01","-0.98","14.32","0.42","18.11","-0.54","52.62"
"4366","ダイトーケミックス","東S","500","+14.0(+2.88%)","2.88","55,419","3.61","11.30","59.74","2.02","42.24","2.26","73.13"
"4368","扶桑化学工業","東P","3325","+105.0(+3.26%)","3.26","1,832,592","5.06","11.92","26.33","0.72","63.82","2.74","86.74"
"4369","トリケミカル研究所","東P","3235","+110.0(+3.52%)","3.52","1,115,389","5.16","6.10","31.45","0.87","59.05","1.78","63.27"
"436A","サイバーソリューションズ","東G","1344","-4.0(-0.30%)","-0.30","23,676","1.17","8.91","46.09","0.70","32.02","1.33","80.42"
"4370","モビルス","東G","405","-2.0(-0.49%)","-0.49","6,294","-3.06","1.68","49.45","0.74","96.15","0.17","54.73"
"4371","コアコンセプト・テクノロジー","東G","1562","+5.0(+0.32%)","0.32","15,530","3.86","7.23","74.92","0.60","44.14","1.91","64.07"
"4373","シンプレクス・ＨＬＤＧ","東P","1120","+12.0(+1.08%)","1.08","381,602","-0.78","-3.85","47.76","0.31","39.01","-1.06","45.69"
"4374","ＲＯＢＯＴ ＰＡＹＭＥＮＴ","東G","1181","-2.0(-0.17%)","-0.17","11,815","-1.75","-4.15","0.94","1.28","30.40","-2.17","41.48"
"4375","セーフィー","東G","652","+0.0(+0.00%)","0.00","29,469","0.03","-2.84","10.51","0.45","36.87","-1.23","44.14"
"4376","くふうカンパニーＨＬＤＧ","東G","181","-9.0(-4.74%)","-4.74","10,486","0.44","6.15","22.30","0.39","36.59","1.56","58.11"
"4377","ワンキャリア","東G","2471","+96.0(+4.04%)","4.04","165,313","4.19","3.23","48.23","1.41","50.38","0.72","67.33"
"4378","ＣＩＮＣ","東G","466","-1.0(-0.21%)","-0.21","1,165","-0.60","-7.53","7.13","1.04","48.31","-1.17","16.04"
"4379","Ｐｈｏｔｏｓｙｎｔｈ","東G","489","+3.0(+0.62%)","0.62","16,937","-1.49","6.62","33.24","1.04","34.65","1.04","68.97"
"4380","Ｍマート","東G","705","+5.0(+0.71%)","0.71","1,763","-0.23","1.54","24.78","2.08","32.63","0.97","59.76"
"4382","ＨＥＲＯＺ","東S","855","-3.0(-0.35%)","-0.35","58,373","0.23","7.16","23.91","0.45","32.14","1.38","73.10"
"4385","メルカリ","東P","3593.0","-11.0(-0.31%)","-0.31","4,654,519","-0.63","-11.11","21.59","0.87","50.71","-1.14","25.51"
"4386","ＳＩＧグループ","東S","905","+3.0(+0.33%)","0.33","2,338","0.27","1.32","12.70","0.52","16.81","1.07","64.10"
"4387","ＺＵＵ","東G","552","-6.0(-1.08%)","-1.08","2,249","-2.34","2.47","22.67","1.78","44.89","0.45","50.55"
"4388","エーアイ","東S","360","-2.0(-0.55%)","-0.55","2,052","-0.28","-2.77","2.86","0.32","17.03","-1.61","25.64"
"4389","プロパティデータバンク","東G","1145","-52.0(-4.34%)","-4.34","9,590","1.69","6.72","52.26","0.47","47.39","1.64","55.38"
"438A","インフキュリオン","東G","1061","+17.0(+1.63%)","1.63","25,922","1.03","4.63","57.42","0.23","34.55","1.52","63.51"
"4390","ＩＰＳ","東P","4060","+70.0(+1.75%)","1.75","76,230","0.52","-0.51","42.11","0.45","39.37","-0.28","44.35"
"4391","ロジザード","東G","1125","+0.0(+0.00%)","0.00","1,912","-0.41","-1.36","11.39","1.42","30.34","-1.04","33.68"
"4392","ＦＩＧ","東P","913","+5.0(+0.55%)","0.55","349,248","-0.89","-9.98","220.35","0.49","90.60","-1.23","38.00"
"4393","バンク・オブ・イノベーション","東G","6300","+0.0(+0.00%)","0.00","253,571","2.44","8.97","49.11","0.64","40.80","1.88","68.33"
"4394","エクスモーション","東G","812","+43.0(+5.59%)","5.59","113,469","8.73","21.56","114.81","2.85","65.45","2.46","78.68"
"4395","アクリート","東G","724","-7.0(-0.96%)","-0.96","60,755","8.06","9.48","32.84","0.12","76.16","0.87","45.23"
"4396","システムサポートＨＬＤＧ","東P","1336","+13.0(+0.98%)","0.98","57,068","-0.24","-1.91","42.74","0.78","37.16","-0.77","51.09"
"4397","チームスピリット","東G","379","+0.0(+0.00%)","0.00","6,278","-1.20","-5.86","8.29","0.67","34.59","-1.52","34.85"
"4398","ブロードバンドセキュリティ","東S","1510","+79.0(+5.52%)","5.52","95,150","8.59","14.31","25.62","3.59","21.64","3.72","81.64"
"4401","ＡＤＥＫＡ","東P","4626.0","+21.0(+0.46%)","0.46","650,683","0.65","1.37","30.86","0.45","39.29","0.64","67.92"
"4403","日油","東P","2554.5","+17.5(+0.69%)","0.69","1,010,420","0.60","-3.10","2.84","0.39","21.43","-0.98","45.13"
"4404","ミヨシ油脂","東S","2204","-7.0(-0.32%)","-0.32","13,613","-0.01","-0.08","25.80","0.51","34.95","-0.06","43.67"
"4406","新日本理化","東S","237","-11.0(-4.44%)","-4.44","54,842","-1.41","-2.45","26.06","0.72","40.85","-0.69","44.90"
"4409","東邦化学工業","東S","875","-5.0(-0.57%)","-0.57","6,051","1.48","8.93","21.87","0.42","22.27","2.23","74.59"
"4410","ハリマ化成グループ","東P","1151","+9.0(+0.79%)","0.79","22,783","0.68","2.68","32.76","0.29","40.00","1.00","67.88"
"4412","サイエンスアーツ","東G","1476","+8.0(+0.54%)","0.54","21,812","2.49","8.93","40.17","0.63","44.44","1.86","69.07"
"4413","ボードルア","東P","2968","+2.0(+0.07%)","0.07","420,586","0.07","0.09","75.31","0.30","35.29","1.23","57.69"
"4414","フレクト","東G","1130","-10.0(-0.88%)","-0.88","4,146","0.21","1.19","18.95","0.39","47.68","0.30","61.95"
"4415","ブロードエンタープライズ","東G","1476","+19.0(+1.30%)","1.30","3,210","1.58","5.12","48.19","0.22","39.66","1.79","63.43"
"4416","Ｔｒｕｅ　Ｄａｔａ","東G","406","+0.0(+0.00%)","0.00","528","-0.29","-1.46","11.54","0.81","45.64","-0.84","25.58"
"4417","グローバルセキュリティエキスパ","東G","5510","+40.0(+0.73%)","0.73","265,371","0.92","11.88","150.45","2.06","64.14","1.16","80.54"
"4418","ＪＤＳＣ","東G","1130","+16.0(+1.44%)","1.44","53,471","1.64","3.11","89.60","0.56","70.81","0.71","54.18"
"4419","ＦｉｎａｔｅｘｔＨＬＤＧ","東G","1311","+1.0(+0.08%)","0.08","284,802","-2.09","-5.13","73.87","0.41","78.71","-1.57","39.43"
"441A","ＮＥ","東G","269","-1.0(-0.37%)","-0.37","2,815","-0.52","-0.37","30.58","0.22","32.97","-0.15","50.00"
"4420","イーソル","東S","819","+1.0(+0.12%)","0.12","130,232","0.07","0.75","63.80","0.63","59.96","0.11","35.29"
"4421","ディ・アイ・システム","東S","901","-3.0(-0.33%)","-0.33","1,082","-2.30","-4.34","2.27","0.24","14.89","-2.83","22.08"
"4422","ＶＡＬＵＥＮＥＸ","東G","496","-5.0(-1.00%)","-1.00","5,849","-0.28","-8.87","67.57","0.61","59.62","-1.01","22.95"
"4424","Ａｍａｚｉａ","東G","308","-1.0(-0.32%)","-0.32","3,825","-0.65","-6.67","57.14","0.05","135.95","-1.54","32.53"
"4425","Ｋｕｄａｎ","東G","1434","+14.0(+0.99%)","0.99","68,781","0.22","-2.34","17.25","0.51","59.01","-0.64","33.03"
"4427","ＥｄｕＬａｂ","東G","228","+4.0(+1.79%)","1.79","6,845","1.88","0.26","38.18","0.13","52.43","0.10","50.00"
"4428","シノプス","東G","697","-4.0(-0.57%)","-0.57","554","-0.51","-1.64","14.08","0.44","33.58","-1.40","46.15"
"4429","リックソフト","東G","725","-8.0(-1.09%)","-1.09","1,164","-1.09","-0.54","5.84","2.00","17.82","-0.39","52.14"
"442A","クラシコ","東G","810","-8.0(-0.98%)","-0.98","1,381","1.25","-10.31","10.96","0.71","38.42","-1.02","25.30"
"4430","東海ソフト","東S","1734","-1.0(-0.06%)","-0.06","10,064","-0.08","-0.73","11.08","0.26","19.54","-0.43","53.91"
"4431","スマレジ","東G","3405","+30.0(+0.89%)","0.89","83,581","1.19","-0.83","72.93","0.19","41.32","-0.22","48.85"
"4432","ウイングアーク１ｓｔ","東P","3355","+60.0(+1.82%)","1.82","261,508","1.12","1.27","51.40","0.73","37.17","0.44","62.70"
"4433","ヒト・コミュニケーションズＨＤ","東P","848","+0.0(+0.00%)","0.00","10,565","-0.31","-1.88","4.31","0.53","15.47","-0.86","52.33"
"4434","サーバーワークス","東S","2439","-1.0(-0.04%)","-0.04","27,523","-0.16","-0.50","37.64","0.48","49.54","-0.24","49.26"
"4436","ミンカブ・ジ・インフォノイド","東G","672","-20.0(-2.89%)","-2.89","111,427","-3.36","36.13","67.16","0.48","66.70","1.48","84.82"
"4437","ｇｏｏｄｄａｙｓ　ＨＬＤＧ","東G","713","-6.0(-0.83%)","-0.83","4,506","-1.33","-4.00","13.35","10.50","34.05","-1.24","33.08"
"4438","Ｗｅｌｂｙ","東G","306","+29.0(+10.47%)","10.47","295,548","8.36","13.27","32.47","31.85","71.59","1.58","62.37"
"4439","東名","東S","837","+7.0(+0.84%)","0.84","1,415","0.17","4.93","23.45","0.27","42.67","1.70","67.23"
"443A","ｉＦ　ＥＴＦ東証ＲＥＩＴ　指数","東ETF","1766.0","-15.0(-0.84%)","-0.84","96,444","-1.81","-3.19","0.00","3.02","23.25","-1.94","39.66"
"4440","ヴィッツ","東S","2420","-77.0(-3.08%)","-3.08","276,893","-1.87","18.84","134.50","0.17","128.18","0.82","57.71"
"4441","トビラシステムズ","東S","1477","-5.0(-0.34%)","-0.34","9,667","-1.86","-1.07","39.34","0.83","41.66","-0.41","53.91"
"4442","バルテス・ＨＬＤＧ","東G","406","-1.0(-0.25%)","-0.25","2,883","-0.20","0.18","10.93","0.23","14.28","0.19","66.67"
"4443","Ｓａｎｓａｎ","東P","2062","+51.0(+2.54%)","2.54","2,074,509","0.91","-1.99","107.44","1.11","53.08","-0.44","57.20"
"4444","インフォネットグループ","東G","929","-5.0(-0.54%)","-0.54","2,988","-2.72","-2.56","19.26","5.33","27.40","-1.59","45.93"
"4445","リビン・テクノロジーズ","東G","1770","-30.0(-1.67%)","-1.67","8,386","-3.75","-7.27","23.34","0.21","45.31","-1.89","36.67"
"4446","Ｌｉｎｋ−Ｕグループ","東S","717","-16.0(-2.18%)","-2.18","50,285","-1.51","-11.45","31.80","0.48","68.62","-1.44","38.01"
"4447","ピー・ビーシステムズ","東G","486","+5.0(+1.04%)","1.04","5,908","-0.53","-2.43","15.71","1.48","14.91","-1.72","41.54"
"4448","ｋｕｂｅｌｌ","東G","358","+1.0(+0.28%)","0.28","12,105","-1.32","0.30","44.94","1.18","43.33","0.12","45.05"
"4450","パワーソリューションズ","東G","2407","+27.0(+1.13%)","1.13","7,911","0.70","2.78","26.55","0.34","14.46","2.07","64.16"
"4452","花王","東P","3482.0","-18.0(-0.51%)","-0.51","4,064,369","-0.38","-0.80","10.89","0.26","32.03","-0.38","55.34"
"4461","第一工業製薬","東P","14500","+20.0(+0.14%)","0.14","1,143,108","1.97","8.99","104.23","0.55","95.74","1.61","72.74"
"4462","石原ケミカル","東P","2980","+65.0(+2.23%)","2.23","91,723","3.68","3.38","34.66","1.20","43.17","1.36","61.78"
"4463","日華化学","東S","1987","-4.0(-0.20%)","-0.20","20,031","-0.13","-0.34","32.47","0.84","37.04","-0.17","50.18"
"4464","ソフト９９コーポレーション","東S","4050","+0.0(+0.00%)","0.00","5,265","-0.15","8.21","26.37","0.93","34.53","1.11","98.46"
"4465","ニイタカ","東S","2435","+10.0(+0.41%)","0.41","4,855","0.57","0.67","19.25","0.25","23.71","0.45","53.05"
"446A","ノースサンド","東G","2364","-31.0(-1.29%)","-1.29","920,531","0.70","9.29","142.21","0.71","56.11","1.37","62.09"
"4471","三洋化成工業","東P","1643","+3.0(+0.18%)","0.18","370,511","1.03","4.37","4.45","0.35","40.33","1.18","82.45"
"4475","ＨＥＮＮＧＥ","東G","1793","+18.0(+1.01%)","1.01","528,395","1.31","6.18","103.75","0.58","60.19","1.23","71.19"
"4476","ＡＩ　ＣＲＯＳＳ","東G","1094","+0.0(+0.00%)","0.00","3,169","0.61","-1.15","18.91","0.31","32.28","-0.35","52.99"
"4477","ＢＡＳＥ","東G","339","+3.0(+0.89%)","0.89","187,527","0.65","0.50","34.52","1.23","46.01","0.12","50.00"
"4478","フリー","東G","3565","+5.0(+0.14%)","0.14","881,649","-1.05","-8.21","94.70","0.71","62.58","-1.38","42.70"
"4479","マクアケ","東G","953","-1.0(-0.10%)","-0.10","11,132","-1.22","-0.73","20.33","0.28","55.89","-0.29","48.13"
"447A","ＳＳＳＰ　ゴールドヘッジなし","東ETF","263.1","+1.9(+0.73%)","0.73","10,679","-0.42","-3.14","4.74","0.29","22.73","-1.18","43.33"
"4480","メドレー","東P","2337","+20.0(+0.86%)","0.86","380,271","0.05","-5.81","36.27","0.57","56.50","-0.97","35.45"
"4481","ベース","東P","3210","+30.0(+0.94%)","0.94","193,120","0.47","-1.97","13.95","0.97","23.81","-0.87","36.99"
"4482","ウィルズ","東G","747","+0.0(+0.00%)","0.00","2,397","0.03","0.80","8.26","0.46","14.02","0.98","55.26"
"4483","ＪＭＤＣ","東P","3635","+75.0(+2.11%)","2.11","278,391","1.48","2.88","53.44","0.45","45.73","1.32","58.39"
"4484","ランサーズ","東G","286","+2.0(+0.70%)","0.70","1,367","-1.65","-3.02","13.94","0.58","17.40","-1.57","35.90"
"4486","ユナイトアンドグロウ","東G","685","+0.0(+0.00%)","0.00","3,134","-0.38","-0.02","11.02","1.70","21.69","-0.01","58.33"
"4487","スペースマーケット","東G","219","+0.0(+0.00%)","0.00","413","-1.44","-4.13","6.83","0.03","23.87","-2.41","15.00"
"4488","ＡＩ　ｉｎｓｉｄｅ","東G","2120","+68.0(+3.31%)","3.31","23,697","1.51","-1.84","11.40","2.55","31.03","-0.53","42.58"
"448A","ＳＳＳＰ　ゴールドヘッジあり","東ETF","250.0","-0.5(-0.20%)","-0.20","5,868","-0.30","-3.95","5.04","1.13","22.28","-1.68","31.37"
"4490","ビザスク","東G","678","+1.0(+0.15%)","0.15","6,443","0.33","2.63","45.18","1.07","30.63","1.35","71.43"
"4491","コンピューターマネージメント","東S","3020","-65.0(-2.11%)","-2.11","12,126","-4.76","-7.73","12.06","0.73","24.99","-2.77","27.63"
"4492","ゼネテック","東S","388","+0.0(+0.00%)","0.00","4,816","-0.05","-1.27","12.46","1.98","37.13","-0.50","45.45"
"4493","サイバーセキュリティクラウド","東G","2033","+66.0(+3.36%)","3.36","482,330","3.85","8.01","40.40","1.61","48.18","1.65","68.64"
"4495","アイキューブドシステムズ","東G","2040","-15.0(-0.73%)","-0.73","3,882","-1.08","-0.23","19.37","0.20","31.09","-0.12","55.47"
"4496","コマースＯｎｅ　ＨＬＤＧ","東G","766","+20.0(+2.68%)","2.68","531","0.92","-0.75","13.48","1.17","27.62","-0.66","48.45"
"4498","サイバートラスト","東G","1128","+3.0(+0.27%)","0.27","22,620","-0.90","-7.81","9.51","0.59","49.63","-1.14","34.17"
"4499","Ｓｐｅｅｅ","東S","2333","+101.0(+4.53%)","4.53","311,023","4.38","-1.34","17.65","1.83","59.02","-0.19","41.39"
"449A","ＳＳＳＰ　Ｓ＆Ｐ５００ヘッジ無","東ETF","828.6","+8.5(+1.04%)","1.04","2,742","0.39","1.29","20.96","2.77","11.18","0.86","80.59"
"4502","武田薬品工業","東P","5724.0","-56.0(-0.97%)","-0.97","11,186,336","-1.79","-1.46","21.53","0.37","24.65","-0.92","48.19"
"4503","アステラス製薬","東P","2314.5","-6.0(-0.26%)","-0.26","4,609,582","-0.94","-1.16","13.40","0.23","26.69","-0.48","54.10"
"4506","住友ファーマ","東P","1627.0","+0.5(+0.03%)","0.03","2,523,894","1.76","3.69","36.95","0.42","41.55","0.93","51.42"
"4507","塩野義製薬","東P","2865.0","-5.5(-0.19%)","-0.19","3,250,006","-0.73","-1.45","7.50","0.32","25.85","-0.92","46.56"
"450A","ＳＳＳＰ　Ｓ＆Ｐ５００ヘッジ有","東ETF","787.9","-0.8(-0.10%)","-0.10","1,033","-0.16","0.07","20.14","32.75","10.31","0.13","63.09"
"4512","わかもと製薬","東S","296","-4.0(-1.33%)","-1.33","4,218","-0.20","-1.74","23.33","0.51","25.72","-0.73","50.00"
"4516","日本新薬","東P","3504.0","+62.0(+1.80%)","1.80","1,874,203","0.81","0.85","5.00","1.18","32.12","0.42","63.39"
"4519","中外製薬","東P","6187.0","-38.0(-0.61%)","-0.61","15,330,143","-1.75","-6.64","3.08","0.27","32.85","-1.64","37.53"
"451A","ＳＳＳＰ　Ｓ＆Ｐ５００高配当株","東ETF","276.9","+0.8(+0.29%)","0.29","1,888","-0.49","-4.12","6.91","0.18","15.23","-1.47","29.10"
"4521","科研製薬","東P","3850","+0.0(+0.00%)","0.00","143,907","-0.77","-2.01","2.80","0.22","17.19","-1.28","44.09"
"4523","エーザイ","東P","4855.0","+0.0(+0.00%)","0.00","2,187,900","-0.50","1.33","32.65","0.30","30.44","0.64","64.99"
"4524","森下仁丹","東S","2222","-14.0(-0.63%)","-0.63","2,457","-0.98","-0.93","3.49","1.22","6.69","-3.00","39.42"
"4526","理研ビタミン","東P","3110","-35.0(-1.11%)","-1.11","77,398","-3.27","-6.20","16.83","0.26","19.66","-2.48","30.49"
"4527","ロート製薬","東P","2832.5","+23.5(+0.84%)","0.84","1,501,365","0.77","-2.39","27.68","0.44","48.82","-0.64","45.03"
"4528","小野薬品工業","東P","2341.5","-5.0(-0.21%)","-0.21","1,351,317","-1.39","-2.68","10.74","0.32","22.35","-1.15","39.70"
"452A","ｉＳ　Ｓ＆Ｐ５００プレミインカ","東ETF","816.4","+6.7(+0.83%)","0.83","114,359","0.51","0.52","6.01","1.12","9.37","0.40","63.64"
"4531","有機合成薬品工業","東S","367","+4.0(+1.10%)","1.10","3,355","0.82","1.77","13.98","0.56","25.33","1.11","59.18"
"4534","持田製薬","東P","3170","-10.0(-0.31%)","-0.31","45,473","-1.52","-2.51","3.26","0.27","18.67","-1.50","48.10"
"4536","参天製薬","東P","1690.0","+3.0(+0.18%)","0.18","971,870","-0.59","-5.10","8.23","0.40","26.08","-1.28","38.14"
"4538","扶桑薬品工業","東P","2222","+9.0(+0.41%)","0.41","18,935","-0.38","-1.38","11.66","0.69","17.34","-0.85","47.16"
"4539","日本ケミファ","東S","1567","+17.0(+1.10%)","1.10","2,656","-0.14","-0.08","3.77","3.40","24.92","-0.09","50.51"
"453A","ｉＳ米国債２０年超プレミインカ","東ETF","717.1","-0.5(-0.07%)","-0.07","69,707","-0.79","-3.01","0.52","0.67","11.26","-1.37","35.05"
"4540","ツムラ","東P","3756.0","-30.0(-0.79%)","-0.79","847,951","-1.54","-0.63","6.92","0.30","18.11","-0.41","57.14"
"4543","テルモ","東P","2344.5","+47.5(+2.07%)","2.07","7,170,462","1.89","-1.00","23.39","0.45","34.12","-0.19","52.33"
"4544","Ｈ．Ｕ．グループＨＬＤＧ","東P","3520.0","+6.0(+0.17%)","0.17","309,891","-0.49","-0.56","19.54","0.40","28.30","-0.22","53.35"
"4547","キッセイ薬品工業","東P","3860","+115.0(+3.07%)","3.07","234,443","0.34","-3.54","10.29","0.59","24.11","-1.44","35.34"
"4548","生化学工業","東P","580","-20.0(-3.33%)","-3.33","421,581","-3.59","-14.39","0.00","1.03","31.06","-2.28","22.07"
"4549","栄研化学","東P","2312","+4.0(+0.17%)","0.17","112,888","-0.46","0.10","14.40","0.52","41.40","0.05","55.79"
"4552","ＪＣＲファーマ","東P","501","-1.0(-0.20%)","-0.20","167,402","-0.83","-3.51","12.84","0.75","36.89","-1.57","35.48"
"4553","東和薬品","東P","3580","-45.0(-1.24%)","-1.24","136,617","-1.62","-2.77","10.49","0.36","33.67","-0.71","58.27"
"4554","富士製薬工業","東P","1763","-26.0(-1.45%)","-1.45","66,565","-1.46","-1.67","2.62","0.43","26.04","-0.70","52.44"
"4558","中京医薬品","東S","200","+0.0(+0.00%)","0.00","957","0.10","-0.36","1.52","1.55","7.34","-0.72","50.00"
"4559","ゼリア新薬工業","東P","1954","-8.0(-0.41%)","-0.41","189,011","-1.63","-2.68","0.72","0.48","17.65","-1.74","43.37"
"4563","アンジェス","東G","37","-1.0(-2.63%)","-2.63","6,561","1.09","-1.60","8.82","0.07","46.11","-0.38","44.44"
"4564","オンコセラピー・サイエンス","東G","21","+0.0(+0.00%)","0.00","4,244,463","0.96","-3.14","16.67","1.34","61.41","-0.93","44.44"
"4565","ネクセラファーマ","東P","1261","+12.0(+0.96%)","0.96","460,842","1.79","5.42","62.29","0.44","47.42","1.14","52.84"
"4568","第一三共","東P","2757.5","-42.5(-1.52%)","-1.52","6,770,114","-2.22","-2.69","15.38","0.38","38.28","-1.11","50.52"
"4569","杏林製薬","東P","1102","-3.0(-0.27%)","-0.27","118,798","-1.41","-3.07","4.75","0.66","23.51","-1.14","49.66"
"456A","ＨＵＭＡＮ　ＭＡＤＥ","東G","2046","+124.0(+6.45%)","6.45","1,952,218","6.26","25.45","69.09","1.40","73.93","2.28","79.96"
"4570","免疫生物研究所","東G","1176","-23.0(-1.92%)","-1.92","117,202","-0.46","4.24","32.43","0.81","47.82","0.91","53.29"
"4571","ＮＡＮＯＨＬＤＧ","東G","99","+0.0(+0.00%)","0.00","21,067","0.81","-1.39","6.45","0.48","31.54","-0.66","46.67"
"4572","カルナバイオサイエンス","東G","427","-5.0(-1.16%)","-1.16","30,745","-3.00","-0.55","49.82","0.43","59.76","-0.16","40.19"
"4574","大幸薬品","東P","259","+5.0(+1.97%)","1.97","22,943","0.23","0.54","5.28","1.09","25.48","0.26","58.54"
"4575","キャンバス","東G","741","-51.0(-6.44%)","-6.44","158,997","0.35","-4.68","46.44","0.39","71.78","-0.72","45.42"
"4576","デ・ウエスタン・セラピテクス","東G","74","-3.0(-3.90%)","-3.90","27,372","1.37","-8.69","12.12","0.85","61.35","-0.82","33.33"
"4577","ダイト","東P","1313","-11.0(-0.83%)","-0.83","45,831","-1.31","-0.30","17.23","0.52","21.11","-0.11","60.73"
"4578","大塚ＨＬＤＧ","東P","11430.0","-155.0(-1.34%)","-1.34","7,749,556","0.87","-1.94","31.82","0.38","31.69","-0.50","42.88"
"4579","ラクオリア創薬","東G","622","+2.0(+0.32%)","0.32","44,472","2.34","8.82","42.01","0.46","32.62","2.21","74.66"
"4582","シンバイオ製薬","東G","56","+0.0(+0.00%)","0.00","19,142","-0.71","-4.70","5.66","0.67","41.63","-0.86","37.50"
"4583","カイオム・バイオサイエンス","東G","104","-4.0(-3.70%)","-3.70","71,636","-1.70","11.11","60.00","0.49","84.35","1.08","57.14"
"4584","キッズウェル・バイオ","東G","168","-2.0(-1.18%)","-1.18","20,833","1.08","0.07","34.40","0.49","42.79","0.02","50.00"
"4586","メドレックス","東G","59","+1.0(+1.72%)","1.72","25,329","0.34","-3.28","22.92","0.49","89.15","-0.70","45.00"
"4587","ペプチドリーム","東P","1131.0","+17.5(+1.57%)","1.57","722,934","4.09","4.58","24.78","0.46","30.46","2.07","58.37"
"4591","リボミック","東G","80","+0.0(+0.00%)","0.00","19,976","2.30","-3.33","40.35","0.42","97.59","-0.55","40.00"
"4592","サンバイオ","東G","963","-1.0(-0.10%)","-0.10","323,862","1.65","1.81","12.24","0.37","47.83","0.47","52.01"
"4593","ヘリオス","東G","291","-7.0(-2.35%)","-2.35","325,336","1.11","0.69","39.90","0.45","65.27","0.26","54.46"
"4594","ブライトパス・バイオ","東G","49","-1.0(-2.00%)","-2.00","39,523","-1.21","-9.39","13.95","1.51","61.38","-1.46","33.33"
"4595","ミズホメディー","東S","1730","-4.0(-0.23%)","-0.23","93,859","-0.33","0.24","6.20","1.04","11.70","0.25","58.59"
"4596","窪田製薬ＨＬＤＧ","東G","66","+0.0(+0.00%)","0.00","16,197","0.00","-0.18","57.14","0.54","145.78","-0.08","60.00"
"4597","ソレイジア・ファーマ","東G","31","+0.0(+0.00%)","0.00","2,150,045","1.31","4.45","47.62","1.36","60.10","1.68","75.00"
"4598","Ｄｅｌｔａ―Ｆｌｙ　Ｐｈａｒｍ","東G","115","-1.0(-0.86%)","-0.86","30,966","-0.52","-0.28","25.00","0.90","111.41","-0.03","35.00"
"4599","ステムリム","東G","168","-2.0(-1.18%)","-1.18","32,720","-1.29","-33.77","4.35","0.44","92.68","-1.09","8.25"
"459A","野村高利回りＪリート指数ＥＴＦ","東ETF","9771.0","-173.0(-1.74%)","-1.74","2,550","-0.86","-2.84","0.62","2.78","16.39","-1.96","35.55"
"460A","ＢＲＡＮＵ","東G","1225","+12.0(+0.99%)","0.99","14,783","-0.76","9.78","120.72","0.69","51.09","1.01","67.24"
"4611","大日本塗料","東P","1564","+5.0(+0.32%)","0.32","32,854","-0.38","0.06","31.54","0.46","23.97","0.03","61.42"
"4612","日本ペイントＨＬＤＧ","東P","1177.0","-2.5(-0.21%)","-0.21","951,864","-0.05","1.78","23.89","0.22","29.52","0.65","67.22"
"4613","関西ペイント","東P","2813.0","-10.0(-0.35%)","-0.35","784,558","-0.47","-1.00","26.46","0.26","21.17","-0.81","50.66"
"4615","神東塗料","東S","132","-1.0(-0.75%)","-0.75","1,044","0.15","0.12","9.09","3.04","14.76","0.12","50.00"
"4616","川上塗料","東S","2660","+63.0(+2.43%)","2.43","11,804","2.47","9.42","50.71","1.45","32.17","1.51","80.80"
"4617","中国塗料","東P","3675","+75.0(+2.08%)","2.08","471,198","2.34","3.59","26.99","0.57","36.85","1.92","65.55"
"4619","日本特殊塗料","東S","2624","-26.0(-0.98%)","-0.98","55,582","-1.33","-1.75","30.22","0.83","22.49","-1.14","47.66"
"461A","ＭＸＳ日本株高配当Ｓ５０","東ETF","2643.0","-35.0(-1.31%)","-1.31","3,413","-1.59","-0.90","22.30","0.34","25.34","-0.56","51.38"
"4620","藤倉化成","東S","1085","+14.0(+1.31%)","1.31","63,989","0.65","8.86","76.42","0.95","41.35","1.78","77.39"
"4623","アサヒペン","東S","1826","-15.0(-0.81%)","-0.81","1,281","-1.78","-1.91","8.50","0.35","12.88","-1.69","41.06"
"4624","イサム塗料","東S","3950","-20.0(-0.50%)","-0.50","790","-1.13","-2.13","18.09","2.00","17.93","-1.33","45.00"
"4625","アトミクス","東S","901","-9.0(-0.99%)","-0.99","7,205","0.36","5.21","31.53","1.05","30.62","1.24","64.37"
"4626","太陽ＨＬＤＧ","東P","4852.0","+57.0(+1.19%)","1.19","1,142,360","1.14","2.25","4.84","0.61","12.29","3.45","96.10"
"4627","ナトコ","東S","2050","-40.0(-1.91%)","-1.91","21,600","0.61","5.85","33.90","1.21","21.25","1.86","80.07"
"4628","エスケー化研","東S","10180","+190.0(+1.90%)","1.90","100,647","0.67","4.56","17.96","0.60","16.76","1.35","69.67"
"4629","大伸化学","東S","2480","+0.0(+0.00%)","0.00","5,110","-0.56","3.31","52.52","0.95","32.86","0.50","48.42"
"462A","ＦＵＮＤＩＮＮＯ","東G","252","+1.0(+0.40%)","0.40","10,468","0.08","-10.95","24.75","0.25","95.11","-0.86","33.77"
"4631","ＤＩＣ","東P","4976.0","+26.0(+0.53%)","0.53","1,071,802","2.05","2.43","42.25","0.37","46.07","0.69","76.44"
"4633","サカタインクス","東P","2638","-3.0(-0.11%)","-0.11","141,493","-0.47","0.47","23.85","0.48","27.69","0.22","73.90"
"4634","ａｒｔｉｅｎｃｅ","東P","5110","+20.0(+0.39%)","0.39","336,982","0.20","0.52","49.42","0.44","25.70","0.42","64.54"
"4635","東京インキ","東S","2015","-23.0(-1.13%)","-1.13","27,691","-0.60","-3.69","69.04","1.17","58.45","-1.42","32.25"
"463A","インテリックスＨＬＤＧ","東S","1010","-13.0(-1.27%)","-1.27","11,806","-0.82","0.20","18.54","1.56","20.99","0.16","42.59"
"4641","アルプス技研","東P","872","-4.0(-0.46%)","-0.46","45,478","-0.39","0.46","16.27","0.58","18.40","0.32","58.62"
"4642","オリジナル設計","東S","1389","-12.0(-0.86%)","-0.86","7,781","-0.81","-1.43","0.58","4.31","9.79","-2.39","41.60"
"4644","イマジニア","東S","1028","-1.0(-0.10%)","-0.10","12,316","-0.85","-2.51","3.01","1.36","7.84","-2.25","25.53"
"464A","ＱＰＳＨＬＤＧ","東G","1666","-14.0(-0.83%)","-0.83","1,078,285","-1.88","-3.96","23.32","0.94","62.54","-0.97","42.37"
"4650","ＳＤエンターテイメント","東S","270","-1.0(-0.37%)","-0.37","216","-0.15","0.19","3.85","0.17","9.34","0.40","50.00"
"4651","サニックスＨＬＤＧ","東S","248","-2.0(-0.80%)","-0.80","50,901","0.00","-5.31","29.17","1.31","32.68","-1.00","29.82"
"4657","環境管理センター","東S","460","+1.0(+0.22%)","0.22","1,062","0.13","-0.80","12.75","0.51","20.81","-0.55","38.10"
"4658","日本空調サービス","東P","1547","-9.0(-0.58%)","-0.58","91,680","-2.86","-2.03","21.24","0.41","26.46","-0.81","47.34"
"465A","ＧＸ　日経平均株主還元４０","東ETF","1311.0","-24.0(-1.80%)","-1.80","12,866","-1.78","-2.33","21.95","4.47","18.70","-2.24","44.83"
"4661","オリエンタルランド","東P","2889.0","-19.5(-0.67%)","-0.67","5,259,601","-0.77","-4.77","37.38","0.39","37.03","-1.74","25.37"
"4662","フォーカスシステムズ","東P","1621","+5.0(+0.31%)","0.31","18,224","-0.09","-1.14","8.36","0.42","24.76","-0.53","50.00"
"4664","アール・エス・シー","東S","1129","+3.0(+0.27%)","0.27","12,694","-0.69","3.08","57.68","0.67","64.22","0.47","54.89"
"4665","ダスキン","東P","4658.0","+13.0(+0.28%)","0.28","246,200","-0.66","-0.31","20.86","0.42","18.31","-0.31","51.90"
"4666","パーク２４","東P","1853.0","-11.0(-0.59%)","-0.59","3,172,959","-2.91","-6.50","6.92","0.55","22.94","-2.41","29.97"
"4667","アイサンテクノロジー","東S","1043","-77.0(-6.88%)","-6.88","389,190","-3.37","0.45","3.78","0.39","116.05","0.03","45.02"
"4668","明光ネットワークジャパン","東P","752","-4.0(-0.53%)","-0.53","27,433","-0.48","-2.08","12.24","0.60","22.30","-1.31","35.19"
"466A","ＧＸ　防衛テック　ＥＴＦ","東ETF","995.0","+8.0(+0.81%)","0.81","13,914","-0.56","-3.08","2.58","0.26","23.50","-0.96","50.00"
"4671","ファルコＨＬＤＧ","東S","2704","+4.0(+0.15%)","0.15","41,440","-1.54","-5.67","8.20","0.44","18.99","-2.27","27.43"
"4674","クレスコ","東P","1934","+11.0(+0.57%)","0.57","126,115","1.86","2.27","43.58","0.32","29.69","0.45","71.39"
"4676","フジ・メディアＨＬＤＧ","東P","3911.0","-35.0(-0.89%)","-0.89","1,145,728","-1.83","-4.31","17.52","0.44","26.98","-2.18","39.14"
"4678","秀英予備校","東S","333","+1.0(+0.30%)","0.30","233","0.24","0.31","12.50","0.30","11.14","0.55","50.00"
"4679","田谷","東S","269","+4.0(+1.51%)","1.51","908","1.43","1.88","12.08","3.09","14.53","2.69","68.18"
"467A","ＧＸ　米ドル建て投資適格社債Ｈ","東ETF","267.0","-1.6(-0.60%)","-0.60","32","-0.73","-2.61","0.00","0.31","5.71","-2.14","20.35"
"4680","ラウンドワン","東P","1275.0","+39.0(+3.16%)","3.16","1,692,475","3.77","2.25","61.78","0.72","42.45","0.44","63.90"
"4681","リゾートトラスト","東P","1755.0","+2.0(+0.11%)","0.11","242,931","-0.61","-2.88","10.34","0.26","27.54","-1.08","37.01"
"4684","オービック","東P","5016.0","+57.0(+1.15%)","1.15","2,923,818","0.28","0.70","37.69","0.34","30.17","0.33","58.92"
"4685","菱友システムズ","東S","2739","-33.0(-1.19%)","-1.19","33,074","-0.67","1.14","11.03","0.94","31.81","0.66","63.17"
"4686","ジャストシステム","東P","4440","+55.0(+1.25%)","1.25","180,760","0.45","3.73","33.73","0.45","25.71","1.58","68.03"
"4687","ＴＤＣソフト","東P","1089","+17.0(+1.59%)","1.59","43,449","1.53","3.81","28.72","0.56","37.13","2.17","54.32"
"4689","ＬＩＮＥヤフー","東P","504.8","-8.1(-1.58%)","-1.58","4,525,397","-1.51","-5.85","38.26","0.48","30.46","-1.76","41.39"
"468A","ＧＸ　米ドル建て投資適格社債","東ETF","272.9","+1.3(+0.48%)","0.48","46","-0.01","-0.85","4.96","0.09","9.01","-0.47","64.34"
"4691","ワシントンホテル","東S","2014","-30.0(-1.47%)","-1.47","54,870","0.03","-6.50","61.64","0.52","50.02","-1.10","29.38"
"4694","ビー・エム・エル","東P","3645","+0.0(+0.00%)","0.00","107,723","-0.52","-0.05","8.16","0.42","15.22","-0.05","55.13"
"469A","フィットクルー","東G","1616","+1.0(+0.06%)","0.06","1,612","-0.27","-2.35","17.78","0.32","29.23","-1.16","43.78"
"4704","トレンドマイクロ","東P","6720.0","+187.0(+2.86%)","2.86","3,957,854","2.55","10.17","40.32","0.51","53.84","1.67","78.70"
"4705","クリップコーポレーション","東S","787","-7.0(-0.88%)","-0.88","236","0.28","-0.48","4.24","0.20","10.89","-0.60","43.94"
"4707","キタック","東S","374","+10.0(+2.75%)","2.75","8,005","2.52","7.98","21.04","0.46","27.10","2.40","80.00"
"4709","ＩＤ　ＨＬＤＧ","東P","1076","-12.0(-1.10%)","-1.10","25,102","-1.57","-0.27","22.13","0.42","30.02","-0.15","60.74"
"4712","ＫｅｙＨｏｌｄｅｒ","東S","820","-1.0(-0.12%)","-0.12","6,975","0.44","0.84","16.48","0.73","12.81","0.67","46.91"
"4714","リソー教育グループ","東P","209","+1.0(+0.48%)","0.48","98,165","-0.48","-0.53","11.76","0.57","17.64","-0.47","47.06"
"4716","日本オラクル","東S","9690.0","+82.0(+0.85%)","0.85","1,350,502","0.22","4.22","24.90","0.47","31.78","1.58","64.01"
"4718","早稲田アカデミー","東P","2476","+29.0(+1.19%)","1.19","26,330","0.22","-2.31","28.96","0.38","27.56","-1.05","34.65"
"4719","アルファシステムズ","東P","3295","-25.0(-0.75%)","-0.75","25,605","-0.54","-1.22","7.86","0.28","21.90","-0.62","48.60"
"471A","ＮＳグループ","東P","1540","-1.0(-0.06%)","-0.06","202,879","-0.08","-1.21","18.92","0.80","17.31","-0.54","51.52"
"4720","城南進学研究社","東S","241","+1.0(+0.42%)","0.42","650","-0.33","-0.95","5.70","0.26","10.90","-1.48","41.18"
"4722","フューチャー","東P","2425","+0.0(+0.00%)","0.00","152,323","-0.02","-0.40","69.70","0.17","36.34","-0.83","24.39"
"4725","ＣＡＣ　ＨＬＤＧ","東P","1934","+19.0(+0.99%)","0.99","64,915","0.14","-0.25","11.73","0.62","14.08","-0.26","49.44"
"4728","トーセ","東S","648","+3.0(+0.47%)","0.47","2,074","0.09","-0.24","3.85","0.22","8.36","-0.50","40.43"
"472A","ミラティブ","東G","552","-6.0(-1.08%)","-1.08","14,776","-0.72","-0.54","46.03","0.30","60.67","-0.18","57.66"
"4732","ユー・エス・エス","東P","1827.0","+33.0(+1.84%)","1.84","1,856,100","-0.10","-5.11","12.53","0.56","17.48","-1.61","27.56"
"4733","オービックビジネスコンサルタン","東P","8164.0","+151.0(+1.88%)","1.88","389,774","0.34","-1.93","46.91","0.34","33.04","-0.76","47.98"
"4735","京進","東S","285","+2.0(+0.71%)","0.71","490","0.85","-3.77","3.64","0.21","26.88","-1.47","28.12"
"4736","日本ラッド","東S","582","+0.0(+0.00%)","0.00","524","-0.61","-0.44","7.98","0.47","28.82","-0.61","52.63"
"473A","ニッセイＥＴＦ　日経２２５","東ETF","1389.0","+39.0(+2.89%)","2.89","19,733","3.38","5.71","36.58","1.05","25.60","3.11","87.23"
"4743","アイティフォー","東P","1621","+11.0(+0.68%)","0.68","56,037","-0.75","-1.31","2.92","0.58","22.15","-0.74","54.87"
"4746","東計電算","東S","1951","-35.0(-1.76%)","-1.76","508,383","1.20","8.55","5.40","0.81","47.97","1.96","79.77"
"4750","ダイサン","東S","566","-1.0(-0.18%)","-0.18","1,763","0.96","1.19","7.60","0.38","12.99","0.66","56.41"
"4751","サイバーエージェント","東P","1232.0","+0.5(+0.04%)","0.04","3,345,155","0.06","-3.02","2.37","0.56","49.88","-0.90","48.70"
"4754","トスネット","東S","1515","-4.0(-0.26%)","-0.26","455","0.64","0.99","10.34","0.12","17.86","1.86","58.33"
"4755","楽天グループ","東P","682.2","-8.2(-1.19%)","-1.19","9,928,195","-0.17","-6.34","1.71","0.61","40.78","-1.41","31.29"
"475A","ギミック","東S","698","-1.0(-0.14%)","-0.14","1,653","-0.29","0.84","25.09","0.27","49.74","0.32","56.00"
"4760","アルファ","東S","1200","+0.0(+0.00%)","0.00","2,161","0.20","-16.75","1.69","1.12","38.91","-1.30","3.61"
"4761","さくらケーシーエス","東S","1485","+0.0(+0.00%)","0.00","8,773","0.01","1.58","22.73","0.51","21.53","1.02","66.19"
"4762","エックスネット","東S","1100","-18.0(-1.61%)","-1.61","11,035","-0.17","1.33","5.77","1.49","58.75","0.43","51.78"
"4763","クリーク・アンド・リバー社","東P","1515","-28.0(-1.81%)","-1.81","68,605","-0.07","0.99","24.90","0.75","25.96","0.53","66.67"
"4765","ＳＢＩグローバルアセットマネジ","東P","619","-1.0(-0.16%)","-0.16","115,756","-0.48","-1.63","12.34","0.33","21.62","-0.92","46.43"
"4766","ピーエイ","東S","214","+1.0(+0.47%)","0.47","13,864","2.10","2.51","20.90","3.36","21.92","1.26","55.17"
"4767","テー・オー・ダブリュー","東S","401","+6.0(+1.52%)","1.52","79,740","1.37","2.79","26.90","1.25","24.77","1.90","67.44"
"4768","大塚商会","東P","3670.0","+23.0(+0.63%)","0.63","1,177,951","0.50","1.97","36.08","0.24","31.24","1.23","72.97"
"4769","ＩＣ","東S","1126","+0.0(+0.00%)","0.00","113","-0.69","-1.24","12.60","0.50","31.15","-0.94","39.84"
"4771","エフアンドエム","東S","2681","-53.0(-1.94%)","-1.94","7,795","-1.95","-1.34","33.05","0.25","23.99","-0.74","52.97"
"4772","ＳＭ　ＥＮＴＥＲＴＡＩＮＭＥＮ","東G","74","+0.0(+0.00%)","0.00","1,494","0.82","2.72","17.46","0.57","46.72","2.05","60.00"
"4776","サイボウズ","東P","3010","+43.0(+1.45%)","1.45","380,931","0.22","-1.24","54.52","0.73","43.97","-0.38","50.70"
"4777","ガーラ","東S","197","+0.0(+0.00%)","0.00","671","-0.20","-1.10","13.87","0.33","21.15","-0.99","42.86"
"477A","スタートライン","東G","821","-28.0(-3.30%)","-3.30","8,416","-2.63","1.52","69.28","0.36","43.93","0.17","45.86"
"4783","ＮＣＤ","東S","2500","+0.0(+0.00%)","0.00","12,480","-1.54","-4.39","10.67","0.18","17.74","-2.28","27.70"
"4784","ＧＭＯインターネット","東P","535","-5.0(-0.93%)","-0.93","289,825","-1.44","-2.14","21.59","0.52","51.88","-0.65","52.46"
"478A","フツパー","東G","739","-3.0(-0.40%)","-0.40","14,365","-0.24","-4.63","11.97","0.46","32.60","-1.28","31.55"
"4792","山田コンサルティンググループ","東P","1723","+3.0(+0.17%)","0.17","26,450","-1.26","-2.63","8.36","0.53","14.53","-1.85","39.90"
"479A","ＰＲＯＮＩ","東G","1988","-3.0(-0.15%)","-0.15","86,354","-4.52","-0.44","68.33","0.32","60.56","-0.08","52.85"
"4801","セントラルスポーツ","東P","2343","-33.0(-1.39%)","-1.39","36,385","-1.51","-3.26","4.83","0.59","9.65","-2.74","21.15"
"4809","パラカ","東P","1991","-10.0(-0.50%)","-0.50","15,911","-0.99","-1.73","4.19","0.50","12.19","-1.67","44.39"
"480A","リブ・コンサルティング","東G","1014","-7.0(-0.69%)","-0.69","13,665","1.64","7.28","20.57","0.42","43.89","1.79","71.76"
"4811","ドリーム・アーツ","東G","932","+12.0(+1.30%)","1.30","8,455","2.85","4.90","33.52","1.49","36.82","1.91","63.09"
"4812","電通総研","東P","2863","+1.0(+0.03%)","0.03","1,290,309","0.03","0.64","65.68","0.51","34.21","0.40","63.16"
"4813","ＡＣＣＥＳＳ","東P","439","+12.0(+2.81%)","2.81","109,648","4.23","4.44","38.05","1.21","65.83","0.73","58.91"
"4814","ネクストウェア","東S","172","+10.0(+6.17%)","6.17","63,485","3.99","2.58","18.62","9.13","32.65","1.19","51.16"
"4816","東映アニメーション","東S","2964","+0.0(+0.00%)","0.00","612,511","-0.38","-2.06","32.38","0.45","35.19","-1.19","45.01"
"4819","デジタルガレージ","東P","2421","-44.0(-1.78%)","-1.78","517,869","-0.22","5.38","43.25","0.37","43.43","1.27","76.80"
"4820","イーエムシステムズ","東P","580","+1.0(+0.17%)","0.17","12,016","-1.33","-2.12","20.33","0.33","21.54","-1.31","49.35"
"4825","ウェザーニューズ","東P","1990","+6.0(+0.30%)","0.30","221,093","-0.21","-2.01","6.87","0.89","22.53","-0.85","43.39"
"4826","ＣＩＪ","東P","537","+4.0(+0.75%)","0.75","63,349","-0.37","-0.39","14.74","0.82","18.90","-0.26","65.85"
"4828","ビジネスエンジニアリング","東P","1344","+14.0(+1.05%)","1.05","34,132","-0.97","-3.29","41.47","0.33","31.47","-1.33","41.26"
"4829","日本エンタープライズ","東S","106","+0.0(+0.00%)","0.00","18,062","-0.93","-2.43","7.07","0.41","15.58","-1.46","36.36"
"4832","ＪＦＥシステムズ","東S","1907","+0.0(+0.00%)","0.00","3,058","-0.76","-1.43","5.24","0.15","23.70","-0.84","50.59"
"4833","Ｄｅｆ　ｃｏｎｓｕｌｔｉｎｇ","東G","59","+2.0(+3.51%)","3.51","43,638","3.15","5.51","84.38","0.70","128.59","0.72","57.58"
"4838","スペースシャワーＳＫＩＹＡＫＩ","東S","706","+1.0(+0.14%)","0.14","8,192","0.09","0.23","16.12","0.55","18.96","0.18","59.46"
"4839","ＷＯＷＯＷ","東P","969","-4.0(-0.41%)","-0.41","148,885","-1.32","-3.30","0.83","1.36","12.43","-2.64","18.84"
"483A","テラテクノロジー","東S","2135","-6.0(-0.28%)","-0.28","1,490","-0.45","-1.33","6.70","3.50","13.56","-2.24","22.73"
"4840","トライアイズ","東S","845","+124.0(+17.20%)","17.20","1,115,175","11.77","17.29","99.29","30.77","95.18","1.65","64.38"
"4845","スカラ","東S","348","+2.0(+0.58%)","0.58","8,901","-0.11","-0.63","8.07","0.60","18.67","-0.52","51.72"
"4847","インテリジェント　ウェイブ","東P","1481","+19.0(+1.30%)","1.30","55,811","-0.82","4.56","63.83","0.59","52.26","0.99","65.94"
"4848","フルキャストＨＬＤＧ","東P","1818","-8.0(-0.44%)","-0.44","40,837","-1.40","-1.99","22.75","0.42","24.36","-1.05","51.80"
"4849","エン","東P","1743","-4.0(-0.23%)","-0.23","378,679","-0.15","4.31","63.82","0.60","32.81","1.13","77.54"
"485A","パワーエックス","東G","2024","+19.0(+0.95%)","0.95","7,310,934","-0.91","0.85","52.07","0.83","107.89","0.09","55.62"
"486A","ＮＦ　ユーロ５０　ヘッジなし","東ETF","2135.0","-21.0(-0.97%)","-0.97","2,893","-1.04","-2.35","12.66","3.47","15.12","-1.10","42.95"
"487A","ＮＦ　ドイツＤＡＸ　ヘッジなし","東ETF","1973.0","-21.0(-1.05%)","-1.05","10,390","-1.26","-3.24","9.43","13.04","14.49","-1.34","41.04"
"4880","セルソース","東S","317","+1.0(+0.32%)","0.32","7,013","-0.31","-4.87","7.82","0.32","39.82","-1.21","36.07"
"4881","ファンペップ","東G","48","+0.0(+0.00%)","0.00","3,574","-0.41","-4.61","6.67","0.58","82.27","-1.35","22.22"
"4882","ペルセウスプロテオミクス","東G","164","-3.0(-1.80%)","-1.80","16,967","-2.03","2.37","22.39","0.59","44.67","0.29","50.85"
"4883","モダリス","東G","32","+1.0(+3.23%)","3.23","4,326","0.63","-5.66","10.34","0.32","67.82","-0.81","40.91"
"4884","クリングルファーマ","東G","500","-1.0(-0.20%)","-0.20","25,216","0.24","9.77","74.22","0.59","49.40","1.53","68.78"
"4885","室町ケミカル","東S","916","+7.0(+0.77%)","0.77","14,786","0.59","2.58","12.39","2.49","19.13","1.25","59.46"
"4886","あすか製薬ＨＬＤＧ","東P","2038","-18.0(-0.88%)","-0.88","57,341","-2.24","-2.90","6.31","0.63","26.44","-1.56","42.97"
"4887","サワイグループＨＬＤＧ","東P","1606.5","-29.5(-1.80%)","-1.80","506,182","-2.22","-0.56","3.61","0.53","20.74","-0.31","52.20"
"4888","ステラファーマ","東G","429","-3.0(-0.69%)","-0.69","243,618","1.27","8.84","110.29","2.58","41.87","1.22","66.12"
"4889","レナサイエンス","東G","1136","-35.0(-2.99%)","-2.99","229,973","-3.86","-5.81","3.18","2.06","70.44","-1.08","37.82"
"488A","ｉＳ　円高フォーカス　ＥＴＦ","東ETF","770.2","-6.9(-0.89%)","-0.89","3,907","-0.36","-0.85","3.13","0.14","9.41","-0.64","24.37"
"4890","坪田ラボ","東G","258","+6.0(+2.38%)","2.38","3,400","1.65","-5.88","22.86","0.56","50.97","-0.90","34.44"
"4891","ティムス","東G","130","+2.0(+1.56%)","1.56","31,396","0.15","9.46","41.30","0.79","33.64","1.13","73.17"
"4892","サイフューズ","東G","665","-3.0(-0.45%)","-0.45","19,394","-1.13","6.54","36.55","0.65","38.22","0.86","64.06"
"4893","ノイルイミューン・バイオ","東G","117","+0.0(+0.00%)","0.00","3,145","-1.02","-15.34","2.63","0.47","41.59","-1.81","10.81"
"4894","クオリプス","東G","6120","-520.0(-7.83%)","-7.83","2,954,876","1.80","7.88","69.53","3.36","82.36","1.44","61.51"
"4896","ケイファーマ","東G","797","-6.0(-0.75%)","-0.75","4,479","-0.13","-0.32","26.71","0.74","31.34","-0.15","42.37"
"4901","富士フイルムＨＬＤＧ","東P","3383.0","+35.0(+1.05%)","1.05","6,301,866","0.36","2.19","18.49","0.34","45.95","1.05","66.79"
"4902","コニカミノルタ","東P","665.8","-5.9(-0.88%)","-0.88","2,525,321","0.32","3.28","37.90","0.15","52.52","0.69","70.53"
"4911","資生堂","東P","3404.0","-81.0(-2.32%)","-2.32","4,273,149","-1.79","-3.01","50.72","0.48","43.78","-0.83","54.27"
"4912","ライオン","東P","1734.0","-3.0(-0.17%)","-0.17","580,754","-0.06","-3.40","16.26","0.37","25.12","-0.90","33.18"
"4914","高砂香料工業","東P","1279","-16.0(-1.24%)","-1.24","76,365","-1.72","-2.56","20.09","0.40","20.69","-1.40","49.17"
"4918","アイビー化粧品","東S","299","+2.0(+0.67%)","0.67","358","0.20","0.34","20.56","0.22","23.18","0.41","53.33"
"4919","ミルボン","東P","3280","+20.0(+0.61%)","0.61","178,754","0.34","2.02","36.78","0.36","27.52","0.96","74.63"
"4920","日本色材工業研究所","東S","1149","-1.0(-0.09%)","-0.09","231","0.40","1.32","12.65","0.25","20.86","1.55","60.44"
"4922","コーセーＨＬＤＧ","東P","5472.0","-42.0(-0.76%)","-0.76","1,109,297","-1.92","-4.05","9.99","0.62","26.19","-1.78","37.54"
"4923","コタ","東P","1189","+4.0(+0.34%)","0.34","16,452","-1.38","-3.20","13.56","0.43","19.40","-1.80","39.33"
"4925","ハーバー研究所","東S","1683","+7.0(+0.42%)","0.42","2,349","-0.65","-2.40","1.94","0.74","7.11","-2.22","23.48"
"4926","シーボン","東S","1240","-6.0(-0.48%)","-0.48","497","-0.31","-0.55","3.42","0.27","9.37","-1.57","42.19"
"4927","ポーラ・オルビスＨＬＤＧ","東P","1364.0","+2.0(+0.15%)","0.15","180,322","-0.69","-0.55","10.62","0.38","22.27","-0.39","55.92"
"4928","ノエビアＨＬＤＧ","東P","4485","+5.0(+0.11%)","0.11","245,926","-2.65","-6.36","7.04","0.43","22.64","-2.43","21.24"
"4929","アジュバンＨＬＤＧ","東S","740","-2.0(-0.27%)","-0.27","4,135","-0.24","-0.10","3.21","2.15","7.35","-0.51","52.94"
"4931","新日本製薬","東P","1988","+23.0(+1.17%)","1.17","49,172","-1.32","-2.86","7.17","0.29","18.17","-1.50","44.30"
"4932","アルマード","東S","797","-8.0(-0.99%)","-0.99","4,001","-1.09","0.13","30.23","0.35","26.06","0.04","39.66"
"4933","Ｉ−ｎｅ","東P","2162","+38.0(+1.79%)","1.79","125,738","-1.41","24.01","112.17","0.44","65.22","1.12","75.85"
"4934","プレミアアンチエイジング","東G","588","+2.0(+0.34%)","0.34","469","0.62","-1.18","2.08","0.22","10.31","-0.97","42.86"
"4935","リベルタ","東S","222","+49.0(+28.32%)","28.32","1,426,241","13.96","16.25","74.80","4.78","147.33","1.21","54.31"
"4936","アクシージア","東S","299","-1.0(-0.33%)","-0.33","12,726","-1.06","-4.63","1.36","0.71","26.05","-1.61","29.55"
"4937","Ｗａｑｏｏ","東G","2340","-50.0(-2.09%)","-2.09","7,946","-1.22","-1.56","85.71","1.55","61.91","-0.68","43.24"
"493A","Ｏｎｅ　日本国債　１−３年","東ETF","994.2","+1.0(+0.10%)","0.10","1,064","-0.07","-0.09","0.43","1.88","3.34","-0.46","40.08"
"494A","Ｏｎｅ　日本国債　３−７年","東ETF","977.1","+0.3(+0.03%)","0.03","1,192","0.06","-0.29","0.32","0.64","3.48","-1.02","28.70"
"4951","エステー","東P","1509","+2.0(+0.13%)","0.13","17,136","-0.38","-0.93","5.82","0.31","11.73","-1.04","50.00"
"4956","コニシ","東P","1468","-11.0(-0.74%)","-0.74","30,406","-1.65","-0.82","15.41","0.21","22.41","-0.58","55.48"
"4958","長谷川香料","東P","3355","-10.0(-0.30%)","-0.30","103,051","-1.09","0.11","24.35","0.41","16.49","0.05","62.50"
"4960","ケミプロ化成","東S","583","-7.0(-1.19%)","-1.19","602,474","-2.05","0.72","68.01","16.82","62.10","0.09","49.45"
"4966","上村工業","東S","21220","+420.0(+2.02%)","2.02","444,646","3.38","7.99","45.94","0.35","57.35","2.63","77.68"
"4967","小林製薬","東P","6979.0","+34.0(+0.49%)","0.49","1,097,410","0.92","16.60","32.91","0.34","38.74","2.11","81.54"
"4968","荒川化学工業","東P","2388","+23.0(+0.97%)","0.97","191,819","1.19","8.73","100.50","1.00","78.02","1.69","73.48"
"496A","Ｏｎｅ　日本国債　１７−２０年","東ETF","914.1","+0.1(+0.01%)","0.01","648","-0.02","-1.40","0.54","2.03","8.79","-1.32","23.06"
"4970","東洋合成工業","東S","10560","+210.0(+2.03%)","2.03","458,760","3.88","1.17","47.49","0.88","78.33","0.16","60.37"
"4971","メック","東P","7120","+360.0(+5.33%)","5.33","2,529,404","4.86","10.05","45.60","1.45","77.85","2.22","79.88"
"4972","綜研化学","東S","4485","-90.0(-1.97%)","-1.97","153,385","1.93","13.17","72.37","0.31","65.58","1.64","82.56"
"4973","日本高純度化学","東P","4860","+0.0(+0.00%)","0.00","178,528","-0.14","1.28","39.06","0.83","44.70","1.03","60.87"
"4975","ＪＣＵ","東P","5990","+100.0(+1.70%)","1.70","196,997","1.80","5.53","24.02","0.46","56.18","1.83","75.27"
"4977","新田ゼラチン","東S","1186","-2.0(-0.17%)","-0.17","10,909","-0.44","-0.93","3.13","0.32","24.35","-0.96","42.19"
"4978","リプロセル","東G","139","-3.0(-2.11%)","-2.11","39,536","-0.14","-2.55","18.80","0.27","38.85","-0.66","37.50"
"4979","ＯＡＴアグリオ","東S","2817","-28.0(-0.98%)","-0.98","31,221","-1.70","-2.05","35.89","0.54","28.91","-0.74","39.91"
"4980","デクセリアルズ","東P","3324.0","+144.0(+4.53%)","4.53","4,636,759","5.44","11.15","59.58","0.88","54.29","2.69","85.99"
"4985","アース製薬","東P","4655","+15.0(+0.32%)","0.32","121,595","-0.64","-2.41","4.02","0.49","15.92","-1.12","44.00"
"498A","防衛・航空宇宙　欧州株","東ETF","8687.0","-31.0(-0.36%)","-0.36","251","-1.02","-3.61","9.35","1.71","23.73","-0.85","43.51"
"4990","昭和化学工業","東S","523","-14.0(-2.61%)","-2.61","842","-1.80","-0.28","11.75","0.35","26.64","-0.11","33.94"
"4992","北興化学工業","東S","1938","+8.0(+0.41%)","0.41","41,613","-0.10","-0.39","23.99","0.25","30.93","-0.14","60.09"
"4994","大成ラミックグループ","東S","2637","-33.0(-1.24%)","-1.24","22,941","-2.13","-5.38","23.51","0.67","20.54","-1.91","37.50"
"4996","クミアイ化学工業","東P","673","-2.0(-0.30%)","-0.30","148,260","-0.24","-7.38","4.50","0.49","31.41","-1.04","27.07"
"4997","日本農薬","東P","1110","+5.0(+0.45%)","0.45","197,966","-3.04","-7.67","19.23","0.49","31.20","-1.55","32.28"
"4998","フマキラー","東S","1149","-15.0(-1.29%)","-1.29","21,955","-1.14","-2.59","4.93","1.43","12.34","-1.73","38.61"
"499A","ラグジュアリー厳選１０欧州株","東ETF","7776.0","-79.0(-1.01%)","-1.01","719","-0.98","-6.08","0.00","7.67","21.84","-1.12","26.54"
"500A","ＴＯブックス","東S","3435","-10.0(-0.29%)","-0.29","10,593","-1.04","-1.21","24.64","0.29","32.53","-0.38","51.52"
"5010","日本精蝋","東S","302","+3.0(+1.00%)","1.00","19,522","2.65","3.74","58.12","0.57","63.95","1.84","65.00"
"5011","ニチレキグループ","東P","2250","-29.0(-1.27%)","-1.27","97,118","-2.20","-1.93","16.34","0.48","22.35","-1.43","40.28"
"5013","ユシロ","東S","3145","+10.0(+0.32%)","0.32","52,625","0.83","6.32","15.20","0.28","48.78","1.76","79.11"
"5015","ビーピー・カストロール","東S","999","-2.0(-0.20%)","-0.20","2,095","0.06","-0.13","9.18","0.28","6.40","-0.63","46.67"
"5016","ＪＸ金属","東P","3597.0","+22.0(+0.62%)","0.62","61,940,940","1.24","-2.10","81.30","0.52","64.86","-0.65","43.13"
"5018","ＭＯＲＥＳＣＯ","東S","2354","+5.0(+0.21%)","0.21","5,625","0.63","0.54","54.36","0.27","52.16","0.31","58.36"
"5019","出光興産","東P","1541.0","-49.5(-3.11%)","-3.11","3,475,213","-4.27","-0.56","31.26","0.34","33.81","-0.08","49.76"
"5020","ＥＮＥＯＳ　ＨＬＤＧ","東P","1355.5","-30.0(-2.17%)","-2.17","6,837,629","-2.89","-2.74","21.79","0.44","33.80","-0.78","45.09"
"5021","コスモエネルギーＨＬＤＧ","東P","4179.0","-100.0(-2.34%)","-2.34","1,457,863","-3.77","-4.92","21.10","0.49","30.36","-1.52","37.74"
"5025","マーキュリー","東G","579","-6.0(-1.03%)","-1.03","232","-1.96","-1.58","15.34","0.40","22.82","-1.15","43.75"
"5026","トリプルアイズ","東G","627","+1.0(+0.16%)","0.16","6,232","1.10","3.07","21.98","0.66","52.60","1.18","54.62"
"5027","ＡｎｙＭｉｎｄ　Ｇｒｏｕｐ","東G","820","+15.0(+1.86%)","1.86","96,680","2.50","5.83","118.67","0.60","58.40","1.45","73.66"
"5028","セカンドサイトアナリティカ","東G","352","-3.0(-0.85%)","-0.85","669","-0.85","-1.51","10.69","0.15","35.71","-1.52","38.89"
"5029","サークレイス","東G","970","-1.0(-0.10%)","-0.10","4,254","1.51","5.52","79.63","0.72","67.01","1.06","54.58"
"5031","モイ","東G","378","-7.0(-1.82%)","-1.82","27,764","-0.26","3.91","42.11","0.46","61.35","0.49","57.20"
"5032","ＡＮＹＣＯＬＯＲ","東P","3100","+35.0(+1.14%)","1.14","971,242","2.42","1.75","54.46","0.66","42.35","0.46","55.47"
"5033","ヌーラボ","東G","1237","-13.0(-1.04%)","-1.04","10,891","-0.40","9.03","87.42","0.14","46.14","0.85","57.02"
"5034","ｕｎｅｒｒｙ","東G","2558","+5.0(+0.20%)","0.20","44,683","2.02","9.72","34.00","1.11","58.13","2.08","75.66"
"5035","ＨＯＵＳＥＩ","東G","363","-7.0(-1.89%)","-1.89","2,834","-1.57","-0.96","4.01","1.42","16.51","-0.90","47.27"
"5036","日本ビジネスシステムズ","東P","1547","+19.0(+1.24%)","1.24","56,844","-1.28","-1.27","13.25","0.37","29.43","-0.41","57.00"
"5038","ｅＷｅＬＬ","東G","2274","+77.0(+3.50%)","3.50","125,216","4.61","6.17","34.16","0.48","44.94","2.23","63.76"
"504A","イノバセル","東G","623","-9.0(-1.42%)","-1.42","39,928","2.74","9.08","65.25","0.51","95.08","2.29","61.40"
"505A","ギークリー","東S","1356","-15.0(-1.09%)","-1.09","14,216","-1.27","-2.89","30.89","0.58","40.88","-1.11","44.77"
"5071","ヴィス","東S","1399","+6.0(+0.43%)","0.43","15,582","0.73","0.10","7.53","0.41","31.69","0.03","50.77"
"5074","テスＨＬＤＧ","東P","539","-10.0(-1.82%)","-1.82","406,225","-2.78","-9.64","54.44","0.81","81.13","-1.75","26.50"
"5075","アップコン","名N","1012","+10.0(+1.00%)","1.00","3,756","0.38","-0.60","3.90","0.51","38.80","-0.46","45.61"
"5076","インフロニア・ＨＬＤＧ","東P","2737.0","-28.0(-1.01%)","-1.01","3,175,927","-2.30","-2.88","34.73","0.92","33.10","-1.35","48.94"
"5078","セレ","東S","4695","+25.0(+0.54%)","0.54","1,857","-0.11","-1.05","1.62","0.25","14.24","-1.38","34.78"
"5079","ノバック","東S","2579","-3.0(-0.12%)","-0.12","52,619","-0.41","-1.14","7.91","1.97","13.33","-1.33","40.94"
"509A","グリーンライト・再エネインフラ","東IF","71100","+100.0(+0.14%)","0.14","8,654","0.03","-0.27","0.85","1.92","11.71","-0.56","45.95"
"5101","横浜ゴム","東P","7122.0","-13.0(-0.18%)","-0.18","3,359,577","2.12","1.33","24.66","0.35","37.44","0.35","63.72"
"5105","ＴＯＹＯ　ＴＩＲＥ","東P","3891.0","+21.0(+0.54%)","0.54","1,867,582","0.69","3.57","13.61","0.53","44.19","1.42","79.23"
"5108","ブリヂストン","東P","3852.0","-19.0(-0.49%)","-0.49","8,229,123","0.29","-1.43","21.13","0.42","27.04","-0.35","55.81"
"5110","住友ゴム工業","東P","2016.0","-15.0(-0.74%)","-0.74","2,032,689","-0.19","-3.54","6.05","0.54","37.49","-0.67","55.29"
"5121","藤倉コンポジット","東P","3020","+45.0(+1.51%)","1.51","207,436","1.40","9.15","50.92","0.61","27.43","2.02","79.68"
"5122","オカモト","東P","6160","-10.0(-0.16%)","-0.16","35,583","-1.31","-1.48","18.46","0.29","27.75","-0.93","55.81"
"5125","ファインズ","東G","535","-8.0(-1.47%)","-1.47","3,058","-1.73","8.88","18.89","0.14","21.57","1.51","72.73"
"5126","ポーターズ","東G","1452","+3.0(+0.21%)","0.21","2,419","1.20","2.47","11.69","4.25","36.14","2.35","84.00"
"5129","ＦＩＸＥＲ","東G","256","+1.0(+0.39%)","0.39","5,567","1.03","-7.77","12.78","0.40","90.14","-0.56","36.00"
"512A","ＧＸ　ステコ＆トークン　ＥＴＦ","東ETF","1143.0","+1.0(+0.09%)","0.09","6,075","-0.92","-2.38","17.84","5.09","28.04","-0.94","41.23"
"5131","リンカーズ","東G","157","-1.0(-0.63%)","-0.63","42,465","-4.38","6.48","42.73","0.38","110.18","0.31","61.08"
"5132","ｐｌｕｓｚｅｒｏ","東G","1875","+26.0(+1.41%)","1.41","25,248","1.25","-4.86","47.06","0.70","54.70","-0.93","30.16"
"5133","テリロジーＨＬＤＧ","東S","315","+7.0(+2.27%)","2.27","127,506","1.42","3.62","17.98","12.27","33.00","0.98","64.91"
"5134","ＰＯＰＥＲ","東G","451","-6.0(-1.31%)","-1.31","452","-1.23","-4.37","4.64","0.59","26.00","-1.62","27.59"
"5136","ｔｒｉｐｌａ","東G","2515","+5.0(+0.20%)","0.20","149,432","2.49","17.45","101.85","0.57","49.77","1.82","82.37"
"5137","スマートドライブ","東G","303","+0.0(+0.00%)","0.00","32,698","0.53","-0.63","73.14","0.62","55.88","-0.24","46.67"
"5138","Ｒｅｂａｓｅ","東G","455","+16.0(+3.64%)","3.64","135","2.80","-0.66","24.66","0.75","40.16","-0.28","46.58"
"5139","オープンワーク","東G","938","-6.0(-0.64%)","-0.64","3,635","-0.51","0.26","11.93","0.97","21.21","0.14","51.28"
"513A","ＧＸ防衛テック　日株　ＥＴＦ","東ETF","832.0","-2.0(-0.24%)","-0.24","182,146","0.10","0.59","7.08","2.94","29.37","0.28","61.76"
"5142","アキレス","東P","1944","+23.0(+1.20%)","1.20","78,734","1.74","4.95","78.51","0.77","52.93","1.23","76.12"
"515A","ｉＳ　高格付け日本円社債","東ETF","496.7","+0.5(+0.10%)","0.10","95","0.03","-0.38","0.12","0.03","2.94","-1.24","35.71"
"5161","西川ゴム工業","東S","3505","-30.0(-0.85%)","-0.85","151,234","-0.99","-2.07","20.82","0.52","24.68","-0.70","53.72"
"5162","朝日ラバー","東S","804","+1.0(+0.12%)","0.12","2,080","0.85","0.83","34.45","0.35","22.44","0.84","48.86"
"516A","ｉＦ　米ドル・ブル　１倍","東ETF","2071.0","+24.0(+1.17%)","1.17","21","0.79","1.73","5.07","5.00","16.40","1.15","72.88"
"517A","ｉＦ　米ドル・ベア　１倍","東ETF","1951.0","-21.0(-1.06%)","-1.06","113","0.01","-0.58","3.78","29.00","16.19","-0.45","45.12"
"5184","ニチリン","東S","4165","-25.0(-0.60%)","-0.60","45,111","0.43","0.98","15.21","1.26","9.51","1.20","66.07"
"5185","フコク","東P","1968","-22.0(-1.11%)","-1.11","43,584","-1.78","-2.05","14.95","0.51","20.54","-1.04","51.35"
"5186","ニッタ","東P","6700","+0.0(+0.00%)","0.00","166,747","-0.95","-0.40","67.50","0.56","29.58","-0.22","58.90"
"5187","クリエートメディック","東S","1151","-1.0(-0.09%)","-0.09","1,268","-0.69","0.33","12.95","0.55","14.85","0.26","61.69"
"5189","櫻護謨","東S","3500","+0.0(+0.00%)","0.00","350","0.46","-0.51","55.62","0.17","51.72","-0.32","54.93"
"518A","ＮＦ　ＦＴＳＥ日株高配ＣＦ５０","東ETF","2095.0","+10.0(+0.48%)","0.48","6,221","-0.04","-0.26","19.44","0.15","23.31","-0.19","51.31"
"5192","三ツ星ベルト","東P","4170","-30.0(-0.71%)","-0.71","133,431","-1.49","-3.39","10.61","0.43","22.73","-1.62","41.53"
"5194","相模ゴム工業","東S","636","-6.0(-0.93%)","-0.93","2,181","0.13","-0.23","6.00","0.22","18.25","-0.37","45.24"
"5195","バンドー化学","東P","2507","+13.0(+0.52%)","0.52","74,772","0.00","1.67","28.43","0.29","20.03","1.05","70.20"
"519A","ベーシック","東G","450","-6.0(-1.32%)","-1.32","5,526","-3.47","-8.93","0.00","0.41","28.44","-2.61","10.94"
"5201","ＡＧＣ","東P","5779.0","+32.0(+0.56%)","0.56","2,757,562","1.34","2.11","11.63","0.50","32.14","1.29","69.87"
"5204","石塚硝子","東S","3075","-10.0(-0.32%)","-0.32","5,518","0.03","0.79","13.47","0.35","16.08","1.02","55.36"
"5208","有沢製作所","東P","2808","+38.0(+1.37%)","1.37","383,163","1.81","6.50","64.02","0.61","50.63","2.01","70.67"
"520A","ジェイファーマ","東G","416","+14.0(+3.48%)","3.48","43,167","5.32","6.77","60.00","0.60","93.07","0.41","40.72"
"5210","日本山村硝子","東S","2810","-27.0(-0.95%)","-0.95","74,284","-0.94","-2.97","13.54","1.44","21.65","-1.85","34.62"
"5214","日本電気硝子","東P","5033.0","+68.0(+1.37%)","1.37","1,354,097","2.21","4.59","16.42","0.61","52.88","2.33","73.23"
"5216","倉元製作所","東S","135","-1.0(-0.74%)","-0.74","3,209","0.60","-8.01","16.38","0.22","54.07","-1.40","29.27"
"5218","オハラ","東S","1695","+57.0(+3.48%)","3.48","92,091","1.62","3.96","65.20","0.86","39.30","1.36","57.61"
"521A","ｉＦ　ＥＴＦ　ＦＡＮＧゴールド","東ETF","2004.0","+34.0(+1.73%)","1.73","52,881","0.45","-0.73","30.47","0.72","34.42","-0.26","57.01"
"5232","住友大阪セメント","東P","1857.0","-12.5(-0.67%)","-0.67","389,408","-0.72","-0.85","3.98","0.32","36.93","-0.42","54.05"
"5233","太平洋セメント","東P","4088.0","-19.0(-0.46%)","-0.46","778,115","-0.47","-1.71","25.21","0.32","31.16","-1.04","45.53"
"5237","ノザワ","東S","1170","-36.0(-2.99%)","-2.99","8,053","-4.44","-3.81","12.50","3.24","19.70","-2.45","41.13"
"523A","セイワＨＬＤＧ","東G","1981","+1.0(+0.05%)","0.05","114,498","3.36","10.02","62.38","0.60","73.98","1.96","67.56"
"5240","ｍｏｎｏＡＩ　ｔｅｃｈｎｏｌｏ","東G","174","-2.0(-1.14%)","-1.14","5,542","-1.47","-11.37","53.98","0.47","145.54","-1.26","25.53"
"5241","日本オーエー研究所","名M","800","+52.0(+6.95%)","6.95","767","6.24","6.33","20.12","1.43","29.48","2.18","74.78"
"5242","アイズ","東G","2330","+25.0(+1.08%)","1.08","1,402","0.60","-1.92","189.80","0.25","117.83","-0.31","35.55"
"5243","ｎｏｔｅ","東G","3990","+420.0(+11.76%)","11.76","4,219,122","17.60","32.87","148.75","1.40","76.95","3.47","82.37"
"5244","ｊｉｇ．ｊｐ","東G","179","-3.0(-1.65%)","-1.65","15,574","0.90","1.20","17.76","0.41","30.15","0.56","57.69"
"5246","ＥＬＥＭＥＮＴＳ","東G","841","-13.0(-1.52%)","-1.52","178,698","-0.45","-0.70","53.75","0.58","45.03","-0.18","55.10"
"5247","ＢＴＭ","東G","570","+0.0(+0.00%)","0.00","737","1.42","1.16","12.20","0.41","20.80","0.54","68.09"
"5248","テクノロジーズ","東G","512","+8.0(+1.59%)","1.59","3,977","0.12","0.34","21.90","0.63","36.95","0.25","56.58"
"5252","日本ナレッジ","東G","938","-72.0(-7.13%)","-7.13","16,506","-6.31","7.48","62.00","0.92","48.45","0.63","69.29"
"5253","カバー","東G","1522","-4.0(-0.26%)","-0.26","1,031,962","0.89","-5.93","33.39","0.43","71.61","-1.47","37.17"
"5254","Ａｒｅｎｔ","東G","4315","-30.0(-0.69%)","-0.69","13,865","1.89","5.12","50.14","0.26","44.70","1.77","64.12"
"5255","モンスターラボ","東G","82","+2.0(+2.50%)","2.50","7,517","2.24","-5.92","18.84","0.50","55.57","-0.97","38.24"
"5256","Ｆｕｓｉｃ","東G","3465","+170.0(+5.16%)","5.16","22,538","1.35","20.07","69.85","0.32","53.03","1.86","72.12"
"5257","ノバシステム","東S","2892","-3.0(-0.10%)","-0.10","2,315","0.50","1.39","27.74","0.80","19.75","0.70","55.27"
"5258","トランザクション・メディア・","東G","429","+4.0(+0.94%)","0.94","18,628","0.00","0.09","47.42","1.02","33.64","0.05","56.58"
"5261","リソルＨＬＤＧ","東P","7630","-10.0(-0.13%)","-0.13","4,578","0.58","-0.28","15.61","0.15","18.95","-0.22","53.85"
"5262","日本ヒューム","東P","1095","-25.0(-2.23%)","-2.23","155,092","-1.83","-3.68","10.94","1.03","25.39","-2.29","35.29"
"5268","旭コンクリート工業","東S","833","-8.0(-0.95%)","-0.95","2,011","-1.02","-3.15","6.25","0.57","27.96","-1.19","32.26"
"5269","日本コンクリート工業","東P","353","-5.0(-1.40%)","-1.40","25,929","-1.45","-3.85","14.61","0.39","21.84","-1.47","38.89"
"526A","ＪＰＸスターアップ急成長１００","東ETF","2303.0","+13.0(+0.57%)","0.57","664","0.66","0.35","28.16","3.91","31.33","0.17","63.73"
"5271","トーヨーアサノ","東S","2285","+45.0(+2.01%)","2.01","457","2.18","2.34","9.23","0.22","22.95","1.47","65.36"
"5273","三谷セキサン","東S","2060","+13.0(+0.64%)","0.64","50,439","-0.36","-0.10","51.25","0.31","32.94","-0.03","56.67"
"5279","日本興業","東S","1223","-4.0(-0.33%)","-0.33","1,345","0.49","1.28","12.30","2.20","15.45","1.62","71.21"
"5280","ヨシコン","東S","2176","-2.0(-0.09%)","-0.09","7,641","-0.86","-1.58","5.02","0.73","20.60","-1.60","39.42"
"5282","ジオスター","東S","399","-1.0(-0.25%)","-0.25","19,660","-0.89","-3.75","10.83","1.10","31.14","-1.40","33.90"
"5283","高見澤","東S","3145","-45.0(-1.41%)","-1.41","947","-1.01","-0.44","8.37","3.00","19.22","-0.39","47.83"
"5284","ヤマウＨＬＤＧ","東S","2230","-13.0(-0.58%)","-0.58","8,055","0.03","-0.33","6.14","0.51","19.43","-0.36","45.24"
"5285","ヤマックス","東S","1321","-10.0(-0.75%)","-0.75","49,686","-0.84","-2.84","11.48","1.65","32.60","-1.36","25.53"
"5287","イトーヨーギョー","東S","907","+0.0(+0.00%)","0.00","10,920","0.04","1.06","15.25","0.41","49.01","0.25","56.35"
"5288","アジアパイルＨＬＤＧ","東P","1440","-23.0(-1.57%)","-1.57","170,755","-2.12","-3.82","7.54","0.77","23.16","-1.28","40.91"
"5290","ベルテクスコーポレーション","東S","1221","-18.0(-1.45%)","-1.45","18,447","-2.09","1.25","8.34","0.18","33.38","0.42","61.86"
"5301","東海カーボン","東P","2304.5","-31.0(-1.33%)","-1.33","2,778,738","0.21","16.56","162.47","0.48","46.90","1.49","81.23"
"5302","日本カーボン","東P","5170","+40.0(+0.78%)","0.78","79,000","1.21","2.10","17.77","0.48","23.57","1.19","69.23"
"5304","ＳＥＣカーボン","東S","2418","-21.0(-0.86%)","-0.86","20,788","-1.92","-4.95","5.77","0.48","28.22","-1.75","24.51"
"530A","ＮＺＡＭ　東証ＲＥＩＴ指数","東ETF","1739.0","-2.0(-0.11%)","-0.11","37,525","-1.35","-2.73","0.12","392.56","11.52","-2.11","31.97"
"5310","東洋炭素","東P","7730","+140.0(+1.84%)","1.84","247,553","2.11","8.66","60.21","0.33","46.96","2.14","74.60"
"531A","ＮＺＡＭ　日経平均高配当５０","東ETF","2300.0","-19.0(-0.82%)","-0.82","1,057","-0.68","-1.49","17.41","4.00","25.70","-1.03","49.83"
"532A","ＮＺＡＭ　ＴＯＰＩＸ高４０","東ETF","2282.0","-65.0(-2.77%)","-2.77","1,100","-1.81","-1.52","14.44","12.71","18.52","-1.62","48.30"
"5331","ノリタケ","東P","3650","+0.0(+0.00%)","0.00","659,305","-0.27","1.59","20.66","0.91","43.75","0.65","66.35"
"5332","ＴＯＴＯ","東P","5984.0","+87.0(+1.48%)","1.48","2,817,482","1.68","0.37","37.18","0.44","43.51","0.08","61.66"
"5333","ＮＧＫ","東P","5542.0","+101.0(+1.86%)","1.86","3,149,912","2.17","5.39","63.63","0.38","48.37","1.90","76.14"
"5334","日本特殊陶業","東P","3802.0","+2.0(+0.05%)","0.05","3,811,216","0.17","-1.72","2.20","0.42","41.70","-0.28","56.75"
"5337","ダントーＨＬＤＧ","東S","878","-2.0(-0.23%)","-0.23","118,021","1.04","4.73","73.18","1.97","38.13","2.08","79.00"
"533A","ＮＺＡＭ　ＳＰ５００ヘッジなし","東ETF","2279.0","+19.0(+0.84%)","0.84","7","0.07","0.81","20.71","0.03","29.03","0.50","76.26"
"5341","ＡＳＡＨＩ　ＥＩＴＯＨＬＤＧ","東S","136","+0.0(+0.00%)","0.00","2,206","-0.15","-4.20","0.74","1.53","40.48","-1.17","14.29"
"5343","ニッコー","名M","182","+0.0(+0.00%)","0.00","403","-0.76","-0.66","29.08","0.41","9.97","-1.06","50.00"
"5344","ＭＡＲＵＷＡ","東P","58480.0","+2,740.0(+4.92%)","4.92","5,552,451","4.65","7.15","37.28","0.82","63.73","1.98","57.51"
"534A","ＮＺＡＭ　ＮＡＳＤＡＱ１００","東ETF","2465.0","+50.0(+2.07%)","2.07","1,694","0.86","4.45","33.89","99.14","21.62","1.74","74.09"
"5351","品川リフラ","東P","2000","-37.0(-1.82%)","-1.82","123,489","-2.17","-2.56","9.65","0.54","20.09","-1.76","46.56"
"5355","日本坩堝","東S","664","-2.0(-0.30%)","-0.30","333","-0.12","-0.35","9.21","0.25","4.79","-0.44","46.67"
"5356","美濃窯業","東S","1265","+8.0(+0.64%)","0.64","1,880","-0.17","-1.24","9.52","2.50","22.88","-0.56","48.25"
"5357","ヨータイ","東P","1724","-7.0(-0.40%)","-0.40","63,506","-0.60","-1.80","4.04","0.90","13.53","-1.20","41.21"
"535A","ＮＺＡＭ　ＤＡＸ　ヘッジなし","東ETF","2043.0","-24.0(-1.16%)","-1.16","16","-1.41","-3.12","14.13","8.00","25.88","-1.33","42.57"
"5363","東京窯業","東S","722","+3.0(+0.42%)","0.42","70,539","-0.03","4.03","34.70","2.23","18.37","1.71","75.86"
"5367","ニッカトー","東S","1489","+26.0(+1.78%)","1.78","295,755","3.62","9.68","140.55","1.39","75.04","1.70","66.27"
"5368","日本インシュレーション","東S","1030","-8.0(-0.77%)","-0.77","8,241","-0.94","1.52","14.44","0.42","14.85","1.05","61.26"
"536A","ＮＺＡＭ　先進国株　ヘッジなし","東ETF","2237.0","+13.0(+0.58%)","0.58","47","0.37","0.88","22.91","1.75","22.77","0.51","68.67"
"537A","ＮＺＡＭ　全世界株　ヘッジなし","東ETF","1122.0","+6.0(+0.54%)","0.54","258","0.04","0.32","17.73","2.17","15.82","0.22","74.14"
"5380","新東","東S","1290","+19.0(+1.49%)","1.49","2,292","-1.63","-2.37","29.00","2.25","64.36","-0.29","46.35"
"5381","マイポックス","東S","1078","+36.0(+3.45%)","3.45","192,307","3.77","9.92","139.56","1.27","65.52","2.10","64.89"
"5384","フジミインコーポレーテッド","東P","3605","+95.0(+2.71%)","2.71","512,775","3.21","5.99","52.62","0.43","58.28","1.49","68.39"
"5386","鶴弥","名M","386","-2.0(-0.52%)","-0.52","426","-0.52","-0.25","9.97","0.73","9.12","-0.38","50.00"
"5388","クニミネ工業","東S","1405","-5.0(-0.35%)","-0.35","7,408","0.07","3.15","17.38","0.54","18.06","1.34","69.71"
"5391","エーアンドエーマテリアル","東S","1479","-17.0(-1.14%)","-1.14","11,906","-1.69","-1.48","13.77","2.76","23.47","-1.57","47.77"
"5393","ニチアス","東P","3528.0","+49.0(+1.41%)","1.41","608,794","2.18","4.69","28.64","0.49","38.74","2.22","77.45"
"539A","ＮＺＡＭ　海外債券　除く日本","東ETF","4777.0","+11.0(+0.23%)","0.23","5","-0.28","-0.93","1.79","0.33","8.94","-0.58","53.57"
"5401","日本製鉄","東P","651.6","-4.4(-0.67%)","-0.67","10,778,152","-2.07","-4.37","22.83","0.49","28.23","-2.10","39.42"
"5406","神戸製鋼所","東P","2008.5","-39.5(-1.93%)","-1.93","2,233,294","-1.89","-1.55","12.27","0.42","24.63","-1.41","51.16"
"5408","中山製鋼所","東P","627","-2.0(-0.32%)","-0.32","46,329","-0.70","-2.25","6.27","0.36","25.39","-1.51","40.00"
"540A","上場日経銀行株トップ１０","東ETF","2087.0","-51.0(-2.39%)","-2.39","57,160","-0.34","0.11","44.93","0.39","31.25","0.07","44.92"
"5410","合同製鐵","東P","2890","-25.0(-0.86%)","-0.86","117,099","-1.91","-5.22","16.11","0.60","23.83","-2.19","32.67"
"5411","ＪＦＥＨＬＤＧ","東P","1741.5","-21.5(-1.22%)","-1.22","3,817,313","-2.31","-5.27","13.45","0.37","30.17","-2.26","36.42"
"541A","ＯｎｅＴＯＰＩＸ高配当グロース","東ETF","1117.5","-1.5(-0.13%)","-0.13","928","-0.11","-0.22","15.54","0.24","21.61","-0.14","54.70"
"5423","東京製鐵","東P","1679","-1.0(-0.06%)","-0.06","253,797","-0.63","-2.64","14.37","0.52","27.80","-1.24","48.90"
"542A","ビタブリッドジャパン","東G","1087","+1.0(+0.09%)","0.09","1,195","-1.27","1.27","17.51","0.21","24.33","0.42","58.08"
"543A","ＡＲＣＨＩＯＮ","東P","287","+2.0(+0.70%)","0.70","2,477,523","-0.07","3.10","11.67","0.19","38.14","1.21","64.81"
"5440","共英製鋼","東P","1908","-9.0(-0.47%)","-0.47","116,171","-2.21","-5.10","12.77","0.48","23.40","-2.01","36.07"
"5444","大和工業","東P","12125.0","-105.0(-0.86%)","-0.86","597,863","-1.53","-1.79","13.16","0.33","24.64","-1.36","52.91"
"5445","東京鐵鋼","東P","1998","-10.0(-0.50%)","-0.50","166,173","-1.48","-2.26","13.85","0.99","16.19","-1.71","45.05"
"5446","北越メタル","東S","1079","+6.0(+0.56%)","0.56","753","0.07","-0.72","1.79","7.00","38.20","-0.82","45.22"
"5449","大阪製鐵","東S","2450","+12.0(+0.49%)","0.49","30,365","-2.80","-6.92","10.31","0.40","49.68","-1.46","39.84"
"544A","ＧＭＳ　グループ","東P","322","-4.0(-1.23%)","-1.23","85,083","-1.11","-4.12","0.31","0.99","25.25","-1.30","38.24"
"5451","ヨドコウ","東P","1390","-10.0(-0.71%)","-0.71","164,077","-1.73","-2.30","18.20","0.36","17.43","-1.99","46.67"
"5458","高砂鐵工","東S","1315","-10.0(-0.75%)","-0.75","526","-1.25","-2.64","33.10","2.00","27.79","-0.99","40.81"
"545A","トランヴィア","東P","901","-10.0(-1.10%)","-1.10","40,070","-4.41","-8.28","11.51","0.74","20.77","-2.88","21.23"
"5461","中部鋼鈑","東P","2109","+18.0(+0.86%)","0.86","147,352","0.61","-1.33","10.30","0.49","20.78","-0.74","46.97"
"5463","丸一鋼管","東P","1669.0","-4.5(-0.27%)","-0.27","456,859","-1.59","-3.73","20.51","0.35","24.70","-2.28","33.79"
"5464","モリ工業","東S","912","-1.0(-0.11%)","-0.11","18,613","-1.21","-2.43","0.77","0.65","14.72","-1.86","39.56"
"546A","ＭＩＲＡＩＮＩ　ＨＬＤＧ","東P","2695","+73.0(+2.78%)","2.78","399,110","3.36","10.44","62.35","0.74","43.50","2.29","72.36"
"5471","大同特殊鋼","東P","2486.5","-15.5(-0.62%)","-0.62","1,011,256","0.23","5.29","55.89","0.45","45.15","1.44","67.91"
"547A","ムニノバＨＬＤＧ","東P","420","-16.0(-3.67%)","-3.67","1,059,143","-2.78","-3.78","3.45","1.16","24.37","-1.58","48.61"
"5480","日本冶金工業","東P","5260","-20.0(-0.38%)","-0.38","125,779","-1.68","-2.98","22.61","0.40","34.71","-1.66","43.75"
"5482","愛知製鋼","東P","3020","-20.0(-0.66%)","-0.66","305,470","-3.02","-5.51","14.70","0.61","31.63","-2.21","31.68"
"548A","システムエグゼ","東S","945","+1.0(+0.11%)","0.11","9,142","0.00","-0.14","7.63","0.59","28.04","-0.13","52.67"
"5491","日本金属","東S","897","-3.0(-0.33%)","-0.33","9,614","-0.40","-2.20","10.74","2.18","23.71","-1.26","46.28"
"549A","ヒトトヒトＨＬＤＧ","東S","461","-4.0(-0.86%)","-0.86","11,630","-2.08","-7.56","11.62","0.57","23.88","-1.97","21.43"
"550A","ソフトテックス","東S","2275","+16.0(+0.71%)","0.71","1,356","1.85","3.43","18.37","0.24","58.30","1.71","39.95"
"5527","ｐｒｏｐｅｒｔｙ　ｔｅｃｈｎｏ","東G","775","+2.0(+0.26%)","0.26","10,358","2.03","5.00","34.32","0.38","22.68","2.48","69.23"
"552A","ＭＡＸＩＳ米国ＡＩインフラ株","東ETF","2475.0","+58.0(+2.40%)","2.40","6,636","1.19","2.87","20.67","3.35","33.48","1.42","57.00"
"5530","日本システムバンク","名M","1109","+6.0(+0.54%)","0.54","1,215","0.64","1.29","15.52","1.38","11.43","2.59","62.16"
"5532","リアルゲイト","東G","3540","-60.0(-1.67%)","-1.67","22,351","-2.32","1.44","56.50","0.41","39.36","0.47","53.24"
"5533","エリッツＨＬＤＧ","東S","2090","+2.0(+0.10%)","0.10","1,254","-3.79","-0.87","13.28","0.50","29.08","-0.22","53.44"
"5535","ミガロＨＬＤＧ","東P","282","+0.0(+0.00%)","0.00","27,082","-0.56","-2.22","16.05","0.78","30.68","-1.04","45.83"
"5537","ＡｌｂａＬｉｎｋ","東G","3835","+40.0(+1.05%)","1.05","112,796","1.11","10.62","92.13","0.87","74.23","1.51","69.96"
"5541","大平洋金属","東P","2642","-24.0(-0.90%)","-0.90","278,083","-0.49","-0.38","28.19","0.53","32.65","-0.19","57.22"
"5542","新報国マテリアル","東S","1325","-24.0(-1.78%)","-1.78","213,873","3.34","28.35","82.51","0.37","70.50","1.90","71.07"
"554A","バトンズ","東G","1400","-20.0(-1.41%)","-1.41","3,789","-0.34","-6.60","37.25","0.39","44.10","-1.66","33.08"
"5563","新日本電工","東P","441","-3.0(-0.68%)","-0.68","149,616","-0.81","0.64","27.09","0.70","36.63","0.24","61.76"
"556A","犬猫生活","東G","2997","+72.0(+2.46%)","2.46","187,671","1.88","22.34","65.58","1.61","53.79","2.04","89.96"
"5570","ジェノバ","東G","608","+1.0(+0.16%)","0.16","1,945","-0.75","-3.15","2.01","0.20","23.35","-1.29","23.33"
"5571","エキサイトＨＬＤＧ","東S","1022","-27.0(-2.57%)","-2.57","102","-0.49","0.05","13.56","0.02","24.90","0.04","50.94"
"5572","Ｒｉｄｇｅ−ｉ","東G","3005","-65.0(-2.12%)","-2.12","56,654","-2.09","1.51","53.94","0.28","56.85","0.38","57.35"
"5574","ＡＢＥＪＡ","東G","3140","+25.0(+0.80%)","0.80","167,635","0.32","3.11","53.85","0.76","60.74","0.68","57.39"
"5575","Ｇｌｏｂｅｅ","東G","1157","-55.0(-4.54%)","-4.54","21,173","-3.94","-1.10","98.80","1.51","87.00","-0.22","55.27"
"5576","オービーシステム","東S","3065","-30.0(-0.97%)","-0.97","2,145","-0.58","1.68","25.10","0.37","17.86","1.19","55.15"
"5578","ＡＲアドバンストテクノロジ","東G","918","+8.0(+0.88%)","0.88","15,577","0.92","3.68","21.43","1.04","56.20","1.42","62.18"
"5582","グリッド","東G","2100","-38.0(-1.78%)","-1.78","12,662","-0.48","1.92","25.67","0.50","31.02","0.59","43.75"
"5586","Ｌａｂｏｒｏ．ＡＩ","東G","914","-3.0(-0.33%)","-0.33","16,378","-1.34","-0.22","22.85","0.45","35.64","-0.09","44.86"
"5587","インバウンドプラットフォーム","東G","817","-3.0(-0.37%)","-0.37","2,619","0.71","1.19","32.20","0.56","40.76","0.69","60.00"
"5588","ファーストアカウンティング","東G","758","+30.0(+4.12%)","4.12","35,959","-8.37","-10.37","16.62","0.12","57.55","-2.05","41.71"
"5589","オートサーバー","東S","2985","+15.0(+0.51%)","0.51","889","0.71","2.13","19.35","0.21","16.40","1.26","53.56"
"558A","ＳＱＵＥＥＺＥ","東G","6240","-170.0(-2.65%)","-2.65","72,284","-1.92","5.61","111.45","0.62","61.50","1.01","64.00"
"5590","ネットスターズ","東G","728","+3.0(+0.41%)","0.41","29,814","0.86","1.61","21.74","0.59","35.35","0.78","49.44"
"5591","ＡＶＩＬＥＮ","東G","843","-19.0(-2.20%)","-2.20","17,326","-2.68","-3.21","24.34","1.65","35.75","-1.62","38.89"
"5592","くすりの窓口","東G","2558","+38.0(+1.51%)","1.51","88,463","-0.74","-4.24","23.87","0.83","45.79","-1.57","42.88"
"5597","ブルーイノベーション","東G","1355","-13.0(-0.95%)","-0.95","25,181","-0.50","-1.82","21.31","0.80","44.64","-0.70","39.94"
"5599","Ｓ＆Ｊ","東G","1113","+34.0(+3.15%)","3.15","24,925","3.36","7.86","33.29","5.14","43.77","2.19","73.98"
"559A","梅乃宿酒造","東S","1166","-9.0(-0.77%)","-0.77","7,588","-0.31","-0.51","29.56","0.41","37.15","-0.36","51.95"
"5602","栗本鐵工所","東P","1621","-6.0(-0.37%)","-0.37","242,644","-1.07","-3.42","21.97","0.68","33.37","-1.00","44.96"
"5603","虹技","東S","1317","+8.0(+0.61%)","0.61","1,179","0.97","0.55","12.85","0.90","18.39","0.78","58.70"
"5607","中央可鍛工業","名M","610","-4.0(-0.65%)","-0.65","3,975","-0.94","-0.29","3.92","0.40","9.73","-0.37","48.94"
"5609","日本鋳造","東S","940","-5.0(-0.53%)","-0.53","1,129","0.64","2.22","15.34","0.29","24.94","1.96","71.88"
"5612","日本鋳鉄管","東S","1587","+0.0(+0.00%)","0.00","3,310","0.37","-1.01","6.44","0.44","19.24","-0.56","48.90"
"5616","雨風太陽","東G","658","+2.0(+0.30%)","0.30","783","1.36","1.21","12.29","0.63","22.61","0.99","53.12"
"5618","ナイル","東G","297","-3.0(-1.00%)","-1.00","238","0.07","2.84","8.39","0.73","28.67","1.59","65.52"
"5621","ヒューマンテクノロジーズ","東G","1561","+3.0(+0.19%)","0.19","18,154","-0.94","-1.83","23.59","0.99","33.72","-0.62","53.25"
"5631","日本製鋼所","東P","7316.0","+23.0(+0.32%)","0.32","3,682,544","0.36","-0.12","9.29","0.92","44.94","-0.04","56.38"
"5632","三菱製鋼","東P","2448","-28.0(-1.13%)","-1.13","134,896","-2.69","0.47","40.29","0.60","35.95","0.12","65.78"
"563A","ＧＸ　ＮＡＳＤＡＱ１００Ｄ","東ETF","1071.0","+19.0(+1.81%)","1.81","578,717","1.15","3.48","8.29","0.99","18.95","1.53","68.18"
"5644","メタルアート","東S","7310","+30.0(+0.41%)","0.41","15,324","0.27","-0.17","53.89","1.91","22.76","-0.12","66.67"
"564A","ＧＸ　Ｓ＆Ｐ　先進ＣＦ１００","東ETF","1100.0","+5.0(+0.46%)","0.46","80","0.31","1.21","10.33","0.23","17.86","0.58","74.03"
"5658","日亜鋼業","東S","407","+2.0(+0.49%)","0.49","1,338","0.25","0.50","20.77","0.89","14.46","0.58","58.97"
"5659","日本精線","東P","1395","+0.0(+0.00%)","0.00","44,910","-1.71","-0.95","19.85","0.43","31.14","-0.43","54.98"
"566A","ｉＦ日本株除く金融高配当５０","東ETF","2286.0","-23.0(-1.00%)","-1.00","135","-0.49","-0.52","14.30","0.94","19.64","-0.31","52.89"
"568A","ｉシェアーズ　シルバー　ＥＴＦ","東ETF","158.6","+1.5(+0.95%)","0.95","8,845","-0.46","-5.41","8.11","1.42","38.97","-1.25","41.85"
"5697","サンユウ","東S","829","+4.0(+0.48%)","0.48","14,246","0.36","1.05","27.73","5.09","19.41","1.08","58.42"
"5698","エンビプロＨＬＤＧ","東S","716","-10.0(-1.38%)","-1.38","70,544","-1.86","-4.56","18.54","1.19","47.68","-1.25","44.44"
"5699","イボキン","東S","1557","-2.0(-0.13%)","-0.13","1,092","-0.33","-2.48","11.21","0.47","30.38","-1.49","33.86"
"569A","ｉシェアーズ　プラチナ　ＥＴＦ","東ETF","171.6","+2.1(+1.24%)","1.24","1,443","0.41","-3.09","8.61","0.83","33.29","-1.03","44.56"
"5702","大紀アルミニウム工業所","東P","1775","-30.0(-1.66%)","-1.66","323,012","-1.28","-3.01","47.92","0.64","43.44","-0.83","49.36"
"5703","日本軽金属ＨＬＤＧ","東P","2893","-15.0(-0.52%)","-0.52","283,735","-1.24","-3.18","15.21","0.37","31.43","-1.52","45.92"
"5704","ＪＭＣ","東S","379","-2.0(-0.52%)","-0.52","3,632","-1.20","-2.17","2.43","3.59","24.53","-1.92","36.96"
"5706","三井金属","東P","2454.0","+162.5(+7.09%)","7.09","27,206,385","5.57","-2.21","10.99","0.96","85.13","-0.22","48.24"
"5707","東邦亜鉛","東P","930","-32.0(-3.33%)","-3.33","229,137","-1.06","-8.99","25.34","0.61","63.73","-1.03","40.63"
"570A","ｉシェアーズ　日本国債０−１年","東ETF","901.6","+0.0(+0.00%)","0.00","1,767","-0.01","-0.07","0.23","0.11","5.40","-0.18","48.57"
"5711","三菱マテリアル","東P","5045.0","-75.0(-1.46%)","-1.46","4,665,899","-0.88","-5.17","36.72","0.44","61.92","-0.82","47.64"
"5713","住友金属鉱山","東P","9764.0","-147.0(-1.48%)","-1.48","15,301,207","1.22","-3.76","49.02","0.39","68.97","-0.52","49.95"
"5714","ＤＯＷＡ　ＨＬＤＧ","東P","8909.0","-69.0(-0.77%)","-0.77","3,020,490","0.02","-4.77","19.49","0.57","43.00","-0.82","47.66"
"5715","古河機械金属","東P","4090","-55.0(-1.33%)","-1.33","336,722","-0.27","-3.19","26.63","0.37","51.41","-0.83","46.62"
"571A","ｉシェアーズ　日本国債１−３年","東ETF","498.5","+0.2(+0.04%)","0.04","549","0.13","-0.01","0.38","1.29","2.32","-0.04","50.00"
"5721","エスクリプトエナジー","東S","50","-1.0(-1.96%)","-1.96","22,443","-5.66","-10.78","2.04","0.27","89.96","-1.45","44.44"
"5724","アサカ理研","東S","2908","-62.0(-2.09%)","-2.09","97,763","-2.87","-8.37","37.11","1.19","70.81","-1.73","40.79"
"5726","大阪チタニウムテクノロジーズ","東P","2467","+21.0(+0.86%)","0.86","692,446","-0.12","-4.01","31.08","0.62","60.58","-0.78","31.84"
"5729","日本精鉱","東S","1682","+1.0(+0.06%)","0.06","5,852","0.02","-3.55","23.95","0.42","36.20","-0.77","42.13"
"573A","ｉシェアーズ　日本国債２０年超","東ETF","487.2","-9.6(-1.93%)","-1.93","24,978","-0.01","-0.37","1.58","3.79","12.50","-0.36","39.24"
"5741","ＵＡＣＪ","東P","2142","-25.0(-1.15%)","-1.15","1,091,664","-1.30","-4.72","2.59","0.47","47.75","-1.43","43.33"
"5742","エヌアイシ・オートテック","東S","732","-3.0(-0.41%)","-0.41","293","-1.29","-2.09","7.81","0.13","14.59","-2.10","42.86"
"5753","日本伸銅","東S","2561","-34.0(-1.31%)","-1.31","1,548","-0.58","0.07","16.36","1.20","21.28","0.04","53.79"
"5757","ＣＫサンエツ","東P","5050","+40.0(+0.80%)","0.80","19,956","0.34","-0.43","27.20","0.42","28.85","-0.10","61.59"
"575A","前澤ＨＬＤＧ","東P","1856","-63.0(-3.28%)","-3.28","190,013","-3.06","-2.71","37.18","1.60","38.05","-1.70","46.26"
"576A","グローバルＸ　チャイテクカバコ","東ETF","859.0","+5.0(+0.59%)","0.59","11,305","-0.02","-5.19","7.38","0.23","62.32","-0.63","53.77"
"577A","グローバルＸ　シルバー","東ETF","238.0","+3.1(+1.32%)","1.32","2,188","-0.21","-4.74","8.28","0.47","38.17","-1.30","45.56"
"578A","グローバルＸ　シルバー為替ヘジ","東ETF","234.4","+0.3(+0.13%)","0.13","6,561","-1.03","-6.24","9.64","1.59","38.06","-1.80","36.69"
"579A","グローバルＸ　銀ビジネス","東ETF","949.0","-1.0(-0.11%)","-0.11","4,359","-1.29","-7.94","18.77","1.26","47.00","-1.62","34.87"
"5801","古河電気工業","東P","4056.0","+200.0(+5.19%)","5.19","71,421,912","5.59","4.88","53.29","0.97","83.87","1.43","60.96"
"5802","住友電気工業","東P","2338.0","+20.0(+0.86%)","0.86","33,902,071","4.00","8.36","19.22","0.53","64.19","2.08","68.26"
"5803","フジクラ","東P","5346.0","+122.0(+2.34%)","2.34","158,097,693","5.05","4.47","45.87","0.78","79.70","1.03","56.73"
"5805","ＳＷＣＣ","東P","2726","+26.0(+0.96%)","0.96","2,169,451","1.64","-0.65","6.65","0.76","61.59","-0.15","50.20"
"580A","グローバルＸ　銅ビジネス","東ETF","965.0","-14.0(-1.43%)","-1.43","11,301","-1.03","-4.60","13.53","1.03","40.62","-1.04","41.21"
"5816","オーナンバ","東S","1444","-14.0(-0.96%)","-0.96","27,720","0.10","-0.50","3.00","0.70","37.92","-0.41","52.27"
"5817","ＪＭＡＣＳ","東S","1188","+9.0(+0.76%)","0.76","28,687","1.61","9.68","50.19","0.72","55.09","1.98","78.48"
"5819","カナレ電気","東S","1727","-1.0(-0.06%)","-0.06","2,759","-0.18","-1.33","1.59","0.62","11.35","-1.14","44.00"
"581A","ＧＯ","東G","3400","-35.0(-1.02%)","-1.02","3,633,428","3.91","-4.98","64.97","0.37","81.98","-0.43","47.39"
"5820","三ッ星","東S","900","+3.0(+0.33%)","0.33","8,822","0.04","5.15","41.73","0.46","32.63","1.07","63.16"
"5821","平河ヒューテック","東P","3260","+35.0(+1.09%)","1.09","62,817","2.13","3.76","14.43","0.38","43.44","1.56","67.16"
"5830","いよぎんＨＬＤＧ","東P","3932.0","-82.0(-2.04%)","-2.04","2,632,660","-0.30","0.86","53.29","0.52","35.73","0.41","55.72"
"5831","しずおかＦＧ","東P","3599.0","-38.0(-1.04%)","-1.04","4,633,522","-0.27","0.52","47.89","0.58","34.65","0.26","52.31"
"5832","ちゅうぎんＦＧ","東P","3753.0","-38.0(-1.00%)","-1.00","817,205","-0.31","4.58","51.36","0.43","32.40","1.48","68.46"
"5834","ＳＢＩリーシングサービス","東G","2787","-48.0(-1.69%)","-1.69","122,143","-1.94","0.20","29.33","1.52","29.27","0.10","47.49"
"5838","楽天銀行","東P","6269.0","-47.0(-0.74%)","-0.74","3,780,034","-0.39","-1.70","44.38","0.45","39.80","-0.74","43.41"
"5842","インテグラル・グループ","東G","2932","+51.0(+1.77%)","1.77","200,410","0.36","-1.44","9.16","0.50","30.26","-0.86","37.22"
"5843","ニッポンインシュア","東S","2312","-8.0(-0.34%)","-0.34","2,995","0.06","-1.10","17.00","0.32","26.06","-0.58","46.23"
"5844","京都ＦＧ","東P","4765.0","-49.0(-1.02%)","-1.02","2,638,602","-1.37","-2.15","40.15","0.48","29.94","-1.51","47.45"
"5845","全保連","東S","1220","+3.0(+0.25%)","0.25","10,817","0.11","0.49","28.83","0.45","27.46","0.37","59.26"
"584A","ＬｉＮＫＸ","東G","2376","+26.0(+1.11%)","1.11","103,058","-1.05","-8.94","157.98","0.83","120.15","-1.43","19.34"
"5851","リョービ","東P","2728","-33.0(-1.20%)","-1.20","189,483","-0.34","-0.41","15.64","0.45","24.06","-0.23","52.51"
"5852","アーレスティ","東P","646","-8.0(-1.22%)","-1.22","81,613","-1.91","-4.28","1.25","0.86","23.34","-2.15","21.28"
"5857","ＡＲＥＨＬＤＧ","東P","3520","-90.0(-2.49%)","-2.49","1,376,042","-2.00","-6.32","24.03","0.60","43.76","-1.29","41.14"
"5858","ＳＴＧ","東G","1207","+4.0(+0.33%)","0.33","1,326","0.80","1.93","21.43","3.67","36.63","1.20","65.91"
"5867","エスネットワークス","東G","1385","+4.0(+0.29%)","0.29","6,827","1.18","6.08","25.91","0.77","24.15","1.95","68.84"
"5868","ロココ","東S","1045","-14.0(-1.32%)","-1.32","9,491","-0.80","0.08","14.58","1.07","16.94","0.05","47.58"
"5869","早稲田学習研究会","東S","1266","-6.0(-0.47%)","-0.47","6,119","-0.09","0.58","9.23","1.66","10.10","1.23","56.00"
"586A","ＮＦ日経エンタメ・コンテンツ株","東ETF","252.0","+3.9(+1.57%)","1.57","55,141","1.42","0.50","32.63","0.97","36.00","0.32","59.76"
"5870","ナルネットコミュニケーションズ","東G","900","-4.0(-0.44%)","-0.44","3,501","-0.46","0.38","27.66","0.66","33.14","0.26","60.26"
"5871","ＳＯＬＩＺＥ　ＨＬＤＧ","東S","1350","+20.0(+1.50%)","1.50","109,352","-0.10","-2.55","5.72","14.07","35.33","-1.01","44.44"
"587A","インベスコＱＱＱトラストＳ１","東ETF","118150.0","+2,500.0(+2.16%)","2.16","31,860","1.23","4.47","9.55","5.02","20.25","1.89","74.43"
"5884","クラダシ","東G","605","+6.0(+1.00%)","1.00","1,798","0.57","-1.63","57.14","0.38","37.06","-0.58","39.81"
"5885","ジーデップ・アドバンス","東S","3135","+40.0(+1.29%)","1.29","44,077","0.45","-3.01","30.41","0.77","57.54","-0.72","30.25"
"5888","ＤＡＩＷＡ　ＣＹＣＬＥ","東G","2775","+5.0(+0.18%)","0.18","832","0.41","-1.52","4.95","0.08","22.43","-0.72","34.09"
"5889","Ｊａｐａｎ　Ｅｙｅｗｅａｒ　Ｈ","東P","2248","-7.0(-0.31%)","-0.31","96,864","-0.41","-8.75","23.04","0.26","35.00","-1.22","17.94"
"5891","ＳＡＫＩＧＡＫＥＨＬＤＧ","東S","1699","-1.0(-0.06%)","-0.06","1,527","0.07","0.72","34.73","0.41","14.27","1.09","54.95"
"5892","ｙｕｔｏｒｉ","東G","2984","-15.0(-0.50%)","-0.50","178,126","-0.47","10.28","60.17","0.42","53.49","1.37","78.17"
"589A","ネイス","東G","1362","-11.0(-0.80%)","-0.80","6,002","-0.13","-0.21","20.96","0.09","69.33","-0.09","56.86"
"5900","ダイケン","東S","866","+9.0(+1.05%)","1.05","346","0.23","-1.32","12.61","0.57","17.05","-0.74","51.41"
"5901","東洋製罐グループＨＬＤＧ","東P","4457.0","+28.0(+0.63%)","0.63","1,012,176","-0.37","-1.33","43.04","0.32","22.13","-1.13","46.12"
"5902","ホッカン","東P","2607","-34.0(-1.29%)","-1.29","56,253","-2.75","-4.47","21.65","0.84","22.33","-1.88","40.92"
"5906","エムケー精工","東S","778","+0.0(+0.00%)","0.00","2,742","0.21","0.72","21.75","0.95","22.29","0.47","36.07"
"5909","コロナ","東S","938","-5.0(-0.53%)","-0.53","11,648","-1.43","-2.39","4.11","0.66","20.99","-1.59","45.45"
"590A","ギフティグループ","東P","1129","-1.0(-0.09%)","-0.09","100,022","-1.26","-10.50","14.85","0.62","55.41","-2.01","22.99"
"5911","横河ブリッジＨＬＤＧ","東P","2921","-14.0(-0.48%)","-0.48","190,959","-1.59","-2.06","7.87","0.54","14.03","-1.99","41.56"
"5915","駒井ハルテック","東S","2390","-59.0(-2.41%)","-2.41","12,076","-1.55","-2.24","26.46","2.83","24.56","-1.98","37.36"
"5921","川岸工業","東S","4320","-30.0(-0.69%)","-0.69","864","-1.30","-1.66","10.77","0.02","14.38","-1.77","36.05"
"5928","アルメタックス","東S","288","+1.0(+0.35%)","0.35","86","-0.41","-0.65","9.92","0.09","15.04","-0.73","50.00"
"5929","三和ＨＬＤＧ","東P","3495.0","+3.0(+0.09%)","0.09","921,890","0.11","-0.82","7.27","0.35","36.06","-0.35","48.64"
"5930","文化シヤッター","東P","1832","-26.0(-1.40%)","-1.40","92,295","-2.41","-3.27","3.62","0.34","20.37","-2.56","38.08"
"5932","三協立山","東P","646","-5.0(-0.77%)","-0.77","90,294","-1.40","-1.69","7.67","2.26","17.95","-1.16","55.56"
"5933","アルインコ","東P","1098","+2.0(+0.18%)","0.18","29,802","-0.34","-1.83","9.80","0.70","14.06","-1.34","41.82"
"5936","東洋シヤッター","東S","895","-1.0(-0.11%)","-0.11","7,911","-0.69","-1.51","4.07","0.45","15.05","-1.48","33.82"
"5938","ＬＩＸＩＬ","東P","1686.5","-9.5(-0.56%)","-0.56","1,404,672","-0.95","-3.13","7.32","0.44","26.70","-1.98","34.41"
"5940","不二サッシ","東S","747","+1.0(+0.13%)","0.13","29,758","-0.27","-0.94","12.84","1.06","23.04","-0.80","41.38"
"5941","中西製作所","東S","2688","-11.0(-0.41%)","-0.41","2,970","-0.36","-1.52","8.39","2.20","21.85","-0.98","47.18"
"5942","日本フイルコン","東S","724","+35.0(+5.08%)","5.08","261,131","5.32","11.60","32.60","3.76","23.52","3.42","93.58"
"5943","ノーリツ","東P","2177","-19.0(-0.87%)","-0.87","117,638","-1.23","-5.14","9.12","0.75","16.89","-1.28","30.51"
"5946","長府製作所","東P","1983","+6.0(+0.30%)","0.30","59,673","0.14","-2.87","3.07","0.69","19.84","-0.96","27.04"
"5947","リンナイ","東P","3394.0","-3.0(-0.09%)","-0.09","374,669","-0.56","-3.23","5.70","0.27","20.73","-1.27","39.87"
"5949","ユニプレス","東P","1298","-9.0(-0.69%)","-0.69","97,627","-1.05","-2.10","9.08","0.61","25.91","-0.98","48.26"
"5950","日本パワーファスニング","東S","151","+0.0(+0.00%)","0.00","332","0.27","-1.67","11.03","0.76","16.43","-0.70","42.11"
"5951","ダイニチ工業","東S","1135","-9.0(-0.79%)","-0.79","4,515","-0.04","-2.83","33.53","0.85","50.16","-0.74","39.13"
"5952","アマテイ","東S","188","-1.0(-0.53%)","-0.53","4,513","-0.53","-1.30","9.94","3.21","13.36","-1.75","35.71"
"5955","ワイズＨＬＤＧ","東S","82","+0.0(+0.00%)","0.00","55,249","0.00","-0.92","9.33","1.20","25.45","-0.55","54.55"
"5956","トーソー","東S","582","+2.0(+0.34%)","0.34","1,105","0.45","0.92","6.20","1.00","13.35","1.49","69.23"
"5957","日東精工","東P","770","+3.0(+0.39%)","0.39","43,596","-0.18","0.12","9.69","0.85","20.11","0.09","56.25"
"5958","三洋工業","東S","4295","+0.0(+0.00%)","0.00","4,297","-0.90","-3.85","6.58","0.18","20.39","-1.54","24.68"
"5959","岡部","東P","929","-3.0(-0.32%)","-0.32","42,159","-0.64","-1.69","4.97","0.73","13.12","-1.49","43.24"
"5962","浅香工業","東S","2166","+6.0(+0.28%)","0.28","217","0.50","3.86","36.31","1.00","25.94","1.45","69.66"
"5965","フジマック","東S","1199","+1.0(+0.08%)","0.08","4,792","-0.07","-0.16","13.11","3.64","18.18","-0.24","48.65"
"5967","ＴＯＮＥ","東S","439","+0.0(+0.00%)","0.00","2,233","0.14","-3.38","8.66","0.26","23.44","-1.22","29.41"
"5970","ジーテクト","東P","2230","-32.0(-1.41%)","-1.41","145,493","-1.45","-1.65","25.78","0.39","22.50","-0.66","58.77"
"5971","共和工業所","東S","8910","+60.0(+0.68%)","0.68","11,681","1.32","3.62","32.99","0.81","27.47","1.68","58.82"
"5974","中国工業","東S","846","+0.0(+0.00%)","0.00","85","-0.40","0.11","13.25","1.00","13.46","0.15","55.17"
"5975","東プレ","東P","3385","+30.0(+0.89%)","0.89","143,030","-0.27","1.75","47.56","0.43","34.31","0.57","64.86"
"5976","高周波熱錬","東P","1441","+6.0(+0.42%)","0.42","62,584","-0.84","-3.08","15.93","0.50","18.54","-1.34","40.91"
"5981","東京製綱","東P","1880","-2.0(-0.11%)","-0.11","62,180","-0.92","-0.65","15.41","0.65","37.93","-0.25","60.23"
"5982","マルゼン","東S","4085","+10.0(+0.25%)","0.25","8,149","0.29","-1.19","19.79","0.29","16.24","-1.22","31.71"
"5983","イワブチ","東S","14160","+70.0(+0.50%)","0.50","11,213","1.07","3.16","33.58","1.33","36.91","1.62","70.56"
"5984","兼房","東S","776","-11.0(-1.40%)","-1.40","1,095","-0.18","-0.24","11.17","0.88","15.04","-0.26","47.87"
"5985","サンコール","東S","2465","+168.0(+7.31%)","7.31","1,116,632","3.10","11.61","167.64","0.56","94.49","1.78","67.03"
"5986","モリテック　スチール","東S","292","+4.0(+1.39%)","1.39","34,955","2.60","10.86","52.88","0.65","26.87","2.43","81.48"
"5988","パイオラックス","東P","1683","+14.0(+0.84%)","0.84","81,281","-0.26","-0.81","11.83","0.77","16.61","-0.61","56.10"
"5989","エイチワン","東P","1432","-31.0(-2.12%)","-2.12","159,896","-2.47","-3.56","25.17","0.76","36.39","-1.37","51.40"
"5990","スーパーツール","東S","1928","-2.0(-0.10%)","-0.10","193","-0.22","-0.93","0.00","1.00","6.60","-1.74","36.14"
"5991","ニッパツ","東P","3464.0","+17.0(+0.49%)","0.49","722,643","0.81","2.94","44.33","0.30","41.02","1.38","70.34"
"5992","中央発條","東S","3695","+10.0(+0.27%)","0.27","70,269","-0.24","-0.08","14.04","1.06","17.51","-0.12","56.00"
"5994","ファインシンター","東S","984","-11.0(-1.11%)","-1.11","6,565","-0.73","-2.81","8.61","13.40","28.51","-1.62","24.41"
"5997","協立エアテック","東S","895","-12.0(-1.32%)","-1.32","449","-0.82","-0.36","26.95","2.50","23.74","-0.19","60.63"
"5998","アドバネクス","東S","2925","-69.0(-2.30%)","-2.30","30,141","1.45","6.32","93.71","0.58","56.91","1.82","66.12"
"6005","三浦工業","東P","3005.0","-8.0(-0.27%)","-0.27","847,973","-2.66","-4.54","3.16","0.45","29.06","-1.86","35.68"
"600A","ニッセイＥＴＦ　ラセル２０００","東ETF","1826.0","+1.0(+0.05%)","0.05","528","-0.51","-2.81","0.05","1.07","50.84","-1.23","38.40"
"6013","タクマ","東P","3005","+28.0(+0.94%)","0.94","393,825","0.43","-0.15","22.20","0.75","25.94","-0.10","54.63"
"6016","ジャパンエンジン","東S","12130","+430.0(+3.68%)","3.68","888,617","2.57","6.72","75.54","0.92","61.08","1.30","57.67"
"6022","赤阪鐵工所","東S","2855","+4.0(+0.14%)","0.14","3,142","-0.28","-0.31","26.89","1.38","31.21","-0.10","43.13"
"6023","ダイハツインフィニアース","東S","3370","+135.0(+4.17%)","4.17","295,767","2.12","5.49","70.72","0.67","49.21","1.27","55.29"
"6027","弁護士ドットコム","東P","5180","-30.0(-0.58%)","-0.58","935,950","1.43","-0.90","159.26","1.12","87.78","-0.15","55.13"
"6029","アトラグループ","東S","192","+1.0(+0.52%)","0.52","4,169","0.42","2.32","43.28","1.34","23.17","1.51","66.67"
"6030","アドベンチャー","東G","1629","-21.0(-1.27%)","-1.27","12,405","-1.94","-1.78","42.89","0.44","50.48","-0.30","46.70"
"6031","ＺＥＴＡ","東S","285","+6.0(+2.15%)","2.15","5,450","1.50","1.14","30.73","0.54","35.68","0.34","46.97"
"6033","エクストリーム","東G","1683","+9.0(+0.54%)","0.54","10,744","-0.98","-1.02","30.87","0.36","42.22","-0.36","48.47"
"6034","ＭＲＴ","東G","591","-39.0(-6.19%)","-6.19","13,144","-2.83","-3.36","3.50","4.64","24.37","-0.94","44.23"
"6035","アイ・アールジャパンＨＬＤＧ","東S","749","+16.0(+2.18%)","2.18","16,343","0.27","1.73","8.08","0.73","20.06","0.82","61.48"
"6036","ＫｅｅＰｅｒ技研","東P","3410","+0.0(+0.00%)","0.00","104,974","-1.22","-1.78","37.61","0.28","31.67","-0.46","36.36"
"6037","楽待","東S","1092","-2.0(-0.18%)","-0.18","16,702","1.26","1.80","23.95","0.47","33.77","1.08","53.74"
"6038","イード","東G","839","-5.0(-0.59%)","-0.59","2,441","-0.12","1.10","6.20","0.55","13.06","1.02","68.18"
"6039","日本動物高度医療センター","東G","1005","+9.0(+0.90%)","0.90","41,146","0.52","-0.76","9.00","1.01","33.24","-0.40","54.13"
"6040","日本スキー場開発","東G","457","-1.0(-0.22%)","-0.22","8,610","0.09","-1.24","6.78","0.43","26.67","-1.18","44.90"
"6044","三機サービス","東S","1878","-4.0(-0.21%)","-0.21","6,016","-0.47","-0.72","30.33","0.65","19.68","-0.47","55.07"
"6045","レントラックス","東G","2174","-76.0(-3.38%)","-3.38","17,915","0.01","-1.77","59.97","0.16","69.78","-0.27","50.67"
"6046","リンクバル","東S","142","-1.0(-0.70%)","-0.70","2,284","-3.40","-6.38","31.48","0.43","48.34","-1.61","34.29"
"6047","Ｇｕｎｏｓｙ","東S","380","-2.0(-0.52%)","-0.52","10,192","-1.14","-4.12","10.14","0.62","52.14","-0.99","42.59"
"6049","イトクロ","東G","249","-2.0(-0.80%)","-0.80","174","-0.08","-0.34","4.18","0.16","15.98","-0.24","41.46"
"6050","イー・ガーディアン","東P","1672","-18.0(-1.07%)","-1.07","27,784","-3.87","-6.36","4.89","0.51","19.75","-2.90","26.07"
"6054","リブセンス","東S","111","+1.0(+0.91%)","0.91","775","0.00","-0.89","7.77","3.89","25.58","-0.49","46.15"
"6055","ジャパンマテリアル","東P","2387","+85.0(+3.69%)","3.69","924,044","2.67","9.45","59.24","0.56","61.81","2.17","61.66"
"6058","ベクトル","東P","1983","+52.0(+2.69%)","2.69","554,896","1.53","0.03","74.87","0.72","48.20","0.01","46.52"
"6059","ウチヤマＨＬＤＧ","東S","367","+0.0(+0.00%)","0.00","1,143","-0.38","0.34","9.55","0.25","10.38","0.31","53.57"
"6061","ユニバーサル園芸社","東S","3155","+10.0(+0.32%)","0.32","6,005","-0.13","-1.01","25.65","0.54","28.59","-0.38","52.08"
"6062","チャーム・ケア","東P","1416","-3.0(-0.21%)","-0.21","74,907","-0.74","0.17","20.51","0.55","24.45","0.11","55.61"
"6069","トレンダーズ","東G","665","-8.0(-1.19%)","-1.19","2,809","-0.63","-2.25","15.05","0.41","23.81","-1.11","44.68"
"6070","キャリアリンク","東P","2565","-10.0(-0.39%)","-0.39","34,443","-0.03","0.24","22.96","0.36","17.92","0.14","58.00"
"6071","ＩＢＪ","東P","909","+23.0(+2.60%)","2.60","119,674","2.60","0.78","37.94","1.17","39.65","0.23","63.21"
"6073","アサンテ","東P","1400","-16.0(-1.13%)","-1.13","23,630","-3.14","-7.08","7.20","1.01","17.52","-2.82","23.35"
"6074","ジェイエスエス","東S","504","-4.0(-0.79%)","-0.79","304","-1.06","-2.05","7.69","0.55","14.87","-2.49","38.46"
"6076","アメイズ","福","1315","+5.0(+0.38%)","0.38","9,834","0.29","0.70","18.26","2.50","15.02","0.53","52.73"
"6078","バリューＨＲ","東P","1532","-11.0(-0.71%)","-0.71","24,018","-1.24","-2.53","15.97","0.39","20.48","-1.06","44.26"
"6080","Ｍ＆Ａキャピタルパートナーズ","東P","4310","+75.0(+1.77%)","1.77","237,405","1.48","2.74","48.93","0.80","22.38","1.28","64.60"
"6081","アライドアーキテクツ","東G","142","+0.0(+0.00%)","0.00","14,510","-0.84","-7.24","4.41","1.14","49.68","-1.11","38.46"
"6082","ライドオンエクスプレスＨＬＤＧ","東S","991","+6.0(+0.61%)","0.61","15,443","0.26","-1.12","3.01","0.82","12.34","-0.80","38.96"
"6086","シンメンテＨＬＤＧ","東G","1014","-3.0(-0.29%)","-0.29","27,082","-0.45","-0.94","5.41","1.26","22.07","-0.67","51.92"
"6087","アビスト","東S","3380","+40.0(+1.20%)","1.20","9,402","-1.31","-4.21","5.46","0.37","12.70","-2.23","24.05"
"6088","シグマクシス・ＨＬＤＧ","東P","580","+0.0(+0.00%)","0.00","141,586","-0.41","2.52","15.77","0.49","38.23","1.01","69.84"
"6089","ウィルグループ","東P","1158","-3.0(-0.26%)","-0.26","19,643","-0.38","-0.56","16.97","0.42","17.67","-0.33","57.63"
"6090","ヒューマン・メタボローム・テク","東S","614","-4.0(-0.65%)","-0.65","737","-0.10","-0.35","7.72","1.71","16.91","-0.26","47.62"
"6091","ウエスコＨＬＤＧ","東S","958","-10.0(-1.03%)","-1.03","2,700","-2.00","3.60","19.45","0.80","23.74","0.84","66.50"
"6092","エンバイオＨＬＤＧ","東S","783","+2.0(+0.26%)","0.26","9,459","-0.43","-4.86","30.94","1.02","37.47","-1.43","29.41"
"6093","ミトラグループ","東S","162","-1.0(-0.61%)","-0.61","5,616","0.00","0.15","10.20","0.37","16.88","0.09","55.56"
"6094","フリークアウトＨＬＤＧ","東G","508","-6.0(-1.17%)","-1.17","22,573","-2.01","-6.86","0.79","1.47","25.68","-1.45","22.37"
"6098","リクルートＨＬＤＧ","東P","16830.0","+35.0(+0.21%)","0.21","29,191,878","1.26","1.11","178.64","0.40","59.15","0.26","60.36"
"6099","エラン","東P","713","-5.0(-0.70%)","-0.70","17,347","-1.27","-2.52","9.02","0.43","21.28","-1.18","44.44"
"6101","ツガミ","東P","5500","+210.0(+3.97%)","3.97","979,492","4.01","7.08","93.12","0.77","63.96","1.69","74.44"
"6103","オークマ","東P","4820","+40.0(+0.84%)","0.84","951,962","1.56","4.64","42.18","0.56","40.30","1.07","87.31"
"6104","芝浦機械","東P","4825","+15.0(+0.31%)","0.31","508,148","0.86","7.75","32.19","0.42","41.37","1.83","93.48"
"6111","旭精機工業","名M","2040","+0.0(+0.00%)","0.00","204","0.36","1.43","3.40","0.25","10.04","2.04","70.21"
"6113","アマダ","東P","2608.0","+54.5(+2.13%)","2.13","3,434,940","3.01","5.03","40.25","0.62","47.31","1.40","70.29"
"6118","アイダエンジニアリング","東P","1231","+17.0(+1.40%)","1.40","169,875","1.58","-0.46","18.14","0.84","38.47","-0.17","37.23"
"6125","岡本工作機械製作所","東S","4970","+95.0(+1.95%)","1.95","136,114","1.78","5.12","34.69","1.25","58.56","1.78","63.92"
"6134","ＦＵＪＩ","東P","7940.0","+311.0(+4.08%)","4.08","3,053,889","4.71","11.72","117.89","0.60","64.78","2.65","81.00"
"6135","牧野フライス製作所","東P","3200","+115.0(+3.73%)","3.73","1,736,923","2.37","4.73","7.35","0.76","36.88","2.03","69.97"
"6136","オーエスジー","東P","3644.0","+47.0(+1.31%)","1.31","498,522","1.71","2.13","59.47","0.36","46.31","0.67","71.18"
"6137","小池酸素工業","東S","1517","-21.0(-1.37%)","-1.37","15,722","-0.76","-0.05","10.97","0.39","20.64","-0.04","47.13"
"6138","ダイジェット工業","東S","2046","-26.0(-1.25%)","-1.25","7,372","1.01","2.00","111.80","0.33","72.45","0.77","60.68"
"6140","旭ダイヤモンド工業","東P","1124","-1.0(-0.09%)","-0.09","273,618","0.02","-2.36","35.26","0.72","41.99","-0.58","46.95"
"6141","ＤＭＧ森精機","東P","2893.5","-13.0(-0.45%)","-0.45","1,751,001","-0.52","0.30","25.40","0.47","48.87","0.09","67.90"
"6142","富士精工","名M","1805","+3.0(+0.17%)","0.17","181","0.68","1.82","26.67","0.06","25.55","1.72","64.19"
"6143","ソディック","東P","1755","+38.0(+2.21%)","2.21","299,855","1.98","3.61","83.39","0.57","61.09","1.17","69.76"
"6144","西部電機","東S","2751","+15.0(+0.55%)","0.55","19,406","-0.88","-3.32","9.60","1.15","39.30","-1.52","29.29"
"6145","ＮＩＴＴＯＫＵ","東S","2837","+157.0(+5.86%)","5.86","406,839","4.85","11.86","36.20","1.51","53.21","2.78","80.00"
"6146","ディスコ","東P","60340.0","+2,890.0(+5.03%)","5.03","81,834,996","6.57","9.13","22.32","0.67","69.39","1.61","74.71"
"6149","小田原エンジニアリング","東S","2162","-21.0(-0.96%)","-0.96","5,858","-2.10","-3.23","17.82","0.35","20.91","-1.32","41.38"
"6150","タケダ機械","東S","2790","-11.0(-0.39%)","-0.39","3,627","-0.16","-0.10","4.65","0.81","9.74","-0.27","52.83"
"6151","日東工器","東P","1700","-12.0(-0.70%)","-0.70","22,566","-1.51","-1.87","8.90","0.98","19.05","-1.31","45.41"
"6155","高松機械工業","東S","540","-3.0(-0.55%)","-0.55","487","-0.26","0.03","20.00","0.50","21.14","0.07","47.62"
"6156","エーワン精密","東S","1874","+4.0(+0.21%)","0.21","4,690","0.98","1.35","11.75","0.62","12.23","1.25","58.97"
"6157","日進工具","東S","820","+8.0(+0.99%)","0.99","35,856","0.64","-0.55","3.54","0.45","43.92","-0.28","55.07"
"6158","和井田製作所","東S","1001","-23.0(-2.25%)","-2.25","19,406","-1.34","-2.44","15.06","27.57","18.58","-2.83","40.00"
"6159","ミクロン精密","東S","1850","+0.0(+0.00%)","0.00","185","-0.55","-3.14","5.65","0.20","57.14","-0.57","47.34"
"6161","エスティック","東S","1050","-1.0(-0.10%)","-0.10","420","0.21","-0.00","7.14","0.25","22.28","-0.00","49.40"
"6165","パンチ工業","東S","543","+0.0(+0.00%)","0.00","5,911","-0.73","-0.26","19.34","0.30","26.62","-0.14","54.55"
"6166","中村超硬","東G","608","-10.0(-1.62%)","-1.62","32,285","-2.53","-7.33","132.06","0.99","55.55","-2.33","23.53"
"6167","冨士ダイス","東P","1015","+1.0(+0.10%)","0.10","16,259","0.42","1.00","14.04","0.32","30.72","0.39","70.79"
"6171","土木管理総合試験所","東S","371","-2.0(-0.54%)","-0.54","13,598","-0.43","-0.46","0.27","3.33","12.61","-1.54","45.00"
"6176","ブランジスタ","東S","1001","+11.0(+1.11%)","1.11","107,974","-0.62","-4.02","48.52","1.03","41.56","-0.86","27.53"
"6177","ＡｐｐＢａｎｋ","東G","87","+0.0(+0.00%)","0.00","9,808","1.16","2.40","20.83","0.31","36.91","1.40","52.94"
"6178","日本郵政","東P","2515.5","-22.0(-0.87%)","-0.87","6,068,982","-1.06","1.01","51.22","0.37","27.06","0.46","56.45"
"6180","ＧＭＯメディア","東G","3770","-10.0(-0.26%)","-0.26","4,561","0.19","-1.13","9.59","1.50","14.87","-0.83","38.10"
"6181","タメニー","東G","87","-1.0(-1.14%)","-1.14","2,418","-1.58","-2.77","27.94","0.72","31.84","-1.00","14.29"
"6182","メタリアル","東G","551","+2.0(+0.36%)","0.36","10,961","1.55","6.28","31.82","0.51","49.44","1.91","79.10"
"6183","ベルシステム２４ＨＬＤＧ","東P","1315","-9.0(-0.68%)","-0.68","280,974","-1.39","-4.12","1.15","0.57","16.73","-1.79","31.67"
"6184","鎌倉新書","東P","607","+9.0(+1.51%)","1.51","47,473","1.10","2.16","36.71","0.74","23.64","0.74","64.57"
"6185","ＳＭＮ","東S","364","-2.0(-0.55%)","-0.55","982","-0.76","-0.75","6.43","0.54","21.00","-1.03","42.86"
"6186","一蔵","東S","374","+1.0(+0.27%)","0.27","223","0.05","-0.90","4.18","1.50","15.96","-0.75","47.83"
"6189","グローバルキッズＣＯＭＰＡＮＹ","東S","996","-1.0(-0.10%)","-0.10","5,263","-0.50","-1.57","32.27","0.37","15.03","-1.59","37.36"
"6190","フェニックスバイオ","東G","307","-10.0(-3.15%)","-3.15","1,253","-0.65","-4.53","3.72","0.21","28.59","-0.95","40.91"
"6191","エアトリ","東P","1453","+31.0(+2.18%)","2.18","942,221","1.55","27.17","120.15","0.84","109.91","0.85","74.63"
"6193","バーチャレクスＨＬＤＧ","東G","1048","-44.0(-4.03%)","-4.03","19,131","-7.21","-11.23","14.41","1.95","27.20","-3.06","28.10"
"6194","アトラエ","東P","934","-16.0(-1.68%)","-1.68","234,075","2.23","6.21","47.32","0.47","34.73","2.00","80.00"
"6195","ホープ","東G","202","-3.0(-1.46%)","-1.46","2,182","-0.79","-0.34","2.02","0.54","20.05","-0.41","50.00"
"6196","ストライクグループ","東P","1412","+18.0(+1.29%)","1.29","287,771","0.70","0.77","21.10","0.62","28.77","0.37","54.55"
"6198","キャリア","東G","199","-1.0(-0.50%)","-0.50","2,974","-0.50","-1.56","1.53","74.00","23.90","-0.93","35.29"
"6199","セラク","東S","1334","-12.0(-0.89%)","-0.89","6,511","-1.61","-3.12","22.27","0.35","32.69","-1.02","52.17"
"6200","インソース","東P","670","+9.0(+1.36%)","1.36","155,845","-0.39","-6.19","18.79","0.48","34.12","-1.81","37.77"
"6203","豊和工業","東S","2508","+64.0(+2.62%)","2.62","3,187,344","4.08","21.77","108.31","0.90","101.16","1.03","56.75"
"6208","石川製作所","東S","1791","-21.0(-1.16%)","-1.16","210,953","-1.20","3.78","19.32","0.57","44.84","0.78","58.23"
"6209","リケンＮＰＲ","東P","3925","-35.0(-0.88%)","-0.88","142,909","-0.71","0.15","10.72","0.31","24.59","0.08","61.68"
"6217","津田駒工業","東S","800","+1.0(+0.13%)","0.13","11,885","-0.15","0.60","81.41","0.67","76.07","0.15","61.18"
"6218","エンシュウ","東S","665","+5.0(+0.76%)","0.76","3,829","1.99","2.28","25.71","2.76","37.63","1.53","51.55"
"6222","島精機製作所","東P","907","-3.0(-0.33%)","-0.33","186,945","-1.24","-3.65","6.46","1.33","25.70","-1.48","41.30"
"6223","西部技研","東S","1967","+24.0(+1.24%)","1.24","24,139","0.74","1.43","18.28","0.73","35.00","1.13","58.72"
"6224","ＪＲＣ","東G","1187","+8.0(+0.68%)","0.68","18,291","-0.39","-1.14","9.70","0.97","37.46","-0.60","45.34"
"6225","エコム","名M","2051","-49.0(-2.33%)","-2.33","619","1.17","-0.20","11.59","0.30","24.54","-0.09","47.68"
"6226","守谷輸送機工業","東S","2241","+3.0(+0.13%)","0.13","103,653","0.71","1.60","23.34","1.21","54.31","0.76","52.20"
"6227","ＡＩメカテック","東S","7600","+230.0(+3.12%)","3.12","4,890,503","6.92","20.18","48.73","0.81","99.55","2.31","65.62"
"6228","ジェイ・イー・ティ","東S","693","-28.0(-3.88%)","-3.88","214,914","10.56","28.27","46.51","1.29","63.09","2.71","80.77"
"6229","オーケーエム","東S","1485","+7.0(+0.47%)","0.47","10,096","0.51","-0.17","6.45","1.51","24.75","-0.11","46.03"
"6230","ＳＡＮＥＩ","東S","2170","+9.0(+0.42%)","0.42","1,748","-0.19","0.25","4.68","1.14","17.22","0.42","55.10"
"6231","木村工機","東S","12210","-150.0(-1.21%)","-1.21","182,678","-0.16","-0.89","20.30","1.04","38.34","-0.20","53.46"
"6232","ＡＣＳＬ","東G","1297","-9.0(-0.69%)","-0.69","313,382","-1.25","-6.67","44.43","0.57","60.94","-0.89","40.75"
"6233","ＫＬＡＳＳ","東S","400","+1.0(+0.25%)","0.25","756","-0.35","-0.27","7.24","0.83","10.24","-0.27","51.61"
"6235","オプトラン","東P","2791","+74.0(+2.72%)","2.72","528,813","5.70","9.60","47.75","0.39","59.80","1.96","70.47"
"6237","イワキポンプ","東P","4075","-10.0(-0.24%)","-0.24","66,191","-0.20","1.78","68.18","0.48","63.06","0.59","81.44"
"6238","フリュー","東P","1416","+5.0(+0.35%)","0.35","79,922","-0.37","-0.97","41.04","0.55","23.30","-0.63","49.77"
"6239","ナガオカ","東S","1420","-25.0(-1.73%)","-1.73","11,088","-2.01","-1.64","11.81","3.39","32.33","-0.87","50.57"
"6240","ヤマシンフィルタ","東P","515","+0.0(+0.00%)","0.00","119,471","-0.81","-2.46","9.34","0.66","27.30","-1.39","40.54"
"6245","ヒラノテクシード","東S","1812","-11.0(-0.60%)","-0.60","43,559","-0.20","-0.85","18.98","1.03","32.35","-0.44","41.15"
"6246","テクノスマート","東S","1807","+2.0(+0.11%)","0.11","8,283","-0.61","-1.45","9.45","1.10","16.82","-1.41","40.27"
"6247","日阪製作所","東P","1654","+10.0(+0.61%)","0.61","32,610","-1.38","-4.21","20.99","0.30","32.92","-1.33","45.48"
"6248","横田製作所","東S","1772","+0.0(+0.00%)","0.00","177","-1.27","0.93","6.75","0.02","24.16","0.44","61.35"
"6249","ゲームカードＨＬＤＧ","東S","2774","-7.0(-0.25%)","-0.25","1,389","-1.52","-2.30","24.34","0.06","20.05","-1.99","42.89"
"6250","やまびこ","東P","4370","+70.0(+1.63%)","1.63","185,601","-0.11","0.18","50.17","0.38","30.83","0.08","53.19"
"6254","野村マイクロ・サイエンス","東P","3555","+65.0(+1.86%)","1.86","1,522,063","2.51","4.12","36.42","0.80","71.20","1.10","68.07"
"6255","エヌ・ピー・シー","東G","766","+55.0(+7.74%)","7.74","545,350","8.78","13.24","35.58","1.77","51.52","3.53","89.02"
"6257","藤商事","東S","1002","-8.0(-0.79%)","-0.79","16,311","-0.71","-1.35","5.36","0.36","11.02","-2.03","39.47"
"6258","平田機工","東P","3855","+20.0(+0.52%)","0.52","434,430","1.05","7.53","68.71","0.56","65.57","1.76","72.88"
"6262","ＰＥＧＡＳＵＳ","東S","524","-5.0(-0.95%)","-0.95","15,855","-1.09","-0.96","4.80","0.95","21.89","-0.55","57.58"
"6264","マルマエ","東P","2109","+72.0(+3.53%)","3.53","920,494","5.75","8.62","50.43","0.89","71.92","1.64","65.49"
"6266","タツモ","東P","4155","+190.0(+4.79%)","4.79","647,767","7.25","16.71","101.11","0.55","87.54","2.97","78.33"
"6267","ゼネラルパッカー","東S","4200","+80.0(+1.94%)","1.94","7,901","1.74","3.53","18.98","6.33","19.66","2.91","72.86"
"6268","ナブテスコ","東P","4967.0","+48.0(+0.98%)","0.98","2,491,926","2.40","8.11","32.24","0.53","54.09","2.24","86.71"
"6269","三井海洋開発","東P","8735.0","-172.0(-1.93%)","-1.93","5,457,791","-1.83","-6.38","0.76","0.97","47.26","-1.77","29.31"
"6272","レオン自動機","東P","1496","-1.0(-0.07%)","-0.07","47,186","-0.61","-2.26","7.78","0.45","18.29","-1.24","48.73"
"6273","ＳＭＣ","東P","72820.0","+700.0(+0.97%)","0.97","15,943,712","2.56","5.68","30.64","0.60","45.23","1.92","77.18"
"6276","シリウスビジョン","東S","351","-1.0(-0.28%)","-0.28","1,828","-1.07","-3.06","48.10","0.14","59.89","-1.07","40.96"
"6277","ホソカワミクロン","東P","6610","+190.0(+2.96%)","2.96","266,320","1.44","14.17","40.49","0.42","33.34","1.96","80.98"
"6278","ユニオンツール","東P","15910","+850.0(+5.64%)","5.64","2,702,059","6.89","15.12","92.15","0.76","86.36","2.51","77.50"
"6279","瑞光","東P","952","+2.0(+0.21%)","0.21","7,781","0.46","2.72","12.13","0.32","15.06","1.79","72.09"
"6282","オイレス工業","東P","2823","-12.0(-0.42%)","-0.42","135,022","-2.45","-2.85","20.33","0.78","20.09","-1.69","47.85"
"6284","日精エー・エス・ビー機械","東P","8550","+100.0(+1.18%)","1.18","94,649","0.42","-0.36","38.35","0.38","41.03","-0.16","70.77"
"6286","靜甲","東S","1529","+11.0(+0.72%)","0.72","915","0.76","1.48","15.92","0.32","17.52","1.32","56.17"
"6287","サトー","東P","2697","+0.0(+0.00%)","0.00","90,149","-0.44","-1.44","31.37","0.31","31.42","-0.50","51.66"
"6289","技研製作所","東P","2030","+19.0(+0.94%)","0.94","92,279","1.30","5.44","19.76","0.64","21.05","1.76","85.33"
"6291","日本エアーテック","東S","1343","+12.0(+0.90%)","0.90","15,500","0.69","-0.26","15.48","0.58","25.49","-0.12","54.17"
"6292","カワタ","東S","850","+8.0(+0.95%)","0.95","2,201","-0.28","0.15","10.25","2.17","14.56","0.14","46.36"
"6294","オカダアイヨン","東P","1937","+1.0(+0.05%)","0.05","16,252","-0.53","-1.22","1.15","0.66","13.86","-1.57","42.14"
"6298","ワイエイシイＨＬＤＧ","東P","1273","+30.0(+2.41%)","2.41","81,411","1.22","-0.43","30.30","0.93","46.01","-0.16","40.98"
"6301","小松製作所","東P","7588.0","-45.0(-0.59%)","-0.59","11,099,013","0.60","2.84","49.90","0.39","37.41","1.08","55.96"
"6302","住友重機械工業","東P","6140.0","+144.0(+2.40%)","2.40","3,604,456","2.29","6.00","46.16","0.46","43.91","2.07","73.82"
"6305","日立建機","東P","5604.0","-3.0(-0.05%)","-0.05","3,252,567","-0.55","-2.67","20.44","0.60","36.03","-1.13","40.94"
"6306","日工","東P","1021","+10.0(+0.99%)","0.99","77,556","0.59","1.25","33.81","0.87","18.46","0.75","66.98"
"6307","サンセイ","東S","464","-3.0(-0.64%)","-0.64","2,379","-1.36","-3.06","13.73","1.46","30.31","-1.22","29.76"
"6309","巴工業","東P","1947","-9.0(-0.46%)","-0.46","264,664","-1.04","-3.33","20.48","0.83","20.83","-1.76","40.36"
"6310","井関農機","東P","1905","-14.0(-0.73%)","-0.73","89,855","-1.43","-0.52","26.75","0.66","41.97","-0.15","50.55"
"6315","ＴＯＷＡ","東P","2397","+99.0(+4.31%)","4.31","6,701,849","5.75","7.61","19.19","1.06","72.99","2.07","70.35"
"6316","丸山製作所","東S","2828","-15.0(-0.53%)","-0.53","20,319","-2.72","-5.18","28.37","0.77","26.38","-2.69","32.53"
"6317","北川鉄工所","東S","2551","-2.0(-0.08%)","-0.08","117,068","-0.02","21.46","68.27","0.77","57.61","1.27","93.73"
"6322","タクミナ","東S","1603","+0.0(+0.00%)","0.00","481","-0.21","0.65","5.46","0.38","6.52","0.94","60.00"
"6323","ローツェ","東P","4180.0","+176.0(+4.40%)","4.40","3,656,849","6.85","10.67","77.34","0.56","78.78","1.70","67.70"
"6324","ハーモニック・ドライブ・システ","東P","6610","+190.0(+2.96%)","2.96","3,904,834","2.70","11.22","101.83","0.74","77.90","2.08","81.38"
"6325","タカキタ","東S","419","+0.0(+0.00%)","0.00","1,756","0.14","0.33","8.83","0.66","9.98","0.64","54.29"
"6326","クボタ","東P","2702.0","-61.5(-2.23%)","-2.23","6,966,919","-1.43","-4.41","21.71","0.53","36.11","-1.37","41.03"
"6327","北川精機","東S","3285","+25.0(+0.77%)","0.77","374,417","1.20","6.07","267.86","1.15","117.76","1.26","58.87"
"6328","荏原実業","東P","2499","+39.0(+1.59%)","1.59","199,609","2.61","4.75","19.00","0.83","35.20","2.44","64.61"
"6330","東洋エンジニアリング","東P","2731","+24.0(+0.89%)","0.89","7,396,134","2.05","1.83","59.52","0.64","74.94","0.46","50.79"
"6331","三菱化工機","東P","3070","-225.0(-6.83%)","-6.83","2,048,691","-6.03","-6.24","6.52","5.07","44.18","-2.87","38.93"
"6332","月島ＨＬＤＧ","東P","2672","+71.0(+2.73%)","2.73","1,211,908","1.07","-1.99","9.73","3.76","30.42","-0.71","45.20"
"6333","ＴＥＩＫＯＫＵ","東P","3575","-5.0(-0.14%)","-0.14","66,325","-0.69","3.12","32.85","0.55","30.66","1.23","66.93"
"6334","明治機械","東S","488","+8.0(+1.67%)","1.67","49","2.09","-0.09","36.69","0.06","32.78","-0.03","46.08"
"6335","東京機械製作所","東S","582","-9.0(-1.52%)","-1.52","1,816","-0.51","-1.01","25.43","0.46","58.29","-0.84","43.82"
"6336","石井表記","東S","1520","+39.0(+2.63%)","2.63","73,590","2.48","-7.45","113.78","2.29","86.37","-0.62","27.28"
"6337","テセック","東S","3775","+90.0(+2.44%)","2.44","107,807","2.97","10.30","82.81","0.91","70.46","1.98","63.09"
"6338","タカトリ","東S","1722","+42.0(+2.50%)","2.50","27,774","1.97","3.66","37.43","1.40","34.46","1.92","54.52"
"6339","新東工業","東P","1159","-2.0(-0.17%)","-0.17","112,981","-2.05","-2.57","29.50","0.47","30.37","-1.26","52.60"
"6340","澁谷工業","東P","5600","+40.0(+0.72%)","0.72","156,896","0.68","4.63","74.45","0.56","44.84","1.60","73.20"
"6342","太平製作所","東S","2890","-4.0(-0.14%)","-0.14","1,427","0.15","-1.10","11.15","1.67","21.41","-0.75","48.24"
"6343","フリージア・マクロス","東S","150","+0.0(+0.00%)","0.00","3,184","1.21","0.81","19.05","0.48","22.00","0.49","61.54"
"6345","アイチ","東P","1426","-17.0(-1.18%)","-1.18","99,083","-1.89","-2.05","13.00","0.66","17.29","-1.80","45.45"
"6347","プラコー","東S","242","-7.0(-2.81%)","-2.81","9,726","-2.65","-3.88","6.14","3.60","37.94","-1.38","37.50"
"6349","小森コーポレーション","東P","1950","-2.0(-0.10%)","-0.10","117,914","-1.38","-2.17","40.59","0.27","35.09","-1.19","42.70"
"6351","鶴見製作所","東P","2595","+15.0(+0.58%)","0.58","77,359","-0.64","1.94","38.03","0.47","40.96","0.67","59.91"
"6356","日本ギア工業","東S","1386","-5.0(-0.36%)","-0.36","85,260","0.55","2.60","71.11","0.52","67.87","0.57","56.93"
"6357","三精テクノロジーズ","東S","2688","-23.0(-0.85%)","-0.85","26,087","-1.70","-1.08","29.54","0.40","31.02","-0.52","50.19"
"6358","酒井重工業","東P","2081","-16.0(-0.76%)","-0.76","25,983","-1.79","-3.21","3.64","0.89","15.26","-2.60","34.57"
"6361","荏原製作所","東P","4741.0","+28.0(+0.59%)","0.59","8,713,230","3.00","5.18","24.53","0.46","57.24","1.11","68.98"
"6363","酉島製作所","東P","2930","-27.0(-0.91%)","-0.91","241,034","-0.66","-0.37","45.92","0.66","39.05","-0.14","55.24"
"6364","ＡＩＲＭＡＮ","東P","2516","+15.0(+0.60%)","0.60","66,016","-0.43","-0.11","58.64","0.66","50.08","-0.06","56.76"
"6365","電業社機械製作所","東S","5600","-10.0(-0.18%)","-0.18","3,349","-0.88","-0.38","13.94","1.20","17.67","-0.30","45.45"
"6366","千代田化工建設","東S","665","-11.0(-1.63%)","-1.63","755,977","-0.39","-5.08","7.26","0.59","51.88","-1.60","35.00"
"6367","ダイキン工業","東P","21025.0","+100.0(+0.48%)","0.48","9,971,306","0.66","1.17","20.97","0.40","21.15","1.39","64.83"
"6368","オルガノ","東P","2569.0","+14.0(+0.55%)","0.55","2,086,091","1.12","1.85","3.88","0.51","57.75","0.50","59.23"
"6369","トーヨーカネツ","東P","2353","-14.0(-0.59%)","-0.59","104,664","-1.84","-3.23","11.78","0.57","21.56","-1.59","37.36"
"6370","栗田工業","東P","7850.0","+96.0(+1.24%)","1.24","2,018,525","1.09","1.33","22.52","0.39","39.32","0.40","69.83"
"6371","椿本チエイン","東P","2667","+21.0(+0.79%)","0.79","335,001","-0.37","-0.90","19.06","0.48","20.19","-0.72","56.38"
"6376","日機装","東P","3535","-30.0(-0.84%)","-0.84","453,732","-1.50","0.27","121.49","0.39","68.40","0.06","57.30"
"6378","木村化工機","東S","1181","-8.0(-0.67%)","-0.67","44,747","-0.19","-0.91","7.27","0.58","34.41","-0.48","51.80"
"6379","レイズネクスト","東P","989","+1.0(+0.10%)","0.10","229,930","-0.28","-1.46","3.24","0.30","35.94","-0.59","49.62"
"6380","オリエンタルチエン工業","東S","3475","+5.0(+0.14%)","0.14","16,618","-2.09","-9.50","19.70","0.22","57.61","-1.87","16.27"
"6381","アネスト岩田","東P","1897","+17.0(+0.90%)","0.90","68,950","-0.41","-1.94","21.76","0.37","18.30","-0.99","39.04"
"6382","トリニティ工業","東S","1226","-18.0(-1.45%)","-1.45","23,548","-0.86","-0.92","5.06","0.88","13.23","-0.81","51.85"
"6383","ダイフク","東P","5783.0","+54.0(+0.94%)","0.94","5,104,798","3.04","3.05","17.68","0.36","37.97","1.11","62.07"
"6384","昭和真空","東S","1718","+6.0(+0.35%)","0.35","8,372","-0.43","0.26","12.21","1.63","20.18","0.30","51.56"
"6387","サムコ","東P","9030","+110.0(+1.23%)","1.23","924,093","5.69","7.72","105.46","0.69","87.84","1.42","57.10"
"6390","加藤製作所","東P","1304","-5.0(-0.38%)","-0.38","33,324","-0.58","-2.31","11.26","0.49","18.18","-1.43","47.48"
"6391","加地テック","東S","4865","-65.0(-1.32%)","-1.32","2,440","-0.31","1.80","39.40","0.62","30.89","0.93","60.00"
"6393","油研工業","東S","3045","+10.0(+0.33%)","0.33","1,217","-0.59","-0.23","9.14","0.44","14.41","-0.35","48.57"
"6395","タダノ","東P","1346","+0.0(+0.00%)","0.00","158,000","-0.56","-2.13","25.68","0.41","31.29","-0.97","45.51"
"6400","不二精機","東S","310","+2.0(+0.65%)","0.65","4,863","0.00","5.57","21.57","1.14","27.28","1.64","71.01"
"6402","兼松エンジニアリング","東S","1622","-14.0(-0.86%)","-0.86","1,788","-0.45","0.56","24.96","1.10","27.33","0.58","55.20"
"6405","鈴茂器工","東S","1305","-10.0(-0.76%)","-0.76","23,083","1.59","5.84","32.76","0.55","24.70","2.22","69.79"
"6407","ＣＫＤ","東P","5630","+170.0(+3.11%)","3.11","1,723,394","4.76","6.76","83.09","0.50","72.14","1.66","67.47"
"6408","小倉クラッチ","東S","4245","-35.0(-0.82%)","-0.82","1,274","-2.48","-0.95","17.92","3.00","32.18","-0.70","49.47"
"6412","平和ＨＬＤＧ","東P","2078","-24.0(-1.14%)","-1.14","402,794","-3.15","-5.23","18.74","0.56","18.67","-2.46","40.45"
"6413","理想科学工業","東P","1043","+8.0(+0.77%)","0.77","54,303","-0.36","-3.28","10.37","0.72","22.84","-0.78","47.92"
"6417","ＳＡＮＫＹＯ","東P","2054.5","+3.0(+0.15%)","0.15","752,081","-1.20","0.24","34.63","0.33","25.48","0.09","55.02"
"6418","日本金銭機械","東P","1251","+6.0(+0.48%)","0.48","48,705","-0.79","0.84","40.56","0.37","30.22","0.36","68.11"
"6419","マースグループＨＬＤＧ","東P","3050","+0.0(+0.00%)","0.00","112,985","-1.39","-3.94","10.07","0.43","16.93","-2.40","34.18"
"6420","ガリレイＨＬＤＧ","東P","3385","-50.0(-1.46%)","-1.46","66,528","-2.31","-3.04","4.96","0.28","17.44","-2.02","37.33"
"6424","高見沢サイバネティックス","東S","895","+10.0(+1.13%)","1.13","267","0.40","-0.08","4.56","0.30","8.42","-0.12","43.64"
"6425","ユニバーサルエンターテインメン","東S","714","+2.0(+0.28%)","0.28","43,658","0.82","-1.65","16.67","0.30","43.10","-0.85","51.27"
"6428","オーイズミ","東S","327","-1.0(-0.30%)","-0.30","822","-0.06","0.02","6.86","0.16","11.84","0.04","58.33"
"6430","ダイコク電機","東P","2381","+3.0(+0.13%)","0.13","76,339","-2.11","-4.04","17.06","0.59","18.73","-2.02","40.47"
"6432","竹内製作所","東P","7310","+10.0(+0.14%)","0.14","284,106","0.38","-1.11","21.63","0.32","34.19","-0.46","54.93"
"6433","ヒーハイスト","東S","1295","+14.0(+1.09%)","1.09","208,867","-3.03","8.55","63.92","0.56","72.64","0.93","63.83"
"6436","アマノ","東P","3785.0","-12.0(-0.32%)","-0.32","533,063","-1.28","-3.15","9.61","0.45","22.73","-1.97","34.44"
"6440","ＪＵＫＩ","東P","860","-7.0(-0.81%)","-0.81","300,913","3.39","15.57","82.20","0.48","59.22","2.15","87.13"
"6444","サンデン","東S","190","+0.0(+0.00%)","0.00","13,709","-0.84","0.47","42.86","1.20","43.92","0.13","54.35"
"6445","ジャノメ","東P","1357","-15.0(-1.09%)","-1.09","47,748","-1.50","-1.74","24.61","0.99","27.44","-0.68","54.31"
"6448","ブラザー工業","東P","4662.0","+71.0(+1.55%)","1.55","1,700,368","-0.21","-0.04","65.91","0.22","33.16","-0.01","65.87"
"6454","マックス","東P","1872","+29.0(+1.57%)","1.57","171,128","0.43","-0.04","22.83","0.31","27.02","-0.02","49.17"
"6455","モリタＨＬＤＧ","東P","2430","-22.0(-0.90%)","-0.90","83,731","-2.00","-2.47","7.24","0.47","20.51","-1.81","46.57"
"6457","グローリー","東P","4400.0","+57.0(+1.31%)","1.31","300,229","-0.72","-3.26","17.84","0.35","27.78","-0.73","49.82"
"6458","新晃工業","東P","1219","+9.0(+0.74%)","0.74","152,274","-0.21","-1.56","4.55","0.57","17.38","-1.13","45.45"
"6459","だいわ","東P","1658","-3.0(-0.18%)","-0.18","37,391","-0.77","-0.54","8.15","0.40","26.32","-0.29","56.49"
"6460","セガサミーＨＬＤＧ","東P","3396.0","+69.0(+2.07%)","2.07","1,621,413","2.63","6.06","63.43","0.46","33.88","1.88","72.60"
"6463","ＴＰＲ","東P","1524","-12.0(-0.78%)","-0.78","85,785","-1.85","-2.90","33.33","0.56","27.08","-1.14","50.70"
"6464","ツバキ・ナカシマ","東P","333","-4.0(-1.19%)","-1.19","54,571","-1.71","-2.37","18.51","0.92","52.43","-1.28","41.82"
"6465","ホシザキ","東P","5223.0","-32.0(-0.61%)","-0.61","937,195","-0.88","-4.08","9.54","0.43","21.60","-1.28","29.62"
"6466","ＴＶＥ","東S","4280","+20.0(+0.47%)","0.47","19,339","0.85","8.52","54.23","0.62","59.96","1.76","68.90"
"6467","ニチダイ","東S","352","+0.0(+0.00%)","0.00","495","0.17","1.71","12.82","2.33","9.90","1.62","66.67"
"6469","放電精密加工研究所","東S","2952","+26.0(+0.89%)","0.89","102,584","1.36","3.41","29.76","0.63","68.50","0.92","55.60"
"6470","大豊工業","東S","1153","-2.0(-0.17%)","-0.17","43,419","0.12","3.62","42.52","1.07","29.49","1.12","88.81"
"6471","日本精工","東P","1098.5","+0.0(+0.00%)","0.00","784,345","0.37","0.91","12.57","0.37","33.66","0.38","65.32"
"6472","ＮＴＮ","東P","381.1","-1.2(-0.31%)","-0.31","496,536","-0.51","0.63","21.91","0.46","36.65","0.32","61.26"
"6473","ジェイテクト","東P","2154.0","+10.5(+0.49%)","0.49","1,108,581","1.57","2.99","39.19","0.32","38.84","0.95","69.96"
"6474","不二越","東P","5670","+110.0(+1.98%)","1.98","482,196","1.98","3.77","31.10","1.20","51.00","1.15","85.07"
"6479","ミネベアミツミ","東P","3808.0","+60.0(+1.60%)","1.60","5,296,074","4.08","10.57","51.23","0.41","47.75","2.68","90.44"
"6480","日本トムソン","東P","1874","+2.0(+0.11%)","0.11","712,055","0.68","7.45","127.98","0.53","68.74","1.49","74.57"
"6481","ＴＨＫ","東P","6618.0","-16.0(-0.24%)","-0.24","3,168,115","1.38","4.12","64.71","0.61","56.97","0.88","69.43"
"6482","ＹＵＳＨＩＮ","東S","724","+3.0(+0.42%)","0.42","34,445","0.47","0.80","13.48","0.46","27.01","0.40","58.72"
"6484","ＫＶＫ","東S","2222","+7.0(+0.32%)","0.32","1,562","-0.59","-0.94","1.05","0.37","16.41","-1.05","48.15"
"6485","前澤給装工業","東S","1681","+9.0(+0.54%)","0.54","20,695","0.60","1.32","23.60","0.53","15.70","0.65","69.83"
"6488","ヨシタケ","東S","1049","+0.0(+0.00%)","0.00","3,146","0.23","0.53","18.80","0.25","12.23","0.96","66.67"
"6490","ＰＩＬＬＡＲ","東P","11010","+110.0(+1.01%)","1.01","646,447","2.46","12.37","131.30","0.56","64.35","1.97","78.29"
"6492","岡野バルブ製造","東S","16000","+20.0(+0.13%)","0.13","135,980","2.62","10.34","142.79","0.78","82.82","1.91","64.99"
"6493","ＮＩＴＴＡＮ","東S","471","-8.0(-1.67%)","-1.67","13,914","-2.04","-4.49","8.03","0.92","31.58","-1.56","43.53"
"6494","ＮＦＫ　ＨＬＤＧ","東S","99","+1.0(+1.02%)","1.02","8,314","0.00","1.31","19.28","2.08","32.38","0.91","63.64"
"6495","宮入バルブ製作所","東S","107","-2.0(-1.83%)","-1.83","9,274","-1.83","-5.04","0.00","0.38","41.72","-1.33","25.00"
"6496","中北製作所","東S","5780","-10.0(-0.17%)","-0.17","10,335","2.05","4.16","30.47","0.16","48.30","1.69","60.74"
"6497","ハマイ","東S","1471","+4.0(+0.27%)","0.27","8,320","0.29","1.16","22.18","2.59","21.12","0.83","51.19"
"6498","キッツ","東P","2072","+22.0(+1.07%)","1.07","176,270","2.30","6.38","23.19","0.23","51.66","2.48","88.60"
"6501","日立製作所","東P","5472.0","-17.0(-0.31%)","-0.31","35,843,097","-0.44","1.61","24.70","0.46","31.19","0.71","68.97"
"6503","三菱電機","東P","5287.0","+82.0(+1.58%)","1.58","14,051,526","1.38","0.02","13.72","0.38","45.51","0.01","62.16"
"6504","富士電機","東P","14560.0","+600.0(+4.30%)","4.30","5,192,484","4.74","8.97","47.07","0.42","47.63","2.16","78.57"
"6505","東洋電機製造","東S","2415","-36.0(-1.47%)","-1.47","72,824","-1.61","-0.54","31.90","1.17","40.84","-0.41","52.31"
"6506","安川電機","東P","4758.0","+125.0(+2.70%)","2.70","13,059,112","4.10","4.36","19.34","0.87","61.90","0.99","65.96"
"6507","シンフォニア　テクノロジー","東P","13810","+250.0(+1.84%)","1.84","1,480,169","3.96","12.50","49.30","0.61","61.39","2.30","77.94"
"6508","明電舎","東P","11830","+290.0(+2.51%)","2.51","1,343,707","2.28","6.58","109.01","0.69","60.31","1.39","76.30"
"6513","オリジン","東S","1296","-13.0(-0.99%)","-0.99","12,088","-0.55","1.46","25.83","1.19","56.37","0.79","61.04"
"6516","山洋電気","東P","5530","+40.0(+0.73%)","0.73","190,538","0.95","3.83","37.39","0.35","40.56","1.42","88.33"
"6517","デンヨー","東P","3975","-30.0(-0.75%)","-0.75","121,951","-1.36","-1.58","19.37","1.19","34.97","-0.83","55.65"
"6518","三相電機","東S","1755","+31.0(+1.80%)","1.80","12,173","1.94","2.27","75.15","1.49","48.40","0.83","60.67"
"6521","オキサイド","東G","3345","+95.0(+2.92%)","2.92","255,141","2.29","4.63","115.11","0.49","62.92","1.19","61.59"
"6522","アスタリスク","東G","1275","+6.0(+0.47%)","0.47","270,009","-0.33","-20.37","242.74","0.62","160.29","-0.93","19.34"
"6523","ＰＨＣＨＬＤＧ","東P","1660","+230.0(+16.08%)","16.08","9,784,567","11.72","16.80","75.85","3.71","59.85","2.06","82.34"
"6524","湖北工業","東S","5710","+260.0(+4.77%)","4.77","1,538,336","5.62","13.95","96.09","1.60","69.00","2.60","77.69"
"6525","ＫＯＫＵＳＡＩ　ＥＬＥＣＴＲＩ","東P","10085.0","+507.0(+5.29%)","5.29","83,292,979","6.24","15.28","107.13","0.31","95.64","2.80","66.80"
"6526","ソシオネクスト","東P","2200.0","+102.5(+4.89%)","4.89","7,921,991","2.11","9.92","31.07","0.68","67.16","1.68","67.41"
"6532","ベイカレント","東P","7649.0","-41.0(-0.53%)","-0.53","4,507,535","0.01","-0.87","102.35","0.55","43.98","-0.27","59.44"
"6533","Ｏｒｃｈｅｓｔｒａ　ＨＬＤＧ","東P","1890","+9.0(+0.48%)","0.48","394,157","11.89","49.00","96.88","0.56","68.29","2.54","92.75"
"6535","アイモバイル","東P","494","-7.0(-1.40%)","-1.40","86,311","-1.04","-2.41","11.01","1.18","30.37","-1.25","41.30"
"6537","ＷＡＳＨハウス","東G","315","+0.0(+0.00%)","0.00","31,954","2.47","5.93","9.38","0.38","19.96","2.40","65.31"
"6538","ディスラプターズ","東S","246","+1.0(+0.41%)","0.41","1,005","-0.65","-0.42","18.27","0.18","33.27","-0.22","36.36"
"6539","ＭＳ―Ｊａｐａｎ","東P","986","+5.0(+0.51%)","0.51","15,000","-0.06","-1.35","8.71","0.48","11.51","-1.22","43.21"
"6540","船場","東S","1504","-2.0(-0.13%)","-0.13","26,710","-0.30","-0.71","3.65","0.95","13.70","-0.61","50.44"
"6543","日宣","東S","1183","+1.0(+0.08%)","0.08","598","-0.19","-2.21","4.51","0.62","23.88","-0.84","33.90"
"6544","ジャパンエレベーターサービスＨ","東P","1462.0","-17.5(-1.18%)","-1.18","563,844","-1.10","-2.72","3.47","0.50","29.77","-1.02","48.15"
"6545","インターネットインフィニティー","東G","782","+1.0(+0.13%)","0.13","7,774","-0.10","-2.29","20.12","0.76","29.19","-1.09","41.96"
"6546","フルテック","東S","1178","-11.0(-0.93%)","-0.93","475","-0.49","0.56","8.67","0.36","12.32","0.57","46.15"
"6547","グリーンズ","東S","2053","-18.0(-0.87%)","-0.87","26,692","-0.73","-3.45","9.43","0.45","32.09","-1.75","31.61"
"6548","旅工房","東G","122","+0.0(+0.00%)","0.00","5,104","-2.09","-1.01","41.86","0.82","55.20","-0.24","39.62"
"6549","ディーエムソリューションズ","東S","1120","+7.0(+0.63%)","0.63","3,690","-0.23","1.67","8.95","1.74","40.89","0.64","48.74"
"6551","ツナググループＨＬＤＧ","東S","607","-4.0(-0.65%)","-0.65","3,950","0.13","-1.50","19.02","0.30","19.60","-0.97","46.15"
"6552","ＧａｍｅＷｉｔｈ","東S","170","+0.0(+0.00%)","0.00","1,662","-0.12","-1.44","7.59","0.48","48.74","-0.97","38.46"
"6554","エスユーエス","東G","1126","+11.0(+0.99%)","0.99","13,003","-0.27","0.67","19.03","0.39","22.79","0.37","52.17"
"6555","ＭＳ＆Ｃｏｎｓｕｌｔｉｎｇ","東S","422","+1.0(+0.24%)","0.24","549","-0.42","-1.25","7.65","0.81","14.35","-1.56","30.30"
"6557","ＡＩＡＩグループ","東G","687","+9.0(+1.33%)","1.33","18,258","0.94","-7.02","18.45","0.37","29.09","-1.46","27.40"
"6558","クックビズ","東G","674","-4.0(-0.59%)","-0.59","67","1.20","0.85","9.42","0.03","22.73","0.80","54.76"
"6560","エル・ティー・エス","東P","1791","+16.0(+0.90%)","0.90","22,055","0.51","-0.17","14.81","1.16","28.74","-0.07","42.19"
"6561","ＨＡＮＡＴＯＵＲ　ＪＡＰＡＮ","東G","841","+18.0(+2.19%)","2.19","13,134","2.04","1.83","12.28","1.89","21.80","1.10","50.00"
"6562","ジーニー","東G","992","+2.0(+0.20%)","0.20","10,102","-0.62","2.45","16.30","0.58","50.19","0.60","60.13"
"6563","みらいワークス","東G","454","-2.0(-0.44%)","-0.44","1,453","-1.13","-1.43","3.18","1.52","28.35","-1.03","50.00"
"6564","ミダックＨＬＤＧ","東P","1904","+0.0(+0.00%)","0.00","46,534","-2.26","-4.64","6.55","0.25","36.75","-1.55","44.48"
"6565","ＡＢホテル","名M","1299","-4.0(-0.31%)","-0.31","5,576","-0.41","-0.04","3.92","7.17","20.49","-0.06","51.19"
"6566","要興業","東S","1270","+1.0(+0.08%)","0.08","631","0.13","-0.68","13.39","0.56","17.28","-0.37","59.72"
"6568","神戸天然物化学","東G","1225","-6.0(-0.49%)","-0.49","4,358","-0.73","-1.01","10.06","1.57","16.63","-1.16","42.98"
"6570","共和コーポレーション","東S","4060","+60.0(+1.50%)","1.50","104,268","3.92","7.58","260.89","0.28","87.13","0.96","65.09"
"6571","キュービーネットＨＬＤＧ","東P","1274","-5.0(-0.39%)","-0.39","27,202","-0.39","-1.08","4.60","0.71","14.20","-0.76","45.45"
"6572","オープングループ","東P","265","+0.0(+0.00%)","0.00","11,740","-0.90","-2.59","37.31","0.17","50.68","-0.83","40.54"
"6573","ＣＲＡＶＩＡ","東G","25","+0.0(+0.00%)","0.00","1,440","-3.10","-9.81","19.05","0.07","62.14","-1.66","28.57"
"6574","コンヴァノ","東G","128","-1.0(-0.78%)","-0.78","53,850","3.23","8.00","64.10","0.24","51.80","1.90","66.67"
"6577","ベストワンドットコム","東G","1353","-17.0(-1.24%)","-1.24","6,226","-1.31","-18.89","0.37","0.53","66.32","-1.09","5.13"
"6578","コレックＨＬＤＧ","東S","481","-4.0(-0.82%)","-0.82","385","-0.12","1.14","20.25","0.47","23.35","0.37","61.22"
"6579","ログリー","東G","333","-2.0(-0.60%)","-0.60","1,031","-1.36","-4.29","22.88","1.41","27.88","-2.22","18.75"
"6580","ライトアップ","東G","861","+7.0(+0.82%)","0.82","4,093","0.30","-2.31","20.25","0.71","50.56","-0.63","48.44"
"6584","三櫻工業","東P","771","-13.0(-1.66%)","-1.66","137,366","-1.83","-1.09","19.53","0.76","43.31","-0.74","57.73"
"6586","マキタ","東P","5356.0","+39.0(+0.73%)","0.73","1,250,183","0.40","1.18","15.61","0.24","34.76","1.16","62.02"
"6588","東芝テック","東P","2927","+30.0(+1.04%)","1.04","260,140","0.01","-0.90","16.15","0.70","38.98","-0.21","68.98"
"6590","芝浦メカトロニクス","東P","4240","+250.0(+6.27%)","6.27","6,832,371","8.97","8.91","20.63","0.70","76.77","2.11","60.65"
"6592","マブチモーター","東P","1742.0","+13.5(+0.78%)","0.78","772,777","1.00","1.17","22.94","0.36","25.29","0.54","67.02"
"6594","ニデック","東P","2117","-238.0(-10.11%)","-10.11","77,539,716","-11.07","-18.50","12.13","2.48","61.87","-2.69","30.74"
"6597","ＨＰＣシステムズ","東G","3930","+25.0(+0.64%)","0.64","184,747","-1.18","6.68","144.56","0.88","62.81","1.01","62.45"
"6599","エブレン","東S","4465","-70.0(-1.54%)","-1.54","37,647","-0.07","15.84","66.42","0.45","50.78","1.51","78.11"
"6612","バルミューダ","東G","585","+2.0(+0.34%)","0.34","1,645","0.14","-1.50","4.28","0.36","25.89","-0.96","34.78"
"6614","シキノハイテック","東S","875","-5.0(-0.57%)","-0.57","2,439","-0.09","1.00","31.98","0.68","47.46","0.88","55.79"
"6615","ユー・エム・シー・エレクトロニ","東S","237","+2.0(+0.85%)","0.85","5,646","-0.50","-0.55","7.73","0.55","33.67","-0.46","51.52"
"6616","トレックス・セミコンダクター","東P","2031","+79.0(+4.05%)","4.05","163,540","3.49","6.57","41.93","1.31","56.28","1.73","67.56"
"6617","東光高岳","東P","7380","+10.0(+0.14%)","0.14","378,485","2.53","6.85","86.84","0.33","61.49","1.83","80.56"
"6619","ダブル・スコープ","東P","146","-1.0(-0.68%)","-0.68","150,708","-1.08","-4.95","5.80","0.64","50.65","-0.98","35.29"
"6620","宮越ＨＬＤＧ","東P","638","-5.0(-0.78%)","-0.78","38,298","-1.91","-6.95","16.64","1.38","38.87","-2.12","18.00"
"6622","ダイヘン","東P","2719","+80.0(+3.03%)","3.03","1,679,137","3.93","7.86","8.20","0.51","65.87","2.12","70.20"
"6623","愛知電機","名P","8900","-50.0(-0.56%)","-0.56","50,166","-0.47","0.42","30.31","2.59","21.22","0.30","50.44"
"6625","ＪＡＬＣＯ　ＨＬＤＧ","東S","340","-4.0(-1.16%)","-1.16","54,846","-3.57","-8.58","8.63","0.23","24.18","-2.36","13.73"
"6626","ＳＥＭＩＴＥＣ","東S","2493","+0.0(+0.00%)","0.00","12,913","1.08","6.40","28.77","0.57","34.21","1.43","66.34"
"6627","テラプローブ","東S","2579","+209.0(+8.82%)","8.82","1,765,149","7.32","15.51","13.11","1.92","91.81","2.77","70.40"
"6629","テクノホライゾン","東S","1043","-2.0(-0.19%)","-0.19","62,490","0.10","4.69","25.51","0.83","43.71","1.57","66.50"
"6630","ヤーマン","東P","781","+5.0(+0.64%)","0.64","18,560","0.13","-1.24","18.15","0.29","20.81","-0.84","38.10"
"6632","ＪＶＣケンウッド","東P","1007.0","-3.5(-0.35%)","-0.35","675,849","-0.15","0.22","14.99","0.49","48.80","0.09","67.14"
"6633","ＣＧＳ　ＨＬＤＧ","東S","313","+1.0(+0.32%)","0.32","595","0.00","-1.19","0.97","1.46","8.71","-1.25","38.46"
"6634","ＪＮグループ","東S","68","-1.0(-1.45%)","-1.45","3,434","-1.16","-3.85","36.00","3.05","58.67","-1.66","37.50"
"6635","大日光・エンジニアリング","東S","672","+2.0(+0.30%)","0.30","939","-0.50","0.59","36.31","0.20","35.49","0.45","66.15"
"6637","寺崎電気産業","東S","4250","+25.0(+0.59%)","0.59","28,367","-0.19","-0.06","33.65","0.26","48.78","-0.02","50.21"
"6638","ミマキエンジニアリング","東P","2221","+47.0(+2.16%)","2.16","181,105","1.06","10.03","49.56","0.63","53.48","1.85","79.08"
"6643","戸上電機製作所","東S","5550","+0.0(+0.00%)","0.00","20,914","-0.54","-1.56","27.44","2.53","38.77","-0.67","44.64"
"6644","大崎電気工業","東P","1454","+5.0(+0.35%)","0.35","150,330","-1.20","-2.23","25.78","0.64","31.32","-0.86","54.15"
"6645","オムロン","東P","6425.0","-11.0(-0.17%)","-0.17","4,435,246","0.90","2.48","67.67","0.49","53.73","0.73","76.21"
"6647","森尾電機","東S","3680","-135.0(-3.54%)","-3.54","1,118","-3.39","3.10","67.27","3.00","45.69","0.64","68.55"
"6648","かわでん","東S","1659","-5.0(-0.30%)","-0.30","43,876","-0.35","-0.59","7.31","1.43","47.27","-0.27","55.10"
"6651","日東工業","東P","4395","+55.0(+1.27%)","1.27","136,691","0.30","0.42","8.79","0.52","26.25","0.33","63.83"
"6652","ＩＤＥＣ","東P","3820","-5.0(-0.13%)","-0.13","140,113","0.32","4.00","34.65","0.18","34.98","1.37","74.77"
"6653","正興電機製作所","東P","2123","-5.0(-0.23%)","-0.23","61,114","0.59","-0.33","10.29","0.97","43.94","-0.12","57.49"
"6654","不二電機工業","東S","1091","+3.0(+0.28%)","0.28","4,910","0.39","0.75","4.90","1.25","10.39","0.96","70.59"
"6655","東洋電機","名M","786","+4.0(+0.51%)","0.51","157","-0.23","0.00","8.12","2.00","16.32","0.00","53.45"
"6656","インスペック","東S","837","-3.0(-0.36%)","-0.36","13,347","2.45","3.80","58.82","0.38","73.64","1.04","56.50"
"6658","シライ電子工業","東S","450","+0.0(+0.00%)","0.00","14,202","0.31","-0.48","8.43","2.98","19.75","-0.42","56.25"
"6659","メディアリンクス","東S","43","-1.0(-2.27%)","-2.27","148,689","-1.83","-10.94","34.38","1.38","66.42","-1.70","25.00"
"6662","ユビテック","東S","229","+1.0(+0.44%)","0.44","5,748","0.17","0.90","17.44","14.76","17.79","0.70","57.58"
"6663","太洋テクノレックス","東S","307","-1.0(-0.32%)","-0.32","1,818","-0.32","-1.12","25.82","1.05","24.99","-0.70","40.00"
"6664","オプトエレクトロニクス","東S","258","-3.0(-1.15%)","-1.15","543","-0.54","-0.66","12.66","0.38","28.55","-0.37","44.74"
"6666","リバーエレテック","東S","867","+2.0(+0.23%)","0.23","27,848","3.19","7.51","98.85","0.47","70.15","2.44","74.63"
"6668","アドテックプラズマテクノロジー","東S","4845","+440.0(+9.99%)","9.99","455,831","8.63","18.76","283.31","1.91","99.35","2.82","73.80"
"6674","ジーエスユアサコーポレーション","東P","5475.0","+31.0(+0.57%)","0.57","1,760,751","1.19","4.06","55.01","0.48","49.66","1.20","67.39"
"6675","サクサ","東S","2129","-16.0(-0.75%)","-0.75","29,512","-1.07","-1.75","15.96","0.81","23.25","-1.06","47.04"
"6676","バッファロー","東S","3540","+30.0(+0.85%)","0.85","128,843","1.23","10.34","57.12","0.45","32.61","1.66","82.78"
"6677","エスケーエレクトロニクス","東S","3140","-45.0(-1.41%)","-1.41","183,662","-1.97","-2.48","7.79","0.74","37.18","-1.71","46.79"
"6678","テクノメディカ","東S","2031","-5.0(-0.25%)","-0.25","14,584","-0.43","-0.80","5.23","0.58","19.98","-0.66","51.90"
"6694","ズーム","東S","840","-14.0(-1.64%)","-1.64","2,770","0.33","5.83","35.92","1.06","36.82","0.85","57.89"
"6696","トラース・オン・プロダクト","東G","305","+8.0(+2.69%)","2.69","4,613","-0.33","-3.41","29.24","0.99","56.24","-1.11","42.86"
"6699","ダイヤモンドエレクトリックＨＤ","東S","487","+0.0(+0.00%)","0.00","25,780","-0.57","-3.55","7.98","1.55","21.96","-1.20","37.93"
"6701","日本電気","東P","4820.0","+61.0(+1.28%)","1.28","8,582,834","0.60","1.29","33.67","0.35","44.53","0.50","62.86"
"6702","富士通","東P","3994.0","+37.0(+0.94%)","0.94","8,851,787","0.34","2.84","32.43","0.33","40.22","1.07","64.31"
"6703","沖電気工業","東P","2712","+44.0(+1.65%)","1.65","911,903","0.78","-0.56","38.51","0.37","53.17","-0.17","54.58"
"6706","電気興業","東P","3370","+45.0(+1.35%)","1.35","34,560","0.93","1.77","28.58","0.36","27.43","1.55","67.05"
"6707","サンケン電気","東P","7084.0","+95.0(+1.36%)","1.36","581,611","1.45","1.91","22.69","0.36","46.90","0.52","67.64"
"6718","アイホン","東P","2764","-1.0(-0.04%)","-0.04","40,503","-0.81","-2.66","5.50","0.56","13.03","-1.99","36.16"
"6721","ウインテスト","東S","70","-2.0(-2.78%)","-2.78","32,086","-3.31","-4.53","1.45","0.40","39.62","-2.02","38.10"
"6723","ルネサスエレクトロニクス","東P","3602.0","+125.0(+3.60%)","3.60","20,166,333","3.07","7.75","68.63","0.50","63.62","2.26","69.71"
"6724","セイコーエプソン","東P","3292.0","+18.0(+0.55%)","0.55","2,101,430","0.73","3.84","74.32","0.36","33.10","1.34","86.04"
"6727","ワコム","東P","882","+22.0(+2.56%)","2.56","296,241","0.62","5.57","24.58","0.44","29.88","1.62","75.76"
"6728","アルバック","東P","8243.0","+311.0(+3.92%)","3.92","3,174,822","5.71","12.19","23.94","0.59","64.48","2.70","81.97"
"6730","アクセル","東S","1630","+13.0(+0.80%)","0.80","830,788","12.82","31.80","61.39","0.37","61.16","2.86","92.08"
"6731","ピクセラ","東S","99","+1.0(+1.02%)","1.02","4,811","-1.00","-4.40","3.12","0.70","41.72","-1.44","34.78"
"6736","サン電子","東S","10330","+240.0(+2.38%)","2.38","255,273","4.07","10.46","70.18","0.69","85.72","1.53","66.93"
"6737","ＥＩＺＯ","東P","3065","+40.0(+1.32%)","1.32","157,688","-0.29","-0.89","51.58","0.43","32.16","-0.45","55.74"
"6740","ジャパンディスプレイ","東P","50","-1.0(-1.96%)","-1.96","1,706,848","-0.40","4.69","163.16","3.68","53.56","1.25","62.50"
"6741","日本信号","東P","1792","+10.0(+0.56%)","0.56","68,947","-0.59","-1.16","36.69","0.29","31.92","-0.51","55.51"
"6742","京三製作所","東P","1126","+20.0(+1.81%)","1.81","139,896","2.03","8.12","94.81","0.51","53.30","1.79","77.67"
"6743","大同信号","東S","1026","-8.0(-0.77%)","-0.77","2,366","-1.21","-1.07","41.91","0.48","40.74","-0.58","55.48"
"6744","能美防災","東P","3985","+55.0(+1.40%)","1.40","139,315","0.03","-3.00","5.42","0.41","25.11","-1.01","46.32"
"6745","ホーチキ","東P","1958","+53.0(+2.78%)","2.78","162,233","1.72","1.34","10.12","0.54","40.37","0.52","62.97"
"6748","星和電機","東S","787","+4.0(+0.51%)","0.51","11,848","0.79","1.67","17.99","1.96","23.63","0.91","55.65"
"6750","エレコム","東P","2004","+30.0(+1.52%)","1.52","116,962","-0.29","0.04","29.46","0.24","25.96","0.03","55.47"
"6752","パナソニック　ＨＬＤＧ","東P","4531.0","+41.0(+0.91%)","0.91","24,135,421","0.84","4.32","126.21","0.67","58.99","1.46","64.58"
"6753","シャープ","東P","641.9","-2.8(-0.43%)","-0.43","1,421,719","-0.95","-1.63","20.12","0.68","34.87","-0.60","55.24"
"6754","アンリツ","東P","3450.0","+33.0(+0.97%)","0.97","2,131,080","1.15","5.13","66.10","0.56","50.16","1.37","78.74"
"6757","ＯＳＧコーポレーション","東S","908","-1.0(-0.11%)","-0.11","817","0.24","2.17","15.23","0.45","12.52","1.56","69.01"
"6758","ソニーグループ","東P","3768.0","+9.0(+0.24%)","0.24","24,680,149","1.02","-0.42","23.83","0.37","31.32","-0.14","60.04"
"6762","ＴＤＫ","東P","3165.0","+184.0(+6.17%)","6.17","25,501,616","5.51","7.80","67.19","0.56","47.60","2.07","76.93"
"6763","帝国通信工業","東P","2877","+135.0(+4.92%)","4.92","48,266","3.08","2.31","11.77","1.13","26.93","1.12","62.27"
"6768","タムラ製作所","東P","957","+42.0(+4.59%)","4.59","742,364","5.23","16.33","64.43","0.65","56.73","2.53","90.12"
"6769","ザインエレクトロニクス","東S","1289","-34.0(-2.57%)","-2.57","41,535","0.00","9.20","63.16","0.43","62.34","1.57","62.18"
"6770","アルプスアルパイン","東P","2249.0","+24.5(+1.10%)","1.10","1,365,783","1.69","1.35","18.56","0.33","35.32","0.60","75.32"
"6771","池上通信機","東S","688","+0.0(+0.00%)","0.00","22,273","2.96","3.40","13.91","1.34","27.70","2.00","64.37"
"6772","東京コスモス電機","東S","1016","-14.0(-1.36%)","-1.36","205","-0.72","-2.36","5.28","0.06","27.48","-1.05","34.74"
"6775","ＴＢグループ","東S","132","+1.0(+0.76%)","0.76","7,979","1.07","3.16","18.92","0.63","33.52","1.03","51.85"
"6776","天昇電気工業","東S","301","+2.0(+0.67%)","0.67","5,331","0.74","4.40","20.88","0.94","15.99","2.09","67.65"
"6777","ｓａｎｔｅｃ　ＨＬＤＧ","東S","22550","+170.0(+0.76%)","0.76","1,139,148","2.25","12.88","158.30","0.52","80.08","2.00","71.85"
"6778","アルチザネットワークス","東S","636","-7.0(-1.09%)","-1.09","1,784","0.03","-1.74","12.57","0.54","33.77","-0.51","37.88"
"6779","日本電波工業","東P","3575","+235.0(+7.04%)","7.04","2,565,405","6.72","21.48","265.92","1.54","82.84","2.25","86.41"
"6785","鈴木","東P","3360","+90.0(+2.75%)","2.75","185,267","3.32","8.57","45.14","0.78","49.25","2.19","72.41"
"6786","ＲＶＨ","東S","48","+1.0(+2.13%)","2.13","2,624","0.84","-0.66","2.13","1.33","26.58","-0.52","44.44"
"6787","メイコー","東P","25310","+970.0(+3.99%)","3.99","13,843,156","6.15","23.26","176.91","0.44","95.92","2.14","82.68"
"6788","日本トリム","東P","5280","+30.0(+0.57%)","0.57","47,800","1.54","4.76","31.84","0.73","16.23","2.52","84.00"
"6794","フォスター電機","東P","3255","+30.0(+0.93%)","0.93","169,979","0.06","5.73","28.61","0.40","34.02","1.40","86.39"
"6797","名古屋電機工業","東S","1186","-9.0(-0.75%)","-0.75","7,268","-0.69","-1.54","11.57","10.17","14.59","-1.46","19.64"
"6798","ＳＭＫ","東P","3315","-20.0(-0.60%)","-0.60","9,916","-0.54","0.27","26.09","0.37","27.76","0.14","62.34"
"6800","ヨコオ","東P","4570","+175.0(+3.98%)","3.98","268,366","2.86","12.63","115.46","0.44","75.06","1.92","84.68"
"6803","ティアック","東S","98","-1.0(-1.01%)","-1.01","28,126","-1.01","-1.09","5.38","1.36","22.03","-1.28","46.15"
"6804","ホシデン","東P","2447","+30.0(+1.24%)","1.24","431,302","-0.75","-4.96","2.04","0.60","22.34","-1.38","32.47"
"6806","ヒロセ電機","東P","25440.0","+650.0(+2.62%)","2.62","1,865,302","2.06","2.38","56.27","0.56","33.05","0.86","72.23"
"6807","日本航空電子工業","東P","2623","+38.0(+1.47%)","1.47","443,040","1.55","4.86","18.42","0.47","23.75","2.26","83.45"
"6809","ＴＯＡ","東P","1719","+1.0(+0.06%)","0.06","113,109","-1.14","-1.19","13.69","0.99","19.21","-0.69","51.28"
"6810","マクセル","東P","2601","+20.0(+0.77%)","0.77","254,421","-0.05","2.61","39.02","0.60","55.49","1.10","66.36"
"6814","古野電気","東P","7790","+160.0(+2.10%)","2.10","1,628,276","1.72","3.14","42.41","0.98","54.88","1.01","55.26"
"6817","スミダコーポレーション","東P","1282","+30.0(+2.40%)","2.40","173,619","3.09","5.50","22.91","0.63","38.34","2.71","83.33"
"6819","伊豆シャボテンリゾート","東S","473","+0.0(+0.00%)","0.00","4,310","-0.38","-0.76","4.88","0.73","6.50","-1.54","28.57"
"6820","アイコム","東P","3750","+20.0(+0.54%)","0.54","19,024","1.08","3.38","29.76","0.24","26.66","1.15","75.86"
"6822","大井電気","東S","4990","-5.0(-0.10%)","-0.10","21,428","-0.34","-0.15","34.86","0.26","32.80","-0.21","48.96"
"6823","リオン","東P","3385","+15.0(+0.45%)","0.45","49,489","0.39","2.81","27.74","0.35","23.97","1.46","72.73"
"6824","新コスモス電機","東S","3995","+30.0(+0.76%)","0.76","8,353","-0.27","-4.70","2.44","0.32","39.63","-1.59","22.96"
"6832","アオイ電子","東S","2572","+48.0(+1.90%)","1.90","48,690","1.77","7.87","23.95","1.25","46.92","2.00","72.61"
"6834","精工技研","東S","6340","+190.0(+3.09%)","3.09","2,847,570","2.92","15.98","38.13","0.71","106.44","1.86","73.85"
"6835","アライドテレシスＨＬＤＧ","東S","273","-1.0(-0.36%)","-0.36","22,889","0.89","3.57","19.21","0.51","31.26","1.36","75.00"
"6836","ぷらっとホーム","東S","855","-40.0(-4.47%)","-4.47","16,055","-0.63","3.11","29.74","0.86","68.63","1.03","55.82"
"6837","京写","東S","407","-7.0(-1.69%)","-1.69","12,019","-1.31","7.33","43.31","0.50","34.40","1.44","71.30"
"6838","多摩川ＨＬＤＧ","東S","1483","+43.0(+2.99%)","2.99","156,955","1.34","1.16","113.07","0.98","57.39","0.30","46.97"
"6840","ＡＫＩＢＡ　ＨＬＤＧ","東S","896","+30.0(+3.46%)","3.46","252,689","1.93","11.86","121.23","1.32","84.14","1.84","63.27"
"6841","横河電機","東P","4750.0","+58.0(+1.24%)","1.24","2,081,569","0.80","-0.67","6.10","0.37","42.38","-0.15","69.08"
"6844","新電元工業","東P","3045","+5.0(+0.16%)","0.16","89,279","-0.78","0.59","7.98","0.63","50.99","0.23","63.91"
"6845","アズビル","東P","1469.0","+23.5(+1.63%)","1.63","825,952","0.73","-0.34","18.32","0.32","29.46","-0.17","55.23"
"6848","東亜ディーケーケー","東S","843","-4.0(-0.47%)","-0.47","1,437","-0.80","-2.41","0.72","0.30","8.15","-2.44","28.30"
"6849","日本光電工業","東P","1602.0","+0.5(+0.03%)","0.03","363,797","-0.48","3.71","21.09","0.25","31.65","1.21","75.00"
"6850","チノー","東P","1815","+35.0(+1.97%)","1.97","34,827","2.10","5.26","32.68","0.71","29.20","2.19","78.71"
"6853","共和電業","東S","786","-5.0(-0.63%)","-0.63","30,913","1.00","2.55","15.93","1.31","23.87","2.13","72.15"
"6855","日本電子材料","東S","8190","+370.0(+4.73%)","4.73","4,699,676","5.81","20.85","115.24","0.96","82.25","2.44","80.00"
"6856","堀場製作所","東P","25000.0","+555.0(+2.27%)","2.27","2,993,049","2.98","8.97","54.51","0.55","51.71","2.12","84.04"
"6858","小野測器","東S","864","+0.0(+0.00%)","0.00","21,992","0.77","3.11","34.58","0.76","31.81","1.82","59.83"
"6859","エスペック","東P","4160","+135.0(+3.35%)","3.35","123,688","2.69","5.36","43.80","0.55","39.83","2.47","66.88"
"6861","キーエンス","東P","81360.0","+880.0(+1.09%)","1.09","25,866,011","1.85","3.26","57.83","0.47","38.80","1.01","74.36"
"6862","ミナトＨＬＤＧ","東S","5460","+280.0(+5.41%)","5.41","977,057","2.63","24.93","282.89","1.28","101.37","1.50","66.72"
"6863","ニレコ","東S","1119","-9.0(-0.80%)","-0.80","71,732","-1.11","8.90","33.06","0.21","37.50","1.45","78.88"
"6864","エヌエフＨＬＤＧ","東S","1615","+19.0(+1.19%)","1.19","16,217","0.11","1.67","43.56","0.70","37.59","1.00","60.50"
"6866","日置電機","東P","11160","+560.0(+5.28%)","5.28","329,651","4.95","7.30","85.38","0.74","51.81","2.27","76.55"
"6867","リーダー電子","東S","409","-2.0(-0.49%)","-0.49","82","-0.29","-0.03","6.23","0.08","17.36","-0.04","51.28"
"6869","シスメックス","東P","1869.0","+24.0(+1.30%)","1.30","1,943,239","-0.31","-0.76","50.00","0.31","49.84","-0.27","53.66"
"6871","日本マイクロニクス","東P","14880","+920.0(+6.59%)","6.59","13,608,432","6.62","14.17","103.84","0.76","86.31","2.46","68.38"
"6874","協立電機","東S","2355","-6.0(-0.25%)","-0.25","1,885","-0.16","0.19","2.17","0.18","28.25","0.39","60.19"
"6875","メガチップス","東P","11370","+130.0(+1.16%)","1.16","574,113","1.14","5.20","51.00","0.43","43.27","2.09","75.30"
"6877","ＯＢＡＲＡ　ＧＲＯＵＰ","東S","5810","+10.0(+0.17%)","0.17","97,004","-0.95","4.59","56.39","0.40","40.05","1.10","67.20"
"6882","三社電機製作所","東S","1212","+7.0(+0.58%)","0.58","21,675","1.51","4.82","30.60","0.50","35.77","1.65","82.67"
"6888","アクモス","東S","504","+2.0(+0.40%)","0.40","4,835","0.52","0.74","9.09","0.96","9.66","1.90","60.00"
"6890","フェローテック","東S","11170","+410.0(+3.81%)","3.81","6,558,454","4.71","18.21","122.07","0.61","90.15","2.41","73.18"
"6894","パルステック工業","東S","2150","-26.0(-1.19%)","-1.19","1,717","-0.65","-0.78","3.42","0.80","14.59","-0.94","50.00"
"6897","ツインバード","東S","567","-32.0(-5.34%)","-5.34","53,859","-5.91","-12.94","45.38","4.63","29.35","-2.54","10.90"
"6898","トミタ電機","東S","4930","+70.0(+1.44%)","1.44","986","0.88","4.90","42.69","0.18","55.42","0.38","33.93"
"6899","ＡＳＴＩ","東S","2216","+14.0(+0.64%)","0.64","3,742","-0.73","-3.42","5.52","0.12","22.27","-1.63","37.89"
"6902","デンソー","東P","1830.0","-20.0(-1.08%)","-1.08","9,481,867","-2.35","-4.14","1.61","0.47","34.56","-2.52","39.39"
"6904","原田工業","東S","912","-42.0(-4.40%)","-4.40","794,271","-4.80","33.84","107.27","0.47","69.07","1.56","76.55"
"6905","コーセル","東P","1501","+26.0(+1.76%)","1.76","318,197","2.00","11.06","41.07","0.79","39.34","2.14","86.46"
"6907","ジオマテック","東S","798","+6.0(+0.76%)","0.76","6,749","1.04","2.68","36.88","1.10","45.12","1.37","61.48"
"6908","イリソ電子工業","東P","2837","-111.0(-3.77%)","-3.77","1,547,813","-1.91","0.63","6.53","1.64","24.52","0.35","58.05"
"6912","菊水ＨＬＤＧ","東S","2767","+40.0(+1.47%)","1.47","31,374","0.80","8.50","56.24","0.75","53.05","1.83","77.32"
"6914","オプテックスグループ","東P","3295","+35.0(+1.07%)","1.07","222,063","0.98","3.90","40.93","0.37","42.44","1.41","75.65"
"6915","千代田インテグレ","東S","3635","+15.0(+0.41%)","0.41","21,575","1.11","4.81","21.17","0.27","16.85","2.03","90.67"
"6918","アバールデータ","東S","4410","+25.0(+0.57%)","0.57","140,814","4.65","18.36","73.83","0.47","53.30","2.49","85.25"
"6919","ケル","東S","1403","-9.0(-0.64%)","-0.64","7,027","-1.10","-1.39","6.29","1.19","15.37","-1.48","43.64"
"6920","レーザーテック","東P","45460.0","+4,330.0(+10.53%)","10.53","183,113,398","9.02","24.81","58.62","1.05","84.77","2.83","82.87"
"6923","スタンレー電気","東P","3485.0","-21.0(-0.60%)","-0.60","383,375","-0.68","-1.74","26.91","0.25","24.99","-0.75","53.42"
"6925","ウシオ電機","東P","4150.0","+120.0(+2.98%)","2.98","1,047,847","2.40","9.34","64.65","0.39","59.48","1.83","77.94"
"6926","岡谷電機産業","東S","195","+0.0(+0.00%)","0.00","1,313","1.14","1.84","10.17","0.13","13.77","1.63","50.00"
"6927","ヘリオス　テクノ　ＨＬＤＧ","東S","997","-1.0(-0.10%)","-0.10","28,526","-0.10","1.20","14.86","1.17","17.20","1.02","58.62"
"6928","エノモト","東S","3375","+85.0(+2.58%)","2.58","94,748","4.39","11.95","58.45","0.43","65.53","2.75","73.67"
"6929","日本セラミック","東P","3725","+60.0(+1.64%)","1.64","274,516","1.42","1.03","11.19","0.96","20.98","0.70","66.67"
"6932","遠藤照明","東S","2528","-39.0(-1.52%)","-1.52","22,577","-1.08","-0.95","12.86","0.34","24.60","-0.69","56.35"
"6941","山一電機","東P","9260","+390.0(+4.40%)","4.40","2,737,431","6.02","16.55","61.89","0.75","82.53","2.67","82.33"
"6942","ソフィアＨＬＤＧ","東S","1403","-4.0(-0.28%)","-0.28","7,160","-1.43","-2.15","16.53","1.42","10.09","-1.56","30.00"
"6943","ＮＫＫスイッチズ","東S","6210","+200.0(+3.33%)","3.33","3,726","0.75","9.11","37.09","0.20","35.49","2.04","73.33"
"6946","日本アビオニクス","東S","7190","+20.0(+0.28%)","0.28","310,500","0.73","11.89","63.41","0.30","65.65","1.30","69.85"
"6947","図研","東P","5190","+90.0(+1.76%)","1.76","124,417","1.17","4.45","22.41","0.32","25.92","1.44","76.54"
"6951","日本電子","東P","7731.0","+90.0(+1.18%)","1.18","1,007,419","0.90","7.68","54.62","0.52","62.10","1.80","69.16"
"6952","カシオ計算機","東P","2201.5","+36.0(+1.66%)","1.66","994,877","1.38","-1.50","74.03","0.38","58.91","-0.23","60.38"
"6954","ファナック","東P","6056.0","+113.0(+1.90%)","1.90","15,978,001","1.48","2.56","15.31","0.45","52.80","1.30","64.18"
"6955","ＦＤＫ","東S","408","-2.0(-0.49%)","-0.49","6,952","0.15","-0.31","16.24","1.19","32.17","-0.19","57.78"
"6958","日本シイエムケイ","東P","799","+7.0(+0.88%)","0.88","265,045","0.88","4.40","56.67","0.63","50.12","1.32","74.85"
"6960","フクダ電子","東S","11820","+170.0(+1.46%)","1.46","495,398","-0.02","-0.85","56.56","0.33","26.19","-0.49","48.67"
"6961","エンプラス","東P","10520","+430.0(+4.26%)","4.26","824,720","4.80","5.70","23.04","0.62","75.14","1.77","60.89"
"6962","大真空","東P","885","+25.0(+2.91%)","2.91","190,204","2.81","10.95","54.99","0.98","51.77","2.15","75.08"
"6963","ローム","東P","5109.0","+169.0(+3.42%)","3.42","8,341,647","4.07","6.85","127.37","0.50","68.43","1.80","58.59"
"6964","サンコー","東S","695","+4.0(+0.58%)","0.58","5,074","0.55","0.30","13.19","1.40","12.13","0.39","61.90"
"6965","浜松ホトニクス","東P","2389.0","+36.5(+1.55%)","1.55","4,010,751","2.17","4.14","47.51","0.84","47.56","1.43","69.34"
"6966","三井ハイテック","東P","922","+20.0(+2.22%)","2.22","1,237,214","2.97","1.52","64.64","0.61","51.23","0.44","53.51"
"6969","松尾電機","東S","1040","+20.0(+1.96%)","1.96","22,720","2.00","3.22","29.84","0.49","82.53","1.91","73.81"
"6971","京セラ","東P","3747.0","+101.0(+2.77%)","2.77","8,833,873","1.02","4.38","70.67","0.39","34.37","1.68","73.97"
"6977","日本抵抗器製作所","東S","1895","+0.0(+0.00%)","0.00","31,471","0.06","23.52","115.34","0.35","80.95","1.72","83.01"
"6981","村田製作所","東P","8519.0","+668.0(+8.51%)","8.51","192,768,368","5.21","13.97","201.93","0.94","85.97","2.63","73.91"
"6982","リード","東S","574","-21.0(-3.53%)","-3.53","1,629","-1.07","-0.96","4.36","14.00","21.89","-1.12","41.86"
"6986","双葉電子工業","東P","733","-8.0(-1.08%)","-1.08","106,489","-3.53","-3.68","39.09","0.20","42.17","-0.89","45.63"
"6988","日東電工","東P","3524.0","+49.0(+1.41%)","1.41","4,892,324","0.54","3.78","22.25","0.30","29.78","1.05","78.61"
"6989","北陸電気工業","東S","2358","-25.0(-1.05%)","-1.05","6,143","-1.58","-1.63","6.89","0.79","35.48","-0.58","48.60"
"6993","大黒屋ＨＬＤＧ","東S","91","-1.0(-1.09%)","-1.09","201,883","-0.22","3.36","21.33","0.67","63.22","1.27","66.67"
"6994","指月電機製作所","東S","1337","+86.0(+6.87%)","6.87","369,370","7.17","12.08","70.97","2.82","72.85","2.98","77.09"
"6995","東海理化電機製作所","東P","3070","-25.0(-0.81%)","-0.81","138,787","-1.48","-2.32","12.99","0.30","28.44","-1.20","53.57"
"6996","ニチコン","東P","2671","+108.0(+4.21%)","4.21","1,161,890","2.62","2.32","71.99","0.55","71.36","0.83","63.12"
"6997","日本ケミコン","東P","2461","+28.0(+1.15%)","1.15","2,018,476","-1.32","-9.12","78.98","0.51","95.16","-1.79","43.80"
"6998","日本タングステン","東S","4055","+80.0(+2.01%)","2.01","159,975","-0.20","11.36","171.24","0.55","81.50","1.26","72.18"
"6999","ＫＯＡ","東P","2363","+71.0(+3.10%)","3.10","527,121","2.88","5.54","71.73","0.57","74.55","1.61","75.81"
"7003","三井Ｅ＆Ｓ","東P","4221.0","+47.0(+1.13%)","1.13","4,901,839","0.09","-1.61","12.53","0.88","55.58","-0.57","41.78"
"7004","カナデビア","東P","1170","-3.0(-0.26%)","-0.26","771,814","0.09","-0.07","25.94","0.10","32.87","-0.04","60.45"
"7011","三菱重工業","東P","3813.0","-26.0(-0.68%)","-0.68","31,288,768","-0.85","-0.49","12.02","0.46","40.26","-0.21","56.72"
"7012","川崎重工業","東P","2350.0","-14.5(-0.61%)","-0.61","11,075,380","-1.07","-3.73","4.84","0.74","37.35","-0.98","44.79"
"7013","ＩＨＩ","東P","2675.0","-17.5(-0.65%)","-0.65","18,178,860","-1.75","-1.65","19.15","0.68","46.59","-0.65","52.36"
"7014","名村造船所","東S","4735","-35.0(-0.73%)","-0.73","3,167,977","-1.07","-0.79","45.69","0.83","59.59","-0.24","45.22"
"7018","内海造船","東S","13500","+190.0(+1.43%)","1.43","287,123","1.67","3.20","65.64","1.47","63.80","0.84","51.53"
"7021","ニッチツ","東S","2415","-26.0(-1.07%)","-1.07","2,182","-1.95","5.18","38.32","0.56","20.84","1.21","70.36"
"7022","サノヤスＨＬＤＧ","東S","351","+2.0(+0.57%)","0.57","14,981","-0.68","2.99","50.64","0.66","30.48","0.57","52.00"
"7030","スプリックス","東S","966","-1.0(-0.10%)","-0.10","223,687","0.08","-0.56","2.44","10.85","35.10","-0.48","45.63"
"7031","インバウンドテック","東G","695","+0.0(+0.00%)","0.00","209","0.70","0.61","25.91","0.12","52.74","0.25","50.90"
"7033","マネジメントソリューションズ","東P","1549","+4.0(+0.26%)","0.26","50,947","-0.55","-2.91","28.12","0.56","30.54","-0.95","41.30"
"7034","プロレド・パートナーズ","東P","310","-3.0(-0.96%)","-0.96","4,266","-1.27","-7.10","1.64","0.87","55.89","-1.22","30.86"
"7035","ａｎｄ　ｆａｃｔｏｒｙ","東S","225","-4.0(-1.75%)","-1.75","41,422","-0.44","-3.27","10.29","0.07","44.81","-0.49","47.95"
"7037","テノ．ＨＬＤＧ","東S","796","-3.0(-0.38%)","-0.38","3,526","-0.03","-1.13","1.27","0.59","24.59","-0.82","36.51"
"7038","フロンティア・マネジメント","東P","576","-12.0(-2.04%)","-2.04","9,952","-0.83","-1.17","9.51","0.52","17.21","-1.33","46.34"
"7039","ブリッジインターナショナルグル","東G","1339","-6.0(-0.45%)","-0.45","2,812","-0.07","-1.71","1.44","0.24","44.37","-1.64","35.19"
"7040","サン・ライフＨＬＤＧ","東S","967","+1.0(+0.10%)","0.10","966","-0.19","-0.52","6.03","10.00","10.78","-1.33","44.44"
"7041","ＣＲＧ　ＨＬＤＧ","東G","332","-3.0(-0.90%)","-0.90","1,630","-1.31","-4.11","38.33","0.92","19.70","-1.90","29.09"
"7042","アクセスグループ・ＨＬＤＧ","東S","687","-14.0(-2.00%)","-2.00","483","0.79","0.35","21.38","0.78","28.41","0.16","55.63"
"7043","アルー","東G","944","+4.0(+0.43%)","0.43","377","0.32","0.26","21.49","0.40","17.70","0.42","54.55"
"7044","ピアラ","東S","591","+2.0(+0.34%)","0.34","38,279","6.60","12.94","27.92","0.84","23.27","3.07","93.88"
"7046","ＴＤＳＥ","東G","1312","-7.0(-0.53%)","-0.53","12,062","-0.30","-1.73","9.33","6.64","27.66","-0.94","39.57"
"7047","ポート","東G","2176","+10.0(+0.46%)","0.46","63,618","0.81","-0.16","13.81","0.49","57.91","-0.05","51.53"
"7048","ベルトラ","東G","148","+1.0(+0.68%)","0.68","3,701","0.27","-4.22","28.70","0.54","39.59","-1.46","36.11"
"7049","識学","東G","768","-1.0(-0.13%)","-0.13","9,213","-0.60","-3.63","3.23","0.66","23.45","-0.86","21.88"
"7050","フロンティアインターナショナル","東G","1478","+10.0(+0.68%)","0.68","5,906","-1.08","1.10","19.77","0.42","29.31","0.28","66.47"
"7059","コプロ・ＨＬＤＧ","東P","970","+18.0(+1.89%)","1.89","164,520","1.61","3.75","35.47","1.42","34.14","1.58","62.19"
"7060","ギークス","東S","600","-6.0(-0.99%)","-0.99","5,109","-0.20","0.96","22.95","0.46","21.45","0.62","58.33"
"7061","日本ホスピスＨＬＤＧ","東G","488","-3.0(-0.61%)","-0.61","11,399","-0.04","0.27","4.95","0.54","36.06","0.10","57.35"
"7062","フレアス","東G","689","+0.0(+0.00%)","0.00","552","-0.38","-0.02","2.84","0.44","25.28","-0.02","54.55"
"7063","Ｂｉｒｄｍａｎ","東G","57","-3.0(-5.00%)","-5.00","50,274","-5.94","-24.44","1.79","2.54","109.33","-1.72","9.09"
"7064","ハウテレビジョン","東S","1015","-11.0(-1.07%)","-1.07","2,225","-0.39","3.47","34.97","0.33","29.51","0.66","51.10"
"7065","ユーピーアール","東S","963","+8.0(+0.84%)","0.84","9,228","1.35","-0.62","18.01","1.81","29.44","-0.26","48.00"
"7066","ピアズ","東G","437","-2.0(-0.46%)","-0.46","3,449","-2.11","-2.72","20.39","0.98","43.53","-0.82","29.23"
"7067","ブランディングテクノロジー","東G","1080","+2.0(+0.19%)","0.19","430","0.60","2.60","19.47","4.00","21.56","1.76","62.73"
"7068","フィードフォースグループ","東G","570","+0.0(+0.00%)","0.00","29,369","-4.01","-5.40","27.52","0.17","25.70","-2.18","39.50"
"7069","サイバー・バズ","東G","488","+2.0(+0.41%)","0.41","3,692","-0.57","-5.90","3.83","0.80","56.73","-1.28","27.96"
"7071","アンビスＨＬＤＧ","東P","389","-10.0(-2.51%)","-2.51","92,221","-1.42","-2.66","21.94","0.26","34.13","-1.00","47.89"
"7072","インティメート・マージャー","東G","1100","-11.0(-0.99%)","-0.99","2,106","-0.31","-0.95","33.66","0.24","36.15","-0.40","44.38"
"7073","ジェイック","東G","2424","+45.0(+1.89%)","1.89","5,015","1.60","3.91","26.58","5.25","28.83","1.86","54.03"
"7074","トゥエンティーフォーセブンＨＤ","東G","189","-3.0(-1.56%)","-1.56","655","-0.94","0.17","15.95","0.38","35.76","0.10","48.78"
"7075","ＱＬＳ　ＨＬＤＧ","東G","1003","-3.0(-0.30%)","-0.30","11,404","0.32","3.11","34.27","0.93","43.40","0.49","41.49"
"7076","名南Ｍ＆Ａ","名M","873","+2.0(+0.23%)","0.23","6,269","-4.59","-15.39","3.80","0.94","30.19","-2.30","12.33"
"7077","ＡＬｉＮＫインターネット","東G","989","-3.0(-0.30%)","-0.30","198","-0.10","-0.18","5.32","0.25","14.95","-0.23","50.00"
"7078","ＩＮＣＬＵＳＩＶＥ　ＨＬＤＧ","東G","339","+1.0(+0.30%)","0.30","986","-1.45","-2.09","2.73","0.22","28.33","-0.85","44.44"
"7079","ＷＤＢココ","東G","2600","-10.0(-0.38%)","-0.38","2,862","-0.26","1.05","4.00","11.00","13.62","1.20","56.04"
"7080","スポーツフィールド","東G","896","+3.0(+0.34%)","0.34","5,279","-0.07","1.60","17.43","1.59","25.48","0.75","53.70"
"7083","ＡＨＣグループ","東G","1300","-1.0(-0.08%)","-0.08","4,921","4.89","14.11","85.71","0.28","32.61","2.67","87.55"
"7084","Ｓｍｉｌｅ　ＨＬＤＧ","東G","2850","+15.0(+0.53%)","0.53","14,962","1.28","0.03","53.56","0.41","20.91","0.01","40.87"
"7085","カーブスＨＬＤＧ","東P","912","+22.0(+2.47%)","2.47","195,114","1.74","0.21","25.62","0.95","26.61","0.06","52.99"
"7087","ウイルテック","東S","1360","-4.0(-0.29%)","-0.29","3,263","-1.06","-3.72","7.85","0.67","9.76","-2.31","20.80"
"7089","フォースタートアップス","東G","1391","-14.0(-1.00%)","-1.00","3,775","-0.91","-3.29","54.04","0.59","41.70","-0.75","46.85"
"7090","リグア","東G","903","-11.0(-1.20%)","-1.20","903","-2.65","-4.24","28.45","2.00","27.80","-1.54","34.68"
"7091","リビングプラットフォーム","東G","1204","+4.0(+0.33%)","0.33","19,514","-4.28","-5.38","14.67","0.87","32.02","-1.97","38.91"
"7093","アディッシュ","東G","617","+6.0(+0.98%)","0.98","1,715","1.92","3.72","32.97","1.87","24.26","2.15","60.49"
"7094","ＮｅｘＴｏｎｅ","東G","1815","-7.0(-0.38%)","-0.38","16,109","-0.62","-1.84","45.90","0.41","51.35","-0.70","46.18"
"7095","Ｍａｃｂｅｅ　Ｐｌａｎｅｔ","東P","1145","-5.0(-0.43%)","-0.43","18,724","0.14","-5.21","17.32","0.33","26.55","-1.15","29.39"
"7096","ステムセル研究所","東G","764","+43.0(+5.96%)","5.96","6,270","3.92","1.69","21.85","2.27","21.94","0.90","54.35"
"7097","さくらさくプラス","東G","2810","+33.0(+1.19%)","1.19","18,562","0.89","2.04","8.45","0.61","19.49","2.39","66.14"
"7102","日本車輌製造","東P","3590","-45.0(-1.24%)","-1.24","95,733","-1.45","-1.15","18.09","1.28","35.34","-0.55","55.66"
"7110","クラシコム","東G","1882","-6.0(-0.32%)","-0.32","6,575","-0.56","-5.02","1.18","0.38","18.14","-1.44","18.53"
"7111","ＩＮＥＳＴ","東S","579","-1.0(-0.17%)","-0.17","1,208","2.19","9.30","43.32","0.04","36.40","2.13","78.50"
"7112","キューブ","東G","572","+11.0(+1.96%)","1.96","1,199","0.92","-13.18","4.00","0.21","24.28","-1.55","8.67"
"7114","フーディソン","東G","804","-13.0(-1.59%)","-1.59","242","-2.47","1.36","18.24","0.50","24.02","0.47","58.10"
"7115","アルファパーチェス","東S","1459","-16.0(-1.08%)","-1.08","5,546","-0.73","-1.39","5.72","2.53","32.88","-1.11","46.28"
"7119","ハルメクＨＬＤＧ","東G","1881","-99.0(-5.00%)","-5.00","56,786","-6.21","-4.62","45.81","0.73","30.51","-0.60","40.23"
"7120","ＳＨＩＮＫＯ","東S","1001","-4.0(-0.40%)","-0.40","4,797","0.08","0.12","17.08","0.13","23.71","0.29","55.32"
"7122","近畿車輛","東S","2380","-14.0(-0.58%)","-0.58","477","-1.28","-1.53","14.70","0.08","18.01","-0.99","46.93"
"7126","グローバルスタイル","東S","1451","-13.0(-0.89%)","-0.89","582","-0.27","0.80","4.39","0.50","23.62","0.81","52.15"
"7127","一家ＨＬＤＧ","東S","689","-5.0(-0.72%)","-0.72","4,011","-1.85","-2.47","4.39","0.73","9.32","-2.79","31.03"
"7128","ユニソルＨＬＤＧ","東P","2940","+15.0(+0.51%)","0.51","128,999","0.89","4.13","47.37","0.37","31.41","1.77","70.03"
"7129","ミアヘルサＨＬＤＧ","東S","1126","-10.0(-0.88%)","-0.88","2,140","-1.52","-3.69","1.62","0.59","12.13","-2.45","33.55"
"7130","ヤマエグループＨＬＤＧ","東P","2714","-18.0(-0.66%)","-0.66","171,850","-1.65","-3.80","7.23","0.77","18.99","-2.00","32.51"
"7131","のむら産業","東S","3830","-15.0(-0.39%)","-0.39","9,162","0.58","2.65","25.57","0.41","22.77","1.21","56.57"
"7133","ＨＹＵＧＡ　ＰＲＩＭＡＲＹ　Ｃ","東G","2103","+0.0(+0.00%)","0.00","533,630","13.93","48.05","151.56","0.60","62.86","2.70","97.60"
"7134","アップガレージグループ","東S","1440","+19.0(+1.34%)","1.34","1,294","0.49","2.28","49.22","0.15","31.32","1.00","53.67"
"7135","ジャパンクラフトＨＬＤＧ","東S","171","-1.0(-0.58%)","-0.58","3,247","0.00","-3.87","0.59","1.07","38.23","-1.59","18.75"
"7138","ＴＯＲＩＣＯ","東G","149","+1.0(+0.68%)","0.68","34,666","-0.80","-4.12","25.21","0.26","118.57","-0.43","50.93"
"7140","ペットゴー","東G","800","-2.0(-0.25%)","-0.25","401","-0.35","-0.08","0.63","0.83","7.93","-0.29","46.67"
"7148","ＦＰＧ","東P","1635","-7.0(-0.43%)","-0.43","856,346","-1.47","-3.30","11.45","0.74","25.67","-1.74","38.67"
"7150","島根銀行","東S","511","-2.0(-0.39%)","-0.39","2,562","-0.78","-2.26","11.33","0.25","27.59","-1.29","46.58"
"7157","ライフネット生命保険","東P","1473","+21.0(+1.45%)","1.45","416,178","2.23","2.21","8.15","0.69","38.54","1.01","58.58"
"7161","じもとＨＬＤＧ","東S","685","-6.0(-0.87%)","-0.87","106,801","0.91","10.84","69.14","1.16","35.73","1.85","74.30"
"7162","アストマックス","東S","295","+0.0(+0.00%)","0.00","1,712","0.75","2.42","48.99","0.22","49.93","0.56","57.69"
"7164","全国保証","東P","3060.0","-2.0(-0.07%)","-0.07","664,129","-1.11","-3.10","10.07","0.58","15.62","-2.00","32.65"
"7167","めぶきフィナンシャルグループ","東P","1693.0","-25.0(-1.46%)","-1.46","2,948,457","-0.99","0.22","62.09","0.60","32.54","0.17","52.94"
"7172","ジャパンインベストメントアドバ","東P","2139","-6.0(-0.28%)","-0.28","170,703","-0.41","1.09","16.06","0.60","23.24","0.90","58.69"
"7173","東京きらぼしＦＧ","東P","1710","-22.0(-1.27%)","-1.27","1,748,518","-1.88","0.24","6.48","0.65","35.82","0.13","55.62"
"7175","今村証券","東S","2055","+0.0(+0.00%)","0.00","3,498","-2.25","2.26","66.80","0.35","40.95","0.53","61.71"
"7177","ＧＭＯフィナンシャルＨＬＤＧ","東S","1183","+10.0(+0.85%)","0.85","177,664","-0.15","0.68","36.45","0.66","23.83","0.42","56.73"
"7180","九州ＦＧ","東P","1720.5","-44.5(-2.52%)","-2.52","1,507,081","-0.61","5.79","67.77","0.34","32.67","1.52","63.75"
"7181","かんぽ生命保険","東P","1729.5","-50.0(-2.81%)","-2.81","2,763,165","-3.36","-0.82","26.52","0.53","33.78","-0.29","50.13"
"7182","ゆうちょ銀行","東P","3444.0","-58.0(-1.66%)","-1.66","14,163,581","0.80","3.57","53.89","0.41","33.95","1.48","59.83"
"7183","あんしん保証","東S","255","+0.0(+0.00%)","0.00","3,977","0.24","0.33","72.30","0.22","2.80","2.29","66.67"
"7184","富山第一銀行","東P","3640","-50.0(-1.36%)","-1.36","554,153","-1.19","5.48","101.66","0.67","48.64","1.37","70.95"
"7185","ヒロセ通商","東S","3630","-40.0(-1.09%)","-1.09","50,213","-3.30","-6.62","2.83","0.90","12.97","-2.98","6.85"
"7186","横浜ＦＧ","東P","1918.5","-5.0(-0.26%)","-0.26","7,420,621","0.36","0.39","48.55","0.75","31.18","0.26","53.22"
"7187","ジェイリース","東P","1314","-11.0(-0.83%)","-0.83","31,372","-0.95","-2.36","9.96","0.41","16.96","-1.19","43.18"
"7189","西日本フィナンシャルＨＬＤＧ","東P","4955.0","-117.0(-2.31%)","-2.31","1,554,829","-1.74","0.90","54.84","0.62","34.54","0.39","55.83"
"7191","イントラスト","東S","1172","-10.0(-0.85%)","-0.85","7,870","-1.46","-0.37","12.37","0.58","15.45","-0.19","57.83"
"7192","日本モーゲージサービス","東S","690","-7.0(-1.00%)","-1.00","29,545","-2.43","1.45","36.63","0.81","22.23","0.28","54.70"
"7196","Ｃａｓａ","東S","750","+0.0(+0.00%)","0.00","1,874","-0.16","0.46","6.08","0.54","12.44","0.60","53.57"
"7198","ＳＢＩアルヒ","東P","794","-10.0(-1.24%)","-1.24","117,208","-3.17","-4.79","3.52","0.81","18.35","-3.26","24.44"
"7199","プレミアグループ","東P","2111","-6.0(-0.28%)","-0.28","161,688","0.34","0.59","31.20","0.48","26.14","0.37","50.00"
"7201","日産自動車","東P","296.7","-0.3(-0.10%)","-0.10","6,988,042","-0.68","-4.91","2.24","0.35","40.41","-1.55","40.71"
"7202","いすゞ自動車","東P","2071.0","-42.5(-2.01%)","-2.01","3,060,963","-2.62","-5.72","0.75","0.45","31.59","-2.32","41.12"
"7203","トヨタ自動車","東P","2927.0","+7.0(+0.24%)","0.24","41,908,390","-0.47","-3.63","8.97","0.49","30.35","-1.38","43.80"
"7208","カネミツ","東S","1277","-21.0(-1.62%)","-1.62","1,028","-1.02","-1.81","23.03","0.13","18.87","-2.04","38.68"
"7211","三菱自動車工業","東P","348.2","-2.9(-0.83%)","-0.83","1,511,944","-2.99","-5.49","15.80","0.42","47.60","-1.59","51.43"
"7212","エフテック","東S","730","-4.0(-0.54%)","-0.54","8,755","-0.30","-1.06","20.66","0.59","21.93","-0.86","47.14"
"7213","レシップＨＬＤＧ","東S","654","+5.0(+0.77%)","0.77","7,352","-0.09","-2.38","49.32","1.31","24.17","-1.37","47.44"
"7214","ＧＭＢ","東S","1139","+13.0(+1.15%)","1.15","4,108","-0.04","1.85","25.72","1.57","27.39","1.32","59.12"
"7215","ファルテック","東S","417","-1.0(-0.24%)","-0.24","793","-0.29","-2.36","16.81","0.41","16.76","-1.18","40.00"
"7217","テイン","東S","457","+0.0(+0.00%)","0.00","229","0.79","1.56","19.63","0.05","24.18","0.81","56.10"
"7218","田中精密工業","東S","1150","-1.0(-0.09%)","-0.09","696","-0.64","1.14","24.32","0.12","24.94","0.48","51.81"
"7219","エッチ・ケー・エス","東S","2469","-27.0(-1.08%)","-1.08","1,744","-0.05","-1.30","14.57","1.17","25.46","-0.47","47.47"
"7220","武蔵精密工業","東P","3050","+0.0(+0.00%)","0.00","828,106","0.94","3.96","38.01","0.38","62.18","0.64","74.93"
"7222","日産車体","東S","926","-13.0(-1.38%)","-1.38","69,538","-0.43","-0.13","4.40","0.70","21.35","-0.10","60.87"
"7224","新明和工業","東P","1908","-20.0(-1.04%)","-1.04","159,567","-1.47","-1.90","4.78","0.60","22.55","-1.09","54.08"
"7226","極東開発工業","東P","2175","-38.0(-1.72%)","-1.72","649,358","-3.00","-5.26","6.57","1.03","17.73","-2.75","34.82"
"7227","アスカ","名M","1835","-6.0(-0.33%)","-0.33","4,234","-0.61","-0.17","9.62","23.00","14.12","-0.28","46.77"
"7228","デイトナ","東S","4035","+5.0(+0.12%)","0.12","404","0.22","0.41","13.66","0.33","12.43","0.54","53.33"
"7231","トピー工業","東P","3060","-40.0(-1.29%)","-1.29","51,620","-1.64","-1.06","17.02","0.27","23.29","-0.60","52.94"
"7235","東京ラヂエーター製造","東S","1555","-8.0(-0.51%)","-0.51","8,703","-0.56","-0.63","20.17","0.55","20.44","-0.40","58.60"
"7236","ティラド","東P","1483","-10.0(-0.67%)","-0.67","174,562","-0.97","-1.79","4.95","0.44","35.40","-0.60","52.26"
"7238","曙ブレーキ工業","東P","107","-1.0(-0.93%)","-0.93","329,323","0.56","0.38","4.90","0.69","28.95","0.23","62.50"
"7239","タチエス","東P","2333","+7.0(+0.30%)","0.30","120,823","-0.77","-0.74","17.77","0.41","19.19","-0.52","57.53"
"7241","フタバ産業","東P","1072","-20.0(-1.83%)","-1.83","158,142","-2.24","-2.82","15.77","0.46","20.74","-1.52","47.65"
"7242","カヤバ","東P","1547","-12.0(-0.77%)","-0.77","223,566","-0.36","-1.52","3.00","0.30","23.81","-0.93","48.93"
"7244","市光工業","東P","560","+2.0(+0.36%)","0.36","30,551","-0.64","-1.15","21.48","0.36","34.35","-0.55","47.27"
"7245","大同メタル工業","東P","1249","+48.0(+4.00%)","4.00","482,752","5.12","6.61","48.34","0.90","59.11","1.51","71.54"
"7246","プレス工業","東P","980","-16.0(-1.61%)","-1.61","155,840","-1.78","-2.41","30.49","0.52","28.22","-1.52","44.14"
"7247","ミクニ","東S","365","-1.0(-0.27%)","-0.27","4,006","-0.27","-1.35","13.00","0.43","20.52","-1.00","50.00"
"7254","ユニバンス","東S","799","-21.0(-2.56%)","-2.56","11,682","-3.36","-3.12","15.13","4.93","31.60","-2.04","43.59"
"7256","河西工業","東S","534","-14.0(-2.55%)","-2.55","134,715","-4.54","15.67","301.50","0.77","57.88","1.34","74.89"
"7259","アイシン","東P","2189.5","-19.0(-0.86%)","-0.86","2,068,276","-0.87","-1.90","3.40","0.36","38.68","-1.22","52.54"
"7261","マツダ","東P","1105.0","-7.5(-0.67%)","-0.67","3,913,900","-1.91","-5.18","12.93","0.50","34.61","-1.39","51.90"
"7264","ムロコーポレーション","東S","1350","+0.0(+0.00%)","0.00","135","-0.37","0.09","9.93","0.17","15.94","0.11","53.45"
"7265","エイケン工業","東S","3520","-15.0(-0.42%)","-0.42","1,407","0.06","-4.57","3.23","0.21","10.83","-1.26","23.19"
"7266","今仙電機製作所","東S","969","-6.0(-0.62%)","-0.62","7,842","-0.90","-2.59","18.90","0.61","18.11","-1.12","42.86"
"7267","本田技研工業","東P","1688.5","+6.5(+0.39%)","0.39","10,838,603","-0.59","0.10","36.39","0.44","32.12","0.05","65.12"
"7269","スズキ","東P","2007.0","+18.5(+0.93%)","0.93","6,722,917","1.36","-2.58","20.18","0.35","35.10","-0.67","54.53"
"7270","ＳＵＢＡＲＵ","東P","2543.5","-6.5(-0.25%)","-0.25","3,815,194","-1.55","-2.93","13.17","0.34","32.44","-1.56","50.46"
"7271","安永","東S","787","-13.0(-1.63%)","-1.63","57,139","-1.40","-2.28","2.34","1.76","52.87","-2.48","35.71"
"7272","ヤマハ発動機","東P","1792.5","-10.5(-0.58%)","-0.58","3,930,101","-0.40","-2.36","73.52","0.28","53.55","-0.60","60.69"
"7273","イクヨ","東S","609","-1.0(-0.16%)","-0.16","31,090","-1.58","-0.15","22.29","1.03","19.61","-0.05","50.00"
"7276","小糸製作所","東P","2726.0","+4.5(+0.17%)","0.17","621,467","1.49","2.31","17.63","0.21","27.08","1.22","72.03"
"7277","ＴＢＫ","東S","326","-2.0(-0.61%)","-0.61","7,094","-1.33","-5.01","6.89","0.86","17.88","-1.60","25.81"
"7278","エクセディ","東P","5740","-60.0(-1.03%)","-1.03","804,403","-1.64","-4.31","5.51","0.52","19.97","-1.64","40.23"
"7279","ハイレックスコーポレーション","東S","2411","-17.0(-0.70%)","-0.70","124,806","-1.46","-4.78","22.39","1.28","38.60","-1.38","51.67"
"7280","ミツバ","東P","1350","-9.0(-0.66%)","-0.66","121,584","-0.85","1.10","28.33","0.52","28.63","0.46","63.37"
"7282","豊田合成","東P","1040.0","+1.5(+0.14%)","0.14","1,274,268","-0.21","-1.43","3.07","0.43","37.35","-0.51","58.65"
"7283","愛三工業","東P","2222","-27.0(-1.20%)","-1.20","298,209","-0.57","-0.49","32.03","0.62","40.97","-0.14","51.44"
"7284","盟和産業","東S","1162","-7.0(-0.60%)","-0.60","820","-1.53","-1.03","1.66","0.26","14.79","-0.80","50.55"
"7287","日本精機","東S","2688","-72.0(-2.61%)","-2.61","270,116","-2.37","-0.76","22.74","0.56","36.11","-0.28","61.52"
"7291","日本プラスト","東S","455","-1.0(-0.22%)","-0.22","2,500","-1.30","-1.53","14.04","0.37","24.14","-1.11","46.55"
"7292","村上開明堂","東S","6840","-20.0(-0.29%)","-0.29","2,739","0.09","0.33","10.50","0.06","21.94","0.33","49.47"
"7294","ヨロズ","東P","850","-10.0(-1.16%)","-1.16","49,701","-2.55","-5.38","4.29","0.51","20.97","-2.00","36.36"
"7296","エフ・シー・シー","東P","4080","-15.0(-0.37%)","-0.37","204,362","-1.69","-1.82","30.35","0.41","26.87","-1.09","61.70"
"7297","カーメイト","東S","869","+0.0(+0.00%)","0.00","1,217","-0.39","0.40","4.32","4.67","12.82","0.46","53.25"
"7299","フジオーゼックス","東S","1755","-10.0(-0.57%)","-0.57","3,875","-2.11","-3.69","12.14","0.43","22.91","-1.46","39.21"
"7305","新家工業","東S","2749","-18.0(-0.65%)","-0.65","63,480","-0.21","-0.50","13.13","0.54","12.86","-0.59","44.04"
"7309","シマノ","東P","17800.0","-25.0(-0.14%)","-0.14","1,611,910","-0.47","-4.64","16.19","0.36","33.22","-1.06","31.94"
"7313","テイ・エス　テック","東P","1769.5","-9.5(-0.53%)","-0.53","239,883","-1.51","-3.12","4.70","0.40","17.87","-1.98","43.93"
"7314","小田原機器","東S","1340","+10.0(+0.75%)","0.75","5,486","1.32","1.72","19.64","4.10","57.02","2.03","54.95"
"7318","セレンディップＨＬＤＧ","東G","1333","-21.0(-1.55%)","-1.55","108,520","-1.91","-2.86","34.65","0.79","77.79","-0.68","47.34"
"7320","Ｓｏｌｖｖｙ","東G","1426","+11.0(+0.78%)","0.78","12,228","-0.41","-1.35","7.46","0.67","37.87","-0.73","48.94"
"7322","三十三ＦＧ","東P","2261","+9.0(+0.40%)","0.40","872,234","-0.10","5.95","60.58","0.59","50.74","1.49","62.07"
"7325","アイリックコーポレーション","東G","696","+0.0(+0.00%)","0.00","695","-0.34","-0.11","6.91","0.14","21.00","-0.13","50.00"
"7326","ＳＢＩインシュアランスグループ","東G","2152","+1.0(+0.05%)","0.05","226,673","-5.19","-2.20","11.85","0.27","29.46","-0.55","48.52"
"7327","第四北越ＦＧ","東P","2765","-61.0(-2.16%)","-2.16","2,570,256","-1.97","4.19","68.91","0.69","32.15","1.16","63.34"
"7337","ひろぎんＨＬＤＧ","東P","2412.5","-34.0(-1.39%)","-1.39","1,051,307","-1.06","1.10","52.16","0.41","28.26","0.65","58.28"
"7343","ブロードマインド","東G","1300","-6.0(-0.46%)","-0.46","1,959","-1.22","0.57","16.59","0.88","19.04","0.33","56.16"
"7345","アイ・パートナーズフィナンシャ","東G","939","+1.0(+0.11%)","0.11","3,275","0.62","0.03","38.91","1.03","20.47","0.04","47.37"
"7347","マーキュリアＨＬＤＧ","東P","813","+3.0(+0.37%)","0.37","7,747","0.97","1.59","17.66","0.61","12.05","2.14","66.00"
"7350","おきなわＦＧ","東P","7950","-220.0(-2.69%)","-2.69","533,005","-2.31","1.16","66.84","0.56","38.31","0.46","59.28"
"7351","グッドパッチ","東G","470","-6.0(-1.26%)","-1.26","1,926","-1.01","-1.32","8.80","3.42","25.41","-0.47","54.37"
"7352","ＴＷＯＳＴＯＮＥ＆Ｓｏｎｓ","東G","309","-3.0(-0.96%)","-0.96","22,358","-2.34","-4.86","1.64","0.56","63.33","-1.41","37.29"
"7353","ＫＩＹＯラーニング","東G","509","+3.0(+0.59%)","0.59","1,261","0.20","-2.65","2.62","0.04","13.93","-0.78","33.33"
"7354","ＤｍＭＩＸ","東S","361","-7.0(-1.90%)","-1.90","32,523","-1.47","-6.00","39.38","0.50","38.54","-1.32","32.20"
"7356","ＲＥＴＴＹ","東G","116","-1.0(-0.85%)","-0.85","116","-0.68","-0.51","5.45","0.06","31.85","-0.27","53.85"
"7357","ジオコード","東S","1712","-18.0(-1.04%)","-1.04","6,038","-1.21","-1.63","26.53","1.06","31.04","-0.35","51.57"
"7358","ポピンズ","東S","1758","-4.0(-0.23%)","-0.23","18,147","-1.37","-3.27","33.18","0.55","36.76","-1.51","37.50"
"7359","東京通信グループ","東G","267","-8.0(-2.91%)","-2.91","1,529","-1.33","-1.94","28.99","0.14","54.40","-0.41","42.22"
"7360","オンデック","東G","608","+0.0(+0.00%)","0.00","548","-1.52","-5.10","6.29","0.26","36.04","-2.34","28.40"
"7361","ヒューマンクリエイションＨＬＤ","東G","1204","+4.0(+0.33%)","0.33","602","-0.61","0.39","7.50","0.33","14.55","0.39","51.32"
"7362","Ｔ．Ｓ．Ｉ","東G","887","+7.0(+0.80%)","0.80","177","0.57","1.29","19.70","0.14","24.42","1.35","67.19"
"7363","ベビーカレンダー","東G","1436","+50.0(+3.61%)","3.61","11,282","2.79","7.20","45.49","1.58","81.24","1.22","59.04"
"7366","ＬＩＴＡＬＩＣＯ","東P","1953","+15.0(+0.77%)","0.77","78,049","1.51","4.78","73.91","0.39","29.42","1.53","77.99"
"7367","セルム","東S","331","-4.0(-1.19%)","-1.19","692","-0.24","-0.34","7.82","0.55","14.86","-0.47","52.94"
"7368","表示灯","東S","1720","+9.0(+0.53%)","0.53","516","-0.24","0.55","6.83","0.50","10.71","0.75","53.79"
"7369","メイホーＨＬＤＧ","東G","389","+0.0(+0.00%)","0.00","738","-0.15","4.30","25.08","0.20","38.26","1.18","52.46"
"7370","Ｅｎｊｉｎ","東G","715","-5.0(-0.69%)","-0.69","3,006","-0.33","-0.07","5.61","1.35","9.01","-0.17","50.00"
"7371","Ｚｅｎｋｅｎ","東G","798","+0.0(+0.00%)","0.00","6,292","-0.23","-0.02","21.09","1.30","17.43","-0.01","55.32"
"7372","デコルテＨＬＤＧ","東G","447","+17.0(+3.95%)","3.95","7,571","4.78","12.04","29.94","1.40","20.31","3.17","96.72"
"7373","アイドマＨＬＤＧ","東G","893","-6.0(-0.67%)","-0.67","17,444","-1.11","-3.82","1.02","0.37","48.92","-1.32","36.17"
"7374","コンフィデンス・インターワーク","東G","1502","+0.0(+0.00%)","0.00","11,868","-0.60","-1.29","1.35","2.55","7.12","-1.85","36.84"
"7375","リファインバースグループ","東G","1255","+1.0(+0.08%)","0.08","21,759","-1.85","2.59","64.05","0.55","44.26","0.52","56.77"
"7376","ＢＣＣ","東G","712","-24.0(-3.26%)","-3.26","7,841","-4.56","-9.44","12.84","1.54","67.01","-1.72","41.26"
"7377","ＤＮ　ＨＬＤＧ","東S","1717","-18.0(-1.04%)","-1.04","3,954","-1.11","0.14","4.31","0.85","10.53","0.13","54.78"
"7378","アシロ","東G","1555","-2.0(-0.13%)","-0.13","6,864","-0.64","-0.14","21.01","0.49","39.16","-0.08","50.93"
"7380","十六ＦＧ","東P","2811","-54.0(-1.88%)","-1.88","966,267","-1.17","5.24","62.30","0.44","39.79","1.42","67.34"
"7381","ＣＣＩグループ","東P","1350","-22.0(-1.60%)","-1.60","345,807","-1.85","3.67","66.05","0.34","41.49","1.03","63.17"
"7383","ネットプロテクションズＨＬＤＧ","東P","379","+4.0(+1.07%)","1.07","122,451","-2.27","-6.58","17.70","0.33","42.96","-0.96","35.82"
"7384","プロクレアＨＬＤＧ","東P","5370","-130.0(-2.36%)","-2.36","760,202","-3.52","6.33","147.47","0.69","42.40","0.85","69.47"
"7388","ＦＰパートナー","東P","2321","-19.0(-0.81%)","-0.81","35,645","-0.57","-0.07","15.76","0.37","18.33","-0.07","50.39"
"7389","あいちＦＧ","東P","2043","-40.0(-1.92%)","-1.92","1,630,138","-1.96","4.12","59.48","0.61","52.91","1.06","62.19"
"7399","ナンシン","東S","619","+3.0(+0.49%)","0.49","1,049","-0.06","0.47","12.34","0.27","10.97","0.49","51.06"
"7409","ＡｅｒｏＥｄｇｅ","東G","1444","-26.0(-1.77%)","-1.77","75,768","-1.29","-3.65","10.99","0.75","72.30","-0.90","42.07"
"7412","アトム","東S","321","-13.0(-3.89%)","-3.89","319,390","-4.41","-12.03","0.63","2.50","33.04","-2.26","0.00"
"7414","小野建","東P","1397","-5.0(-0.36%)","-0.36","36,896","-1.26","-2.39","8.38","0.50","16.09","-1.52","45.11"
"7416","はるやまＨＬＤＧ","東S","676","-4.0(-0.59%)","-0.59","948","-0.88","-1.30","4.00","0.54","14.10","-2.34","43.48"
"7417","南陽","東S","1829","+25.0(+1.39%)","1.39","6,116","-0.13","-2.44","30.36","1.21","29.46","-1.40","43.57"
"7419","ノジマ","東P","1242","+12.0(+0.98%)","0.98","210,413","-1.02","-1.52","17.39","0.23","25.90","-0.96","50.00"
"7421","カッパ・クリエイト","東P","1504","+2.0(+0.13%)","0.13","159,762","-3.86","-6.76","11.24","0.52","22.27","-2.92","26.72"
"7422","東邦レマック","東S","516","-2.0(-0.39%)","-0.39","6,423","8.68","26.40","47.01","0.18","38.24","2.57","84.91"
"7425","初穂商事","東S","1110","-10.0(-0.89%)","-0.89","886","0.36","-0.23","3.06","0.19","28.05","-0.15","42.86"
"7427","エコートレーディング","東S","834","+1.0(+0.12%)","0.12","1,001","0.05","0.10","2.84","0.71","12.13","0.14","56.52"
"7433","伯東","東P","1898","-19.0(-0.99%)","-0.99","592,760","0.88","5.17","5.50","0.58","27.96","1.74","71.28"
"7434","オータケ","東S","1759","+3.0(+0.17%)","0.17","3,342","-0.51","-3.29","3.05","1.58","15.99","-2.08","30.86"
"7435","ナ・デックス","東S","1435","+17.0(+1.20%)","1.20","12,272","2.08","8.64","56.15","0.53","34.04","2.05","77.65"
"7438","コンドーテック","東P","1725","-61.0(-3.42%)","-3.42","67,901","-3.11","-0.44","23.66","1.00","20.78","-0.18","51.21"
"7441","Ｍｉｓｕｍｉ","福","1760","+12.0(+0.69%)","0.69","881","-0.41","-0.63","3.59","1.00","7.35","-1.20","40.86"
"7442","中山福","東S","473","-6.0(-1.25%)","-1.25","5,847","-1.13","-1.44","8.74","2.93","10.38","-1.74","37.04"
"7443","横浜魚類","東S","677","+0.0(+0.00%)","0.00","1,762","0.59","1.46","11.17","1.00","14.06","1.58","56.36"
"7444","ハリマ共和物産","東S","1990","-20.0(-1.00%)","-1.00","398","-0.37","0.10","4.68","0.50","9.92","0.16","52.43"
"7447","ナガイレーベン","東P","1640","+8.0(+0.49%)","0.49","86,739","-0.28","-2.29","2.63","0.70","16.12","-0.83","38.46"
"7453","良品計画","東P","4269.0","+77.0(+1.84%)","1.84","5,538,671","3.61","3.15","54.12","0.39","44.88","0.92","58.97"
"7456","松田産業","東P","6720","-120.0(-1.75%)","-1.75","330,759","-1.93","-4.34","33.33","0.56","55.67","-1.38","40.08"
"7458","第一興商","東P","1807.0","+2.5(+0.14%)","0.14","271,850","-2.09","-3.16","13.15","0.41","22.47","-1.82","46.19"
"7459","メディパルＨＬＤＧ","東P","2982.0","+25.0(+0.85%)","0.85","622,872","-1.38","1.24","17.87","0.30","29.54","0.52","53.19"
"7460","ヤギ","東S","1704","+46.0(+2.77%)","2.77","37,988","2.72","2.15","11.37","1.64","36.88","1.12","63.24"
"7461","キムラ","東S","468","-4.0(-0.85%)","-0.85","515","-0.21","-1.45","5.88","2.75","22.74","-1.23","44.00"
"7462","ＣＡＰＩＴＡ","東S","370","-2.0(-0.54%)","-0.54","3,026","-4.00","-6.82","22.52","0.49","39.96","-2.07","30.77"
"7463","アドヴァングループ","東S","961","-5.0(-0.52%)","-0.52","12,148","-1.76","-0.58","10.33","0.43","17.12","-0.32","50.43"
"7464","セフテック","東S","1503","-21.0(-1.38%)","-1.38","2,562","-1.21","-1.32","0.13","3.40","14.34","-1.91","42.06"
"7466","ＳＰＫ","東P","1467","-16.0(-1.08%)","-1.08","30,228","-1.04","0.69","23.69","0.78","20.65","0.45","58.66"
"7472","鳥羽洋行","東S","3855","-45.0(-1.15%)","-1.15","2,715","-1.08","-1.56","10.14","3.50","17.32","-1.72","36.21"
"7475","アルビス","東P","3770","+5.0(+0.13%)","0.13","800,344","0.11","18.39","59.75","3.23","57.63","0.96","99.22"
"7476","アズワン","東P","2486.0","+10.0(+0.40%)","0.40","129,685","-0.52","-0.39","26.90","0.41","23.94","-0.31","52.62"
"7477","ムラキ","東S","1639","+10.0(+0.61%)","0.61","835","0.96","2.81","21.05","1.00","44.63","1.30","52.62"
"7480","スズデン","東S","3860","+30.0(+0.78%)","0.78","224,699","4.16","9.46","129.63","0.47","63.84","2.72","76.63"
"7481","尾家産業","東S","2604","+16.0(+0.62%)","0.62","3,335","-0.21","-0.02","16.35","1.86","16.69","-0.03","50.61"
"7482","シモジマ","東P","1467","-7.0(-0.47%)","-0.47","31,444","-1.58","-3.38","17.64","0.40","21.49","-1.91","41.15"
"7483","ドウシシャ","東P","3020","+10.0(+0.33%)","0.33","136,149","-1.08","-1.35","8.63","0.65","15.78","-1.02","51.56"
"7485","岡谷鋼機","名P","5190","+20.0(+0.39%)","0.39","46,532","1.37","2.46","14.32","0.34","14.94","2.51","72.73"
"7486","サンリン","東S","823","+3.0(+0.37%)","0.37","164","-0.89","1.39","15.27","0.05","22.83","0.77","53.63"
"7487","小津産業","東S","1869","+6.0(+0.32%)","0.32","2,985","0.10","2.30","11.92","0.24","7.69","1.44","83.95"
"7488","ヤガミ","名M","5220","+70.0(+1.36%)","1.36","3,633","1.64","3.12","12.62","0.27","17.70","2.33","72.92"
"7494","コナカ","東S","232","-3.0(-1.28%)","-1.28","8,673","-1.86","-4.32","7.91","1.04","11.40","-2.76","11.76"
"7500","西川計測","東S","10730","-270.0(-2.45%)","-2.45","14,093","-1.01","6.33","20.83","4.33","20.40","1.55","68.98"
"7502","プラザＨＬＤＧ","東S","1676","+0.0(+0.00%)","0.00","503","-0.30","-0.94","5.74","0.60","9.55","-1.16","26.44"
"7504","高速","東P","4605","+60.0(+1.32%)","1.32","148,537","1.90","0.52","68.80","0.84","45.10","0.11","60.62"
"7505","扶桑電通","東S","1970","-4.0(-0.20%)","-0.20","30,123","-2.32","-7.27","14.14","0.69","35.31","-2.19","19.20"
"7506","ハウス　オブ　ローゼ","東S","1371","-2.0(-0.15%)","-0.15","1,645","-0.36","-0.83","1.71","2.00","6.66","-2.38","31.58"
"7508","Ｇ―７ＨＬＤＧ","東P","1420","+14.0(+1.00%)","1.00","48,401","-0.24","-0.99","11.72","0.44","19.73","-0.77","48.97"
"7509","アイエーグループ","東S","4765","-35.0(-0.73%)","-0.73","4,345","0.49","0.76","16.22","3.00","15.64","0.80","56.19"
"7510","たけびし","東P","2898","-15.0(-0.51%)","-0.51","50,137","0.73","4.83","35.67","0.29","35.81","1.72","71.01"
"7512","イオン北海道","東S","861","+3.0(+0.35%)","0.35","40,539","0.12","0.03","6.43","0.29","13.76","0.06","48.53"
"7513","コジマ","東P","1472","+9.0(+0.62%)","0.62","113,662","-0.47","2.02","27.67","0.33","27.29","0.89","69.28"
"7514","ヒマラヤ","東S","854","-1.0(-0.12%)","-0.12","1,535","0.02","-0.30","2.28","0.47","7.32","-0.28","50.00"
"7515","マルヨシセンター","東S","4545","-55.0(-1.20%)","-1.20","3,198","-0.68","-1.31","5.70","1.75","10.15","-2.14","18.18"
"7516","コーナン商事","東P","4385","-15.0(-0.34%)","-0.34","130,059","-2.08","-2.33","15.24","0.34","20.94","-1.56","47.62"
"7520","エコス","東P","2540","-4.0(-0.16%)","-0.16","14,462","-0.90","-1.09","15.77","0.39","19.91","-0.71","52.75"
"7521","ムサシ","東S","2721","+73.0(+2.76%)","2.76","9,265","0.57","-1.13","16.88","3.78","28.60","-0.66","44.96"
"7522","ワタミ","東P","873","+0.0(+0.00%)","0.00","122,301","-1.15","-5.62","1.28","0.58","16.91","-1.65","20.00"
"7523","アールビバン","東S","1875","+0.0(+0.00%)","0.00","563","-0.01","-0.10","31.21","1.00","17.93","-1.19","28.57"
"7524","マルシェ","東S","181","+1.0(+0.56%)","0.56","1,495","1.23","2.54","20.67","1.73","13.31","2.10","60.00"
"7525","リックス","東P","3580","-15.0(-0.42%)","-0.42","14,978","-0.53","-0.59","7.67","0.39","15.35","-0.43","52.33"
"7527","システムソフト","東S","47","-1.0(-2.08%)","-2.08","34,016","-1.67","-8.20","6.82","0.76","38.74","-1.71","30.77"
"7532","パン・パシフィック・インターナ","東P","708.5","-7.0(-0.98%)","-0.98","5,745,096","-0.70","-5.94","2.53","0.34","36.91","-1.19","22.50"
"7537","丸文","東P","1928","+53.0(+2.83%)","2.83","141,774","1.59","5.04","77.70","0.93","41.99","1.75","78.67"
"7538","大水","東S","388","+2.0(+0.52%)","0.52","543","0.10","-0.35","14.12","14.00","16.26","-0.46","47.50"
"7539","アイナボＨＬＤＧ","東S","784","-1.0(-0.13%)","-0.13","10,910","-0.78","-2.97","6.52","0.69","14.77","-2.05","25.81"
"7544","スリーエフ","東S","555","-1.0(-0.18%)","-0.18","2,433","-0.32","-0.21","4.52","0.65","8.20","-0.42","52.00"
"7545","西松屋チェーン","東P","1962","+1.0(+0.05%)","0.05","308,543","0.01","-0.99","7.21","0.65","16.81","-0.65","41.45"
"7550","ゼンショーＨＬＤＧ","東P","10790.0","+85.0(+0.79%)","0.79","2,754,248","1.71","-4.22","46.19","0.43","39.28","-0.84","31.22"
"7551","ウェッズ","東S","670","+2.0(+0.30%)","0.30","1,469","-1.27","-5.68","8.77","0.03","20.20","-2.02","11.11"
"7552","ハピネット","東P","5100","-90.0(-1.73%)","-1.73","2,309,380","7.62","27.28","105.23","0.44","45.52","2.57","89.94"
"7554","幸楽苑","東P","1166","+10.0(+0.87%)","0.87","27,894","0.14","-1.21","12.66","0.39","14.77","-0.83","40.50"
"7555","大田花き","東S","736","-5.0(-0.67%)","-0.67","958","-0.81","-1.29","0.41","1.18","5.21","-2.71","36.11"
"7561","ハークスレイＨＬＤＧ","東S","692","-8.0(-1.14%)","-1.14","13,244","-1.34","-2.52","10.90","1.73","17.87","-2.26","35.48"
"7562","安楽亭","東S","3740","+10.0(+0.27%)","0.27","11,183","-0.27","-2.15","3.89","1.20","5.11","-2.07","22.22"
"7564","ワークマン","東S","5470","+50.0(+0.92%)","0.92","1,700,541","2.59","-5.13","5.80","0.78","28.83","-0.77","27.59"
"7567","栄電子","東S","642","-7.0(-1.08%)","-1.08","3,738","0.44","4.49","39.26","0.14","41.23","2.07","65.48"
"7570","橋本総業ＨＬＤＧ","東S","1385","-12.0(-0.86%)","-0.86","6,107","-1.01","-1.56","11.69","0.22","18.77","-1.16","48.17"
"7571","ヤマノＨＬＤＧ","東S","85","+0.0(+0.00%)","0.00","23,894","0.00","-2.34","8.97","1.22","27.13","-0.71","37.50"
"7575","日本ライフライン","東P","1526","+13.0(+0.86%)","0.86","376,217","-0.26","-1.46","23.16","0.46","25.08","-0.70","56.94"
"7578","ニチリョク","東S","71","-2.0(-2.74%)","-2.74","2,840","-3.79","-7.74","10.94","1.19","31.37","-2.29","23.08"
"7581","サイゼリヤ","東P","6520","+40.0(+0.62%)","0.62","1,073,938","1.49","-4.75","31.58","0.49","53.37","-0.88","24.19"
"7585","かんなん丸","東S","408","+1.0(+0.25%)","0.25","408","0.05","0.23","2.51","0.32","5.58","0.98","53.85"
"7590","タカショー","東S","403","+1.0(+0.25%)","0.25","48,288","-2.28","0.56","7.47","0.49","35.00","0.19","53.08"
"7593","ＶＴ　ＨＬＤＧ","東P","519","+5.0(+0.97%)","0.97","102,784","-0.04","-1.49","21.26","0.48","19.52","-0.89","43.94"
"7595","アルゴグラフィックス","東P","1226","-1.0(-0.08%)","-0.08","151,635","-2.08","-4.67","4.52","0.50","21.14","-1.68","34.50"
"7596","魚力","東P","2244","-5.0(-0.22%)","-0.22","25,779","-1.18","-3.68","6.10","0.65","11.46","-2.25","29.23"
"7599","ＩＤＯＭ","東P","1162","-13.0(-1.11%)","-1.11","806,341","-1.59","-5.41","0.26","0.62","30.63","-1.94","26.85"
"7600","日本エム・ディ・エム","東P","618","-18.0(-2.83%)","-2.83","188,703","-4.25","-9.43","38.88","1.87","51.24","-1.02","48.19"
"7601","ポプラ","東S","167","+1.0(+0.60%)","0.60","5,961","1.71","2.03","4.38","0.20","12.63","1.94","57.89"
"7602","レダックス","東S","167","+1.0(+0.60%)","0.60","4,946","-1.42","-4.27","20.14","0.40","52.40","-0.79","47.22"
"7603","ジーイエット","東S","34","-1.0(-2.86%)","-2.86","6,448","-0.58","-10.05","3.03","0.32","54.60","-1.05","33.33"
"7604","梅の花グループ","東S","918","+0.0(+0.00%)","0.00","6,152","-0.20","1.03","11.54","0.86","8.03","1.03","63.33"
"7606","ＴＡＢＡＹＡＨＬＤＧ","東P","2414","+14.0(+0.58%)","0.58","280,345","0.54","0.43","5.65","0.43","23.20","0.19","57.21"
"7607","進和","東P","3035","+0.0(+0.00%)","0.00","38,648","-0.52","-0.54","6.38","0.57","18.31","-0.32","60.35"
"7608","エスケイジャパン","東S","980","+19.0(+1.98%)","1.98","113,229","1.74","10.35","41.01","1.82","36.14","1.97","90.85"
"7609","ダイトロン","東P","4375","+170.0(+4.04%)","4.04","228,456","3.28","8.09","79.45","0.66","59.49","2.38","72.52"
"7610","テイツー","東S","138","+0.0(+0.00%)","0.00","46,562","0.44","-0.58","8.66","1.27","20.49","-0.25","54.55"
"7611","ハイデイ日高","東P","2926","+30.0(+1.04%)","1.04","170,268","1.36","-1.64","19.14","0.40","20.33","-0.76","31.10"
"7613","シークス","東P","1624","+21.0(+1.31%)","1.31","119,487","1.12","2.94","41.83","0.40","29.77","1.06","81.22"
"7614","オーエムツーネットワーク","東S","1553","+1.0(+0.06%)","0.06","3,105","0.34","0.48","3.05","1.43","7.77","1.12","52.46"
"7615","京都きもの友禅ＨＬＤＧ","東S","94","-1.0(-1.05%)","-1.05","1,831","-1.67","-4.78","3.30","0.49","30.25","-1.85","31.25"
"7616","コロワイド","東P","1999.5","+14.5(+0.73%)","0.73","771,503","-0.13","-2.85","19.27","0.55","27.76","-1.11","41.56"
"7619","田中商事","東S","1012","+1.0(+0.10%)","0.10","3,450","-1.23","2.61","25.71","0.67","15.91","1.06","67.74"
"7621","うかい","東S","3255","-10.0(-0.31%)","-0.31","6,523","-2.86","-5.13","1.56","0.43","12.72","-2.85","23.88"
"7624","ＮａＩＴＯ","東S","182","-10.0(-5.21%)","-5.21","73,955","-0.76","12.12","40.00","0.38","28.61","1.66","71.43"
"7625","グローバルダイニング","東S","457","-2.0(-0.44%)","-0.44","3,108","-0.57","-1.99","17.48","2.27","15.76","-1.41","30.30"
"7628","オーハシテクニカ","東P","1157","+13.0(+1.14%)","1.14","41,723","-0.12","-1.17","15.70","0.55","21.63","-0.47","58.19"
"7630","壱番屋","東P","1113","-2.0(-0.18%)","-0.18","220,020","0.32","3.98","32.50","0.42","35.13","0.76","64.77"
"7636","ハンズマン","東S","792","+0.0(+0.00%)","0.00","952","-0.30","-0.53","3.12","0.24","7.84","-1.54","40.00"
"7637","白銅","東P","3575","-10.0(-0.28%)","-0.28","47,815","-1.27","-1.40","55.37","0.87","39.92","-0.42","51.28"
"7638","ＮＥＷ　ＡＲＴ　ＨＬＤＧ","東S","1396","-1.0(-0.07%)","-0.07","13,518","-0.85","-0.53","7.30","0.68","10.89","-0.60","51.92"
"7640","トップカルチャー","東S","199","+1.0(+0.51%)","0.51","4,204","0.81","3.00","30.07","0.59","26.08","1.29","56.67"
"7643","ダイイチ","東S","1641","+2.0(+0.12%)","0.12","3,298","-1.95","-4.66","5.06","0.39","12.71","-2.46","22.42"
"7646","ＰＬＡＮＴ","東S","1792","+5.0(+0.28%)","0.28","5,189","-0.81","-4.51","5.91","1.04","15.35","-1.74","28.14"
"7649","スギＨＬＤＧ","東P","1254.5","+1.5(+0.12%)","0.12","778,191","0.28","-3.05","2.53","0.34","33.01","-1.02","37.38"
"7670","オーウエル","東S","1215","-6.0(-0.49%)","-0.49","1,219","-0.59","-0.66","24.36","1.00","32.22","-0.42","44.70"
"7673","ダイコー通産","東S","1705","-8.0(-0.47%)","-0.47","683","0.39","1.53","10.00","0.50","18.71","1.32","54.36"
"7674","ＮＡＴＴＹ　ＳＷＡＮＫＹＨＬＤ","東G","2747","+6.0(+0.22%)","0.22","3,573","0.04","2.73","15.76","0.87","21.11","1.22","69.09"
"7678","あさくま","東S","3850","+70.0(+1.85%)","1.85","16,386","1.93","11.34","31.35","0.49","25.58","1.52","80.00"
"7679","薬王堂ＨＬＤＧ","東P","1617","+5.0(+0.31%)","0.31","71,756","-0.38","-1.75","1.44","0.68","21.14","-1.35","34.06"
"7681","レオクラン","東S","984","-5.0(-0.51%)","-0.51","1,245","-0.91","-1.82","35.72","4.33","34.52","-1.41","45.29"
"7682","浜木綿","東S","3720","-5.0(-0.13%)","-0.13","10,791","-0.11","-4.21","0.40","1.26","14.07","-1.91","22.62"
"7683","ダブルエー","東P","1413","-8.0(-0.56%)","-0.56","24,892","-0.24","0.11","9.11","0.80","10.01","0.22","55.74"
"7685","ＢｕｙＳｅｌｌ　Ｔｅｃｈ","東G","2836","+80.0(+2.90%)","2.90","496,809","1.78","-5.55","4.46","0.45","48.95","-0.96","40.44"
"7686","ひとまいる","東S","440","+9.0(+2.09%)","2.09","17,899","0.27","-0.05","8.11","1.46","10.85","-0.06","48.94"
"7687","ミクリード","東G","453","-6.0(-1.31%)","-1.31","2,373","0.27","0.18","13.25","1.86","19.41","0.14","58.33"
"7689","コパ・コーポレーション","東G","371","-26.0(-6.55%)","-6.55","137,027","-6.50","-1.56","31.10","5.42","102.10","-0.10","42.09"
"7692","アースインフィニティ","東S","77","-1.0(-1.28%)","-1.28","8,651","0.26","-2.68","5.48","1.58","21.74","-1.24","35.71"
"7694","いつも","東G","550","-4.0(-0.72%)","-0.72","2,760","-0.47","-4.37","34.80","0.38","92.01","-0.54","48.79"
"7695","リフォームテクノロジー","東G","892","+15.0(+1.71%)","1.71","4,179","-1.63","-2.82","33.33","0.27","38.82","-1.16","42.99"
"7698","アイスコ","東S","2725","+85.0(+3.22%)","3.22","8,050","-0.37","-0.91","22.36","0.57","16.89","-0.30","48.53"
"7699","オムニ・プラス・システム","東G","670","-8.0(-1.18%)","-1.18","1,474","-1.21","-2.84","0.45","7.33","22.34","-1.62","7.14"
"7701","島津製作所","東P","3992.0","-64.0(-1.58%)","-1.58","1,467,094","-0.75","1.31","17.83","0.26","23.66","0.41","69.76"
"7702","ＪＭＳ","東S","450","-4.0(-0.88%)","-0.88","3,344","-1.23","-1.52","7.66","0.36","19.16","-1.43","44.74"
"7707","プレシジョン・システム・サイエ","東G","216","+4.0(+1.89%)","1.89","133,316","2.56","2.20","16.13","7.53","33.91","0.87","68.97"
"7711","助川電気工業","東S","5080","+70.0(+1.40%)","1.40","129,578","1.40","-0.56","26.05","0.72","60.16","-0.18","52.21"
"7713","シグマ光機","東S","2506","+26.0(+1.05%)","1.05","26,286","0.51","4.63","62.94","1.74","47.43","1.27","65.74"
"7715","長野計器","東P","4390","+15.0(+0.34%)","0.34","194,842","2.79","9.38","81.33","0.34","61.70","2.15","77.40"
"7716","ナカニシ","東S","1473","+23.0(+1.59%)","1.59","523,297","-0.47","-3.89","4.77","0.41","28.84","-1.32","41.16"
"7717","ブイ・テクノロジー","東P","6560","+400.0(+6.49%)","6.49","1,350,642","6.39","14.65","116.86","1.61","70.50","2.86","74.21"
"7719","東京衡機","東S","503","+3.0(+0.60%)","0.60","23,500","-0.67","-1.73","77.11","0.40","68.98","-0.53","49.08"
"7721","東京計器","東P","7400","+100.0(+1.37%)","1.37","942,091","0.00","3.92","52.58","0.79","60.93","0.94","61.43"
"7722","国際計測器","東S","753","-3.0(-0.40%)","-0.40","23,017","-1.72","-3.09","5.91","1.24","25.34","-2.11","39.19"
"7723","愛知時計電機","東P","2880","+14.0(+0.49%)","0.49","29,734","0.10","0.11","7.54","0.71","22.38","0.09","59.45"
"7725","インターアクション","東P","1862","+33.0(+1.80%)","1.80","97,075","2.36","4.71","44.23","0.83","54.06","1.29","67.61"
"7726","黒田精工","東S","1465","+16.0(+1.10%)","1.10","6,833","1.72","5.37","59.59","0.27","41.38","1.87","63.03"
"7727","オーバル","東S","939","-10.0(-1.05%)","-1.05","106,468","0.71","8.25","51.94","1.04","48.06","1.67","70.68"
"7729","東京精密","東P","19540.0","+895.0(+4.80%)","4.80","4,102,438","6.17","12.58","72.92","0.53","62.48","2.57","79.52"
"7730","マニー","東P","1454","-1.0(-0.07%)","-0.07","198,699","-0.47","-2.58","3.86","0.51","25.16","-0.64","54.39"
"7731","ニコン","東P","1963.5","+26.5(+1.37%)","1.37","1,740,199","3.00","6.14","21.39","0.36","42.53","1.20","68.14"
"7733","オリンパス","東P","2012.0","-2.5(-0.12%)","-0.12","3,675,995","-0.37","-1.20","54.47","0.41","31.58","-0.36","59.51"
"7734","理研計器","東P","3585","+65.0(+1.85%)","1.85","196,710","0.84","4.64","23.41","0.34","38.45","1.72","82.95"
"7735","ＳＣＲＥＥＮ　ＨＬＤＧ","東P","15470.0","+930.0(+6.40%)","6.40","26,503,906","7.07","16.26","80.09","0.58","72.20","2.83","70.87"
"7740","タムロン","東P","1376","+19.0(+1.40%)","1.40","244,263","1.07","1.22","43.04","0.58","51.05","0.98","58.97"
"7741","ＨＯＹＡ","東P","24140.0","+560.0(+2.37%)","2.37","15,391,252","2.27","2.04","8.91","0.40","29.00","0.57","61.21"
"7743","シード","東S","793","+0.0(+0.00%)","0.00","48,145","0.00","3.89","69.44","0.48","49.35","0.40","66.67"
"7744","ノーリツ鋼機","東P","2016","+9.0(+0.45%)","0.45","279,857","-0.07","0.09","10.28","0.43","26.83","0.04","60.00"
"7745","Ａ＆ＤホロンＨＬＤＧ","東P","3010","+36.0(+1.21%)","1.21","146,577","0.97","4.47","48.86","0.60","41.26","1.83","76.97"
"7746","岡本硝子","東S","937","+21.0(+2.29%)","2.29","900,044","4.76","15.17","153.24","0.73","37.12","2.66","78.46"
"7747","朝日インテック","東P","3363.0","+38.0(+1.14%)","1.14","2,011,442","0.99","-2.98","35.09","0.36","35.76","-0.41","54.77"
"7749","メディキット","東S","2800","+22.0(+0.79%)","0.79","7,283","-0.36","-2.81","3.21","0.74","13.01","-1.64","30.32"
"7751","キヤノン","東P","4657.0","+52.0(+1.13%)","1.13","6,755,335","1.02","2.24","16.80","0.42","25.73","0.85","76.87"
"7752","リコー","東P","1665.5","+14.5(+0.88%)","0.88","1,143,609","0.18","0.59","29.06","0.33","29.37","0.20","67.88"
"7760","ＩＭＶ","東S","2078","-40.0(-1.89%)","-1.89","98,514","-2.16","1.03","11.06","0.98","76.17","0.36","49.49"
"7762","シチズン時計","東P","2422","+96.0(+4.13%)","4.13","1,750,300","1.65","-2.37","90.26","0.45","56.28","-0.29","58.56"
"7769","リズム","東P","3815","+0.0(+0.00%)","0.00","37,678","-0.21","-1.68","14.05","0.74","13.60","-0.82","45.07"
"7771","日本精密","東S","258","-4.0(-1.53%)","-1.53","18,120","-0.62","-2.21","113.22","1.02","28.40","-0.63","42.86"
"7774","ジャパン・ティッシュエンジニア","東G","877","-17.0(-1.90%)","-1.90","52,289","2.21","2.93","72.64","0.39","51.34","0.77","43.99"
"7775","大研医器","東S","417","+0.0(+0.00%)","0.00","9,502","-0.76","-1.70","1.96","0.95","9.03","-2.34","27.78"
"7776","セルシード","東G","219","-5.0(-2.23%)","-2.23","32,760","-1.26","-2.68","9.50","0.31","37.82","-1.06","42.86"
"7777","スリー・ディー・マトリックス","東G","432","-3.0(-0.69%)","-0.69","437,105","2.13","11.01","41.18","0.49","54.56","1.26","71.20"
"7779","ＣＹＢＥＲＤＹＮＥ","東G","231","-5.0(-2.12%)","-2.12","117,131","-2.12","0.59","22.22","1.02","37.30","0.24","56.25"
"7780","メニコン","東P","1764","+48.0(+2.80%)","2.80","376,979","1.15","-2.08","23.10","0.81","40.60","-0.43","50.00"
"7781","平山ＨＬＤＧ","東S","878","+0.0(+0.00%)","0.00","2,204","0.07","-0.14","21.44","0.62","26.60","-0.16","52.33"
"7782","シンシア","東S","508","+4.0(+0.79%)","0.79","2,382","2.01","4.18","20.95","0.78","14.46","1.97","70.73"
"7790","バルコス","名N","1065","-20.0(-1.84%)","-1.84","213","-1.08","-1.57","7.58","0.50","22.38","-1.21","35.65"
"7791","ドリームベッド","東S","815","-1.0(-0.12%)","-0.12","408","-0.97","-1.58","4.89","0.14","14.00","-2.40","34.78"
"7792","コラントッテ","東G","1472","-10.0(-0.67%)","-0.67","9,879","-0.22","-0.60","9.04","0.30","14.21","-0.74","48.26"
"7793","イメージ・マジック","東G","1598","-12.0(-0.75%)","-0.75","811","-0.56","3.76","20.69","0.56","26.39","1.26","71.68"
"7794","イーディーピー","東G","1029","+18.0(+1.78%)","1.78","123,946","1.74","3.24","165.21","1.00","46.93","1.26","45.18"
"7795","ＫＹＯＲＩＴＳＵ","東S","213","-1.0(-0.47%)","-0.47","2,112","-1.48","-3.41","13.30","0.44","17.82","-1.34","34.38"
"7800","アミファ","東S","980","+0.0(+0.00%)","0.00","1,076","0.18","-0.98","50.54","0.29","27.35","-0.68","46.67"
"7803","ブシロード","東G","451","+15.0(+3.44%)","3.44","300,536","2.17","1.19","90.30","0.69","56.02","0.22","51.05"
"7804","ビーアンドピー","東S","2530","+20.0(+0.80%)","0.80","10,621","2.24","5.41","20.99","0.20","14.48","2.80","84.40"
"7805","プリントネット","東S","704","+2.0(+0.28%)","0.28","632","-0.03","-1.45","5.23","0.16","14.48","-1.03","37.84"
"7806","ＭＴＧ","東G","8880","+570.0(+6.86%)","6.86","2,419,613","6.45","6.21","115.53","1.34","58.46","1.05","59.10"
"7807","幸和製作所","東S","880","-1.0(-0.11%)","-0.11","1,672","-0.23","1.50","10.97","0.95","20.91","0.96","64.29"
"7808","シー・エス・ランバー","東S","2661","+55.0(+2.11%)","2.11","34,736","0.59","-1.89","6.87","2.38","18.39","-1.08","28.30"
"7809","壽屋","東S","1327","+4.0(+0.30%)","0.30","1,723","0.27","0.29","2.00","0.31","6.08","1.50","47.37"
"7810","クロスフォー","東S","154","+1.0(+0.65%)","0.65","906","0.52","-4.04","7.69","0.10","55.24","-0.69","34.29"
"7811","中本パックス","東S","2300","+3.0(+0.13%)","0.13","14,714","-0.40","9.83","30.31","0.58","28.10","1.29","82.50"
"7812","クレステック","東S","2081","-47.0(-2.21%)","-2.21","3,352","-1.31","-1.52","12.49","8.00","20.63","-0.90","51.92"
"7813","プラッツ","東S","892","+11.0(+1.25%)","1.25","357","0.75","-0.68","15.99","0.67","18.88","-0.25","37.25"
"7814","日本創発グループ","東S","631","+18.0(+2.94%)","2.94","93,940","3.78","2.49","18.61","9.67","19.66","0.98","56.72"
"7815","東京ボード工業","東S","342","-5.0(-1.44%)","-1.44","548","-1.50","-2.27","54.75","8.00","89.45","-0.61","50.68"
"7818","トランザクション","東P","1201","+6.0(+0.50%)","0.50","67,138","-0.81","0.48","11.82","0.52","32.72","0.16","65.71"
"7819","粧美堂","東S","947","-14.0(-1.46%)","-1.46","24,173","-1.84","-4.76","19.72","1.65","36.12","-2.32","23.77"
"7820","ニホンフラッシュ","東P","695","-3.0(-0.43%)","-0.43","26,611","-1.31","-1.84","0.72","0.80","11.06","-1.68","39.13"
"7821","前田工繊","東P","1950","-2.0(-0.10%)","-0.10","169,554","0.00","-1.56","13.77","0.37","27.18","-0.70","49.40"
"7822","永大産業","東S","257","-1.0(-0.39%)","-0.39","1,231","-0.39","0.06","14.22","0.14","16.74","0.09","50.00"
"7823","アートネイチャー","東S","785","-9.0(-1.13%)","-1.13","39,111","-2.44","-6.02","0.38","0.88","19.89","-1.88","26.67"
"7826","フルヤ金属","東P","11720","+200.0(+1.74%)","1.74","4,392,418","2.29","13.00","233.90","1.23","80.61","1.56","59.82"
"7827","オービス","東S","1739","-49.0(-2.74%)","-2.74","13,276","-2.82","-0.81","11.05","0.99","15.41","-0.52","48.36"
"7831","ウイルコＨＬＤＧ","東S","66","+0.0(+0.00%)","0.00","1,049","0.00","-0.84","6.45","1.64","23.16","-0.70","40.00"
"7832","バンダイナムコＨＬＤＧ","東P","5784.0","+65.0(+1.14%)","1.14","6,520,475","2.41","3.94","63.85","0.35","42.71","1.57","65.67"
"7833","アイフィスジャパン","東S","680","-4.0(-0.58%)","-0.58","953","-0.47","0.96","12.58","0.25","10.86","0.53","57.78"
"7836","アビックス","東S","73","+0.0(+0.00%)","0.00","3,119","-0.54","-3.44","1.39","0.87","22.36","-1.51","30.00"
"7837","アールシーコア","東S","352","+0.0(+0.00%)","0.00","1,428","0.17","2.65","20.96","0.43","42.23","1.12","60.71"
"7839","ＳＨＯＥＩ","東P","2170","+58.0(+2.75%)","2.75","272,030","1.67","3.40","39.91","0.66","20.93","2.15","61.69"
"7840","フランスベッドＨＬＤＧ","東P","1281","+6.0(+0.47%)","0.47","30,966","-0.50","-1.32","9.02","0.39","15.25","-1.20","43.70"
"7841","遠藤製作所","東S","1099","+0.0(+0.00%)","0.00","2,641","0.51","1.16","5.67","0.26","10.97","1.16","62.64"
"7844","マーベラス","東P","534","+2.0(+0.38%)","0.38","50,718","-0.26","1.92","31.20","0.60","25.23","0.83","66.18"
"7846","パイロットコーポレーション","東P","2110.0","+10.0(+0.48%)","0.48","233,304","-0.68","0.83","27.65","0.34","28.14","0.39","65.84"
"7847","グラファイトデザイン","東S","671","-14.0(-2.04%)","-2.04","5,790","-2.10","2.32","12.96","1.62","21.65","0.66","65.77"
"7849","スターツ出版","東S","3000","-5.0(-0.17%)","-0.17","12,032","-0.30","-1.10","3.06","3.08","28.52","-0.92","47.60"
"7850","総合商研","東S","797","+0.0(+0.00%)","0.00","797","-0.10","-0.93","0.76","0.11","20.32","-0.86","34.09"
"7856","萩原工業","東P","2062","-17.0(-0.82%)","-0.82","186,142","-0.24","4.54","28.88","0.84","21.40","1.21","58.89"
"7857","セキ","東S","1275","-3.0(-0.23%)","-0.23","767","-0.75","-1.04","1.35","0.29","10.49","-1.94","47.37"
"7859","アルメディオ","東S","264","+10.0(+3.94%)","3.94","14,099","0.00","-0.99","67.09","0.60","51.71","-0.17","43.42"
"7860","エイベックス","東P","1218","-1.0(-0.08%)","-0.08","121,121","-1.77","-3.78","6.19","0.62","19.91","-2.06","38.85"
"7863","平賀","東S","949","+13.0(+1.39%)","1.39","570","0.66","0.78","10.35","0.55","18.91","0.88","46.85"
"7864","フジシールインターナショナル","東P","3345","+40.0(+1.21%)","1.21","255,898","0.06","0.90","35.98","0.74","19.98","0.62","64.47"
"7865","ピープル","東S","330","+0.0(+0.00%)","0.00","66","-0.54","-2.11","1.85","0.13","27.51","-0.88","30.00"
"7867","タカラトミー","東P","4187.0","-65.0(-1.53%)","-1.53","1,638,774","0.77","9.43","67.75","0.53","34.81","1.65","87.24"
"7868","広済堂ＨＬＤＧ","東P","537","-7.0(-1.29%)","-1.29","568,846","-0.52","-0.57","20.13","4.24","28.75","-0.22","49.41"
"7870","福島印刷","名M","365","+0.0(+0.00%)","0.00","366","0.22","0.03","1.39","3.33","17.41","0.07","50.00"
"7871","フクビ化学工業","東S","1003","-2.0(-0.20%)","-0.20","1,303","-0.97","-0.90","18.56","0.38","22.64","-0.68","51.46"
"7872","エステールＨＬＤＧ","東S","611","-4.0(-0.65%)","-0.65","864","-0.75","-0.95","5.34","0.37","6.14","-2.96","37.50"
"7874","レック","東P","970","+16.0(+1.68%)","1.68","39,252","0.58","0.77","13.19","0.74","16.29","0.74","55.56"
"7875","竹田ｉＰＨＬＤＧ","東S","880","+4.0(+0.46%)","0.46","11,217","1.36","6.81","46.67","0.79","36.26","2.08","78.63"
"7877","永大化工","東S","2208","+9.0(+0.41%)","0.41","441","0.85","0.11","25.45","2.00","20.09","0.11","42.21"
"7878","光・彩","東S","1117","+17.0(+1.55%)","1.55","3,318","-1.98","-16.82","32.82","0.18","62.45","-1.36","25.88"
"7879","ノダ","東S","674","-2.0(-0.30%)","-0.30","5,675","-0.06","-0.09","6.31","1.50","12.68","-0.17","51.35"
"7883","サンメッセ","東S","460","+2.0(+0.44%)","0.44","132,260","-4.37","10.25","31.81","1.27","44.03","1.29","65.05"
"7885","タカノ","東S","1063","-2.0(-0.19%)","-0.19","7,543","-2.58","-5.65","34.90","0.58","23.43","-2.71","22.38"
"7886","ヤマト　モビリティ　＆　Ｍｆｇ","東S","574","+4.0(+0.70%)","0.70","1,694","-1.07","-5.31","13.89","2.14","31.38","-0.93","44.10"
"7887","南海プライウッド","東S","1534","-26.0(-1.67%)","-1.67","2,491","-0.60","-1.79","8.64","0.62","22.94","-1.55","35.22"
"7888","三光合成","東P","914","-15.0(-1.61%)","-1.61","45,703","0.02","1.81","22.52","0.57","44.34","0.89","60.00"
"7893","プロネクサス","東P","1079","-2.0(-0.19%)","-0.19","27,378","-1.35","-2.87","5.89","0.48","20.28","-1.42","42.00"
"7896","セブン工業","東S","506","+2.0(+0.40%)","0.40","51","0.44","0.00","4.12","0.07","7.90","0.00","47.37"
"7897","ホクシン","東S","114","-4.0(-3.39%)","-3.39","47,072","-4.04","4.51","18.75","0.53","58.46","0.76","56.14"
"7898","ウッドワン","東S","925","-5.0(-0.54%)","-0.54","6,917","-0.96","-0.37","9.99","4.11","15.14","-0.31","50.54"
"7901","マツモト","東S","968","+150.0(+18.34%)","18.34","48,770","15.51","15.83","39.88","38.77","46.45","3.10","66.57"
"7902","ソノコム","東S","1122","+15.0(+1.36%)","1.36","1,789","0.27","0.68","21.30","2.29","26.27","0.48","48.91"
"7906","ヨネックス","東S","2317","-2.0(-0.09%)","-0.09","674,098","-1.35","-7.67","6.24","0.54","35.01","-1.11","32.46"
"7908","きもと","東S","245","+2.0(+0.82%)","0.82","2,835","0.08","1.83","11.87","0.31","18.64","1.23","68.00"
"7911","ＴＯＰＰＡＮＨＬＤＧ","東P","2413.5","+51.0(+2.16%)","2.16","2,525,174","0.60","-1.42","4.37","0.35","47.31","-0.40","41.95"
"7912","大日本印刷","東P","2984.0","+32.0(+1.08%)","1.08","1,642,080","0.52","-1.65","19.29","0.34","25.04","-0.85","44.19"
"7914","共同印刷","東P","1718","-7.0(-0.41%)","-0.41","44,056","-1.51","-1.79","17.35","0.46","18.52","-1.46","47.41"
"7915","ＮＩＳＳＨＡ","東P","1065","-95.0(-8.19%)","-8.19","1,562,703","-7.50","-12.08","3.90","3.12","32.52","-2.56","27.97"
"7916","光村印刷","東S","1879","+0.0(+0.00%)","0.00","188","-0.77","-1.04","7.00","0.05","18.02","-1.07","49.78"
"7917","ＺＡＣＲＯＳ","東P","1219","-4.0(-0.33%)","-0.33","59,103","-1.28","-2.40","8.26","0.27","33.61","-1.35","49.13"
"7918","ヴィアＨＬＤＧ","東S","105","-1.0(-0.94%)","-0.94","2,013","-0.38","-1.24","10.53","0.54","15.22","-1.80","41.67"
"7919","野崎印刷紙業","東S","222","-1.0(-0.45%)","-0.45","289","-1.33","-1.96","21.31","0.11","18.99","-1.98","37.93"
"7921","ＴＡＫＡＲＡ＆ＣＯＭＰＡＮＹ","東P","4050","-95.0(-2.29%)","-2.29","91,660","-1.91","-2.85","45.53","0.38","45.49","-1.07","50.00"
"7927","ムトー精工","東S","2360","-11.0(-0.46%)","-0.46","12,488","-0.54","2.00","23.11","0.49","20.44","0.98","75.23"
"7928","旭化学工業","東S","616","+0.0(+0.00%)","0.00","430","0.16","-0.84","6.02","0.18","13.79","-0.37","52.94"
"7931","未来工業","東P","3620","+20.0(+0.56%)","0.56","33,298","-0.33","-0.97","29.29","0.45","28.64","-0.80","52.25"
"7932","ニッピ","東S","11240","-150.0(-1.32%)","-1.32","138,953","-1.28","-3.28","1.26","1.86","22.18","-1.89","30.53"
"7936","アシックス","東P","4245.0","+25.0(+0.59%)","0.59","6,263,962","1.66","0.58","15.86","0.31","41.52","0.13","61.98"
"7937","ツツミ","東S","2476","-24.0(-0.96%)","-0.96","34,422","-1.79","-4.60","0.53","0.92","19.32","-1.65","28.51"
"7938","リーガルコーポレーション","東S","2105","-8.0(-0.38%)","-0.38","1,475","-0.76","-1.25","3.19","0.58","12.39","-1.18","40.71"
"7939","研創","東S","597","-2.0(-0.33%)","-0.33","717","-0.10","-0.76","8.15","1.50","15.79","-1.44","48.84"
"7942","ＪＳＰ","東P","3005","+0.0(+0.00%)","0.00","48,813","-0.19","0.14","33.61","0.39","31.18","0.04","70.80"
"7943","ニチハ","東P","2873","-31.0(-1.07%)","-1.07","83,016","-2.70","-4.99","3.12","0.39","24.87","-2.13","36.81"
"7944","ローランド","東P","3675","-55.0(-1.47%)","-1.47","170,726","-1.24","-2.28","2.65","0.61","33.29","-1.23","50.00"
"7947","エフピコ","東P","2786","-5.0(-0.18%)","-0.18","245,990","-0.41","-1.01","24.21","0.52","20.96","-0.90","45.90"
"7949","小松ウオール工業","東P","2774","-13.0(-0.47%)","-0.47","64,432","-0.77","-1.65","16.85","0.39","16.46","-1.69","42.90"
"7951","ヤマハ","東P","1220.5","-0.5(-0.04%)","-0.04","1,474,210","-1.17","-4.36","19.83","0.51","27.70","-1.28","41.75"
"7952","河合楽器製作所","東P","3435","+40.0(+1.18%)","1.18","18,668","1.45","1.75","30.71","0.61","28.92","0.55","65.74"
"7953","菊水化学工業","東S","405","-1.0(-0.25%)","-0.25","1,295","-0.05","0.85","7.71","0.20","9.80","1.30","63.16"
"7955","クリナップ","東P","937","+0.0(+0.00%)","0.00","24,925","-1.20","-3.27","11.02","0.58","18.63","-1.46","38.39"
"7956","ピジョン","東P","2042.0","+1.5(+0.07%)","0.07","573,646","0.24","0.26","30.31","0.38","21.79","0.08","66.97"
"7957","フジコピアン","東S","2356","-23.0(-0.97%)","-0.97","506,202","-2.90","-7.55","71.47","7.44","48.32","-2.51","18.40"
"7962","キングジム","東P","788","+2.0(+0.25%)","0.25","10,905","-0.68","-1.29","3.82","0.44","10.90","-1.11","45.31"
"7963","興研","東S","1792","-5.0(-0.28%)","-0.28","1,257","-0.37","-1.05","7.24","0.19","15.94","-1.22","35.77"
"7965","象印マホービン","東P","1435","-11.0(-0.76%)","-0.76","97,248","-1.02","-1.84","8.55","0.55","16.23","-1.59","45.52"
"7966","リンテック","東P","5890","+0.0(+0.00%)","0.00","1,377,587","0.72","6.79","33.11","0.40","49.08","1.74","84.82"
"7970","信越ポリマー","東P","2439","+37.0(+1.54%)","1.54","174,867","2.38","8.08","28.84","0.38","34.40","2.48","89.59"
"7971","東リ","東S","668","-12.0(-1.76%)","-1.76","40,263","-1.91","-4.53","14.19","1.24","22.50","-2.65","24.66"
"7972","イトーキ","東P","2425","-34.0(-1.38%)","-1.38","354,998","-1.37","-3.68","2.97","0.85","38.60","-1.30","42.54"
"7974","任天堂","東P","7929.0","-15.0(-0.19%)","-0.19","32,881,181","-0.56","-6.28","21.16","0.62","39.58","-1.33","31.25"
"7975","リヒトラブ","東S","1182","-4.0(-0.34%)","-0.34","2,492","0.02","1.37","11.83","0.43","13.50","1.20","54.61"
"7976","三菱鉛筆","東P","3440","-30.0(-0.86%)","-0.86","174,420","0.41","7.02","60.60","0.35","23.02","1.64","84.31"
"7979","松風","東P","2241","+25.0(+1.13%)","1.13","56,772","-0.60","-1.02","38.33","0.32","28.31","-0.45","50.13"
"7980","重松製作所","東S","844","-15.0(-1.75%)","-1.75","4,919","-1.10","-1.21","8.90","0.54","18.43","-0.84","53.54"
"7981","タカラスタンダード","東P","3020","-15.0(-0.49%)","-0.49","111,906","-1.72","-2.59","15.00","0.45","24.74","-2.02","40.98"
"7983","ミロク","東S","1158","-4.0(-0.34%)","-0.34","468","-0.29","-3.64","14.65","0.14","45.32","-0.95","29.23"
"7984","コクヨ","東P","871.8","+3.6(+0.41%)","0.41","377,058","-1.02","-3.57","13.75","0.41","17.15","-1.95","26.78"
"7986","日本アイ・エス・ケイ","東S","1918","+4.0(+0.21%)","0.21","1,343","-0.01","0.12","9.85","0.44","15.97","0.23","52.59"
"7987","ナカバヤシ","東S","553","-3.0(-0.54%)","-0.54","20,512","-1.43","-1.89","2.22","0.78","14.23","-1.51","50.00"
"7988","ニフコ","東P","2422.5","+23.5(+0.98%)","0.98","477,875","0.03","-2.60","3.09","0.34","23.57","-1.08","41.86"
"7989","立川ブラインド工業","東P","2632","-41.0(-1.53%)","-1.53","73,796","-1.42","-1.73","37.87","0.93","14.68","-1.72","43.33"
"7990","グローブライド","東P","2366","-4.0(-0.17%)","-0.17","90,419","-1.63","-2.39","16.72","0.68","35.36","-1.23","51.39"
"7991","マミヤ・オーピー","東S","1054","-5.0(-0.47%)","-0.47","1,793","-0.49","-1.55","4.25","0.23","21.02","-1.50","28.99"
"7992","セーラー万年筆","東S","103","+0.0(+0.00%)","0.00","3,053","0.39","-0.62","4.04","1.27","17.77","-0.50","46.15"
"7994","オカムラ","東P","2242","-15.0(-0.66%)","-0.66","201,428","-2.23","-4.60","2.42","0.24","15.35","-2.51","31.88"
"7995","バルカー","東P","6840","+10.0(+0.15%)","0.15","313,628","1.24","3.72","70.36","0.85","45.59","1.54","76.85"
"7997","くろがね工作所","東S","1143","+0.0(+0.00%)","0.00","4,988","1.38","4.53","22.90","0.81","15.94","2.51","82.93"
"8001","伊藤忠商事","東P","2206.5","-1.0(-0.05%)","-0.05","17,622,349","0.21","-0.81","22.45","0.36","24.23","-0.23","42.28"
"8002","丸紅","東P","4807.0","-17.0(-0.35%)","-0.35","9,095,313","-0.29","-3.51","9.05","0.36","28.11","-1.48","35.91"
"8005","スクロール","東P","1758","-1.0(-0.06%)","-0.06","69,877","-0.76","-1.44","40.98","0.23","23.78","-0.68","46.18"
"8006","ユアサ・フナショク","東S","1477","-8.0(-0.54%)","-0.54","7,720","-0.09","-1.84","10.39","4.73","22.17","-0.98","32.79"
"8007","高島","東P","780","-5.0(-0.64%)","-0.64","56,263","-1.07","-2.97","14.71","0.54","14.82","-1.66","39.29"
"8008","ヨンドシーＨＬＤＧ","東P","2107","+19.0(+0.91%)","0.91","54,822","0.47","-0.11","20.74","0.51","22.21","-0.07","56.31"
"8011","三陽商会","東P","1317","-31.0(-2.30%)","-2.30","111,943","-1.92","-9.07","2.49","0.57","40.50","-0.82","47.06"
"8012","長瀬産業","東P","1165.0","+1.5(+0.13%)","0.13","295,344","-0.27","0.73","9.08","0.20","31.74","0.46","65.58"
"8013","ナイガイ","東S","383","+3.0(+0.79%)","0.79","1,213","0.47","3.69","37.28","1.45","19.34","1.62","70.97"
"8014","蝶理","東P","4130","-25.0(-0.60%)","-0.60","41,639","-1.22","-2.60","9.69","0.57","17.81","-1.68","50.00"
"8015","豊田通商","東P","7217.0","-9.0(-0.12%)","-0.12","7,659,338","-0.83","-3.40","33.62","0.40","33.62","-1.79","40.62"
"8016","オンワードＨＬＤＧ","東P","706","-9.0(-1.26%)","-1.26","439,830","-1.23","-3.06","1.44","1.10","19.68","-0.94","48.78"
"8018","三共生興","東S","840","+9.0(+1.08%)","1.08","20,937","0.12","-1.80","20.17","0.64","23.18","-0.74","48.65"
"8020","兼松","東P","2245.5","+3.0(+0.13%)","0.13","773,087","-1.38","-1.26","25.34","0.44","21.89","-0.68","49.22"
"8022","美津濃","東P","4135","+50.0(+1.22%)","1.22","620,005","0.36","1.77","35.35","0.61","35.36","0.98","54.46"
"8023","ＤＡＩＫＯ　ＸＴＥＣＨ","東S","1016","+1.0(+0.10%)","0.10","3,234","-0.70","-2.51","16.65","0.28","19.42","-1.88","39.73"
"8025","ツカモトコーポレーション","東S","1401","+43.0(+3.17%)","3.17","4,589","4.19","5.68","18.63","2.06","23.33","2.89","89.06"
"8029","ルックＨＬＤＧ","東S","2750","+0.0(+0.00%)","0.00","13,700","0.70","2.69","14.63","0.31","13.76","2.02","70.12"
"8030","中央魚類","東S","3885","-20.0(-0.51%)","-0.51","2,724","-0.66","-0.13","15.28","1.40","12.03","-0.11","43.86"
"8031","三井物産","東P","4914.0","-16.0(-0.32%)","-0.32","13,944,693","-0.79","-2.84","11.50","0.40","27.57","-1.32","41.87"
"8032","日本紙パルプ商事","東P","1249","+12.0(+0.97%)","0.97","151,194","-0.40","1.12","40.34","0.50","25.72","0.54","62.89"
"8035","東京エレクトロン","東P","12490.0","+675.0(+5.71%)","5.71","143,285,928","6.98","14.36","10.83","0.76","58.84","2.91","74.87"
"8037","カメイ","東P","4630","-95.0(-2.01%)","-2.01","288,888","-5.55","-1.79","55.68","0.67","30.42","-0.35","59.30"
"8039","築地魚市場","東S","3495","-10.0(-0.29%)","-0.29","2,793","0.23","-0.03","3.71","2.00","12.47","-0.03","50.00"
"8040","東京ソワール","東S","1050","-10.0(-0.94%)","-0.94","2,225","-0.32","0.16","4.37","2.10","9.80","0.31","56.41"
"8041","ＯＵＧ　ＨＬＤＧ","東S","4325","-60.0(-1.37%)","-1.37","27,275","-2.61","-5.90","13.82","1.43","18.42","-2.78","26.45"
"8043","スターゼン","東P","1511","+24.0(+1.61%)","1.61","123,308","-0.62","-1.53","39.91","0.47","26.44","-0.82","49.78"
"8045","横浜丸魚","東S","2030","-20.0(-0.98%)","-0.98","1,223","-1.77","-0.97","55.91","0.55","34.36","-0.62","43.56"
"8046","丸藤シートパイル","東S","972","-12.0(-1.22%)","-1.22","9,274","-1.22","-2.15","20.00","1.10","22.36","-1.36","39.71"
"8050","セイコーグループ","東P","10500","+660.0(+6.71%)","6.71","2,551,229","3.63","2.62","91.96","0.48","76.39","0.34","67.43"
"8051","山善","東P","2017","+84.0(+4.35%)","4.35","377,013","1.46","2.59","50.19","1.16","25.30","1.22","63.92"
"8052","椿本興業","東P","2979","+40.0(+1.36%)","1.36","93,721","0.72","1.91","14.58","0.67","23.94","1.53","64.72"
"8053","住友商事","東P","1748.0","-22.0(-1.24%)","-1.24","7,999,819","-1.11","-2.77","17.39","0.41","31.63","-1.41","38.47"
"8056","ＢＩＰＲＯＧＹ","東P","4652.0","+11.0(+0.24%)","0.24","640,053","-1.05","-1.84","15.26","0.38","38.75","-1.17","49.65"
"8057","内田洋行","東P","2231","+3.0(+0.13%)","0.13","114,528","-0.21","-0.80","16.44","0.37","27.95","-0.29","50.82"
"8058","三菱商事","東P","4709.0","-60.0(-1.26%)","-1.26","17,858,753","-1.04","-3.43","30.44","0.41","28.61","-1.48","38.81"
"8059","第一実業","東P","3515","-5.0(-0.14%)","-0.14","158,596","-1.73","-3.93","23.59","0.46","29.90","-1.78","40.22"
"8060","キヤノンマーケティングジャパン","東P","3772.0","+82.0(+2.22%)","2.22","467,074","1.52","2.86","14.20","0.36","21.58","1.39","68.79"
"8061","西華産業","東P","2981","-54.0(-1.78%)","-1.78","181,058","-1.85","-2.55","31.32","0.46","40.85","-0.88","53.60"
"8065","佐藤商事","東P","2955","+5.0(+0.17%)","0.17","156,892","-1.79","-11.08","33.95","0.43","46.69","-1.27","28.05"
"8066","三谷商事","東S","3495","-65.0(-1.83%)","-1.83","30,503","-2.48","-1.35","68.51","0.35","40.38","-0.67","54.46"
"8070","東京産業","東P","1002","-11.0(-1.09%)","-1.09","72,539","-1.55","1.02","30.98","0.88","25.32","0.38","64.56"
"8074","ＹＵＡＳＡ","東P","6200","-50.0(-0.80%)","-0.80","76,704","-1.81","-2.90","21.09","0.36","21.63","-1.85","39.08"
"8075","神鋼商事","東P","3155","+5.0(+0.16%)","0.16","97,704","-0.66","0.95","40.53","0.70","26.34","0.60","66.18"
"8076","カノークス","東S","2090","+4.0(+0.19%)","0.19","2,929","-0.91","-1.09","9.37","0.27","12.89","-1.15","45.76"
"8077","トルク","東S","209","+0.0(+0.00%)","0.00","399","-0.57","-1.86","5.56","0.12","13.45","-1.72","37.50"
"8078","阪和興業","東P","1874","-15.0(-0.79%)","-0.79","350,152","-1.12","-1.78","28.27","0.36","27.62","-1.13","44.19"
"8079","正栄食品工業","東P","4345","-30.0(-0.69%)","-0.69","277,336","-1.38","-2.81","11.55","0.73","15.73","-2.22","28.57"
"8081","カナデン","東P","2634","+24.0(+0.92%)","0.92","47,202","0.44","2.95","29.69","0.45","24.14","1.24","76.73"
"8084","ＲＹＯＤＥＮ","東P","2401","+49.0(+2.08%)","2.08","142,776","-0.05","0.69","4.30","0.54","27.59","0.46","57.63"
"8085","ナラサキ産業","東S","4400","-85.0(-1.90%)","-1.90","3,123","0.00","3.24","13.26","0.41","17.66","1.53","63.28"
"8086","ニプロ","東P","1355.5","-13.0(-0.95%)","-0.95","498,126","-2.91","-7.72","1.27","0.36","24.05","-1.95","26.73"
"8088","岩谷産業","東P","2022.0","-13.0(-0.64%)","-0.64","702,151","-1.97","-5.67","23.29","0.47","32.55","-1.92","35.57"
"8089","ナイス","東S","1915","-7.0(-0.36%)","-0.36","1,149","-1.52","-3.46","6.39","0.40","11.82","-2.61","22.22"
"8091","ニチモウ","東P","2382","-23.0(-0.96%)","-0.96","9,990","-0.69","-1.21","13.86","0.28","16.07","-1.02","50.81"
"8093","極東貿易","東P","1770","+0.0(+0.00%)","0.00","19,207","-1.03","-1.63","5.67","0.43","15.11","-1.14","48.70"
"8095","アステナＨＬＤＧ","東P","545","+11.0(+2.06%)","2.06","102,463","2.52","2.94","18.48","1.05","17.35","1.35","69.70"
"8097","三愛オブリ","東P","2399","-6.0(-0.25%)","-0.25","121,717","-1.51","-1.61","18.88","0.43","17.98","-1.15","49.83"
"8098","稲畑産業","東P","4410","-30.0(-0.68%)","-0.68","237,422","-1.17","-0.95","19.51","0.39","17.96","-0.49","46.62"
"8101","ＧＳＩクレオス","東P","2531","-30.0(-1.17%)","-1.17","83,053","-1.49","-4.18","14.52","1.26","25.54","-1.80","32.29"
"8103","明和産業","東P","991","-8.0(-0.80%)","-0.80","43,041","-1.00","1.00","31.78","0.35","18.74","0.63","64.89"
"8104","クワザワＨＬＤＧ","東S","807","-16.0(-1.94%)","-1.94","10,069","-0.57","9.10","42.33","2.21","25.35","1.59","76.19"
"8105","Ｂｉｔｃｏｉｎ　Ｊａｐａｎ","東S","75","-2.0(-2.60%)","-2.60","25,903","-0.79","-6.81","2.74","0.36","79.66","-0.94","45.00"
"8107","キムラタン","東S","30","+0.0(+0.00%)","0.00","852","0.00","-1.96","0.00","0.22","27.04","-1.06","33.33"
"8111","ゴールドウイン","東P","2115.0","-4.0(-0.19%)","-0.19","241,552","-1.06","-0.85","4.14","0.30","29.57","-0.54","51.09"
"8113","ユニ・チャーム","東P","936.5","-1.6(-0.17%)","-0.17","1,699,415","-0.95","-3.04","7.07","0.37","23.94","-1.60","38.21"
"8115","ムーンバット","東S","1316","+0.0(+0.00%)","0.00","395","-0.68","-0.31","5.03","1.50","32.26","-0.37","50.00"
"8117","中央自動車工業","東S","2130","-13.0(-0.61%)","-0.61","196,010","-0.77","-2.15","19.66","0.26","26.49","-0.82","48.44"
"8118","キング","東S","1180","-50.0(-4.07%)","-4.07","962","-1.63","-0.73","28.68","0.17","26.66","-0.52","50.00"
"8119","三栄コーポレーション","東S","784","-1.0(-0.13%)","-0.13","235","-0.28","-0.48","4.53","0.27","11.93","-0.52","43.48"
"8123","川辺","東S","1407","+17.0(+1.22%)","1.22","975","1.01","0.02","7.40","3.50","15.09","0.02","46.10"
"8125","ワキタ","東P","1926","-4.0(-0.21%)","-0.21","57,804","-0.85","-1.68","19.70","0.27","15.25","-1.71","36.88"
"8127","ヤマトインターナショナル","東S","521","+3.0(+0.58%)","0.58","2,592","-0.34","-3.02","1.36","0.40","15.49","-0.92","30.36"
"8129","東邦ＨＬＤＧ","東P","3823.0","-131.0(-3.31%)","-3.31","674,746","-3.33","-3.80","6.97","1.31","28.26","-3.08","37.23"
"8130","サンゲツ","東P","3165","+15.0(+0.48%)","0.48","179,334","-0.41","-0.91","12.31","0.36","14.99","-1.02","49.15"
"8131","ミツウロコグループＨＬＤＧ","東S","2463","+4.0(+0.16%)","0.16","54,345","-0.69","0.96","45.31","0.46","32.52","0.22","53.69"
"8132","シナネンＨＬＤＧ","東P","7590","+10.0(+0.13%)","0.13","21,021","-0.91","0.47","27.35","0.33","53.78","0.19","57.02"
"8133","伊藤忠エネクス","東P","2264","+5.0(+0.22%)","0.22","178,078","-1.33","-1.47","22.18","0.56","22.42","-0.75","50.80"
"8135","ゼット","東S","435","-2.0(-0.46%)","-0.46","2,701","0.28","-0.19","8.21","1.29","17.98","-0.15","47.06"
"8136","サンリオ","東P","1188.0","+0.5(+0.04%)","0.04","8,144,487","-0.02","-3.32","45.09","0.73","62.06","-0.98","39.81"
"8137","サンワテクノス","東P","4815","+65.0(+1.37%)","1.37","105,219","0.82","9.41","61.52","0.50","34.61","1.65","83.10"
"8141","新光商事","東P","1571","+1.0(+0.06%)","0.06","15,695","0.05","0.24","51.93","0.76","7.48","2.04","60.00"
"8142","トーホー","東P","1404","+19.0(+1.37%)","1.37","96,193","1.08","-0.36","13.87","0.82","18.95","-0.24","41.13"
"8143","ラピーヌ","東S","154","+2.0(+1.32%)","1.32","17,660","-1.79","0.76","14.07","2.40","75.23","0.07","54.17"
"8145","中部水産","名M","3275","-15.0(-0.46%)","-0.46","328","-1.09","0.15","13.13","1.00","17.32","0.15","54.17"
"8147","トミタ","東S","1463","-12.0(-0.81%)","-0.81","5,174","-0.05","2.67","26.01","2.69","24.43","1.34","62.27"
"8150","三信電気","東P","3365","+65.0(+1.97%)","1.97","74,088","1.17","2.80","30.88","0.63","26.74","1.15","73.42"
"8151","東陽テクニカ","東P","1884","+15.0(+0.80%)","0.80","118,989","-0.44","-0.01","14.32","0.45","26.29","-0.00","50.97"
"8152","ソマール","東S","7160","-20.0(-0.28%)","-0.28","2,148","-0.36","-1.00","36.38","0.27","36.39","-0.79","45.33"
"8153","モスフードサービス","東P","3840","+40.0(+1.05%)","1.05","278,026","-0.16","-2.12","12.28","0.42","19.18","-1.59","38.16"
"8154","加賀電子","東P","5490","-50.0(-0.90%)","-0.90","327,837","-0.83","8.46","51.87","0.29","32.83","1.63","85.92"
"8157","都築電気","東P","4295","+55.0(+1.30%)","1.30","79,132","0.68","1.85","29.76","0.37","35.59","1.07","63.09"
"8158","ソーダニッカ","東P","1319","+0.0(+0.00%)","0.00","42,730","-0.36","-0.92","31.64","0.65","24.66","-0.48","54.55"
"8159","立花エレテック","東P","4295","+20.0(+0.47%)","0.47","39,852","-0.81","3.93","55.84","0.30","36.98","1.32","75.00"
"8160","木曽路","東P","2320","-17.0(-0.73%)","-0.73","182,755","-1.33","-4.75","4.13","0.97","14.73","-2.44","10.38"
"8163","ＳＲＳ　ＨＬＤＧ","東P","1398","-31.0(-2.17%)","-2.17","285,077","-4.55","-8.33","25.16","1.26","32.01","-2.83","26.95"
"8165","千趣会","東S","100","+0.0(+0.00%)","0.00","21,619","-0.79","-3.18","0.00","0.79","20.30","-1.25","22.22"
"8166","タカキュー","東S","78","+0.0(+0.00%)","0.00","1,147","0.00","-0.41","2.63","0.19","12.57","-0.69","33.33"
"8167","リテールパートナーズ","東P","1446","+19.0(+1.33%)","1.33","44,700","0.71","2.22","18.52","0.34","25.35","1.30","61.17"
"8173","Ｊｏｓｈｉｎ","東P","4345","+35.0(+0.81%)","0.81","549,052","-1.05","1.07","63.10","0.68","34.88","0.38","65.96"
"8174","日本瓦斯","東P","942.2","+6.2(+0.66%)","0.66","490,253","-3.32","-6.61","3.03","0.22","23.84","-2.38","27.67"
"8179","ロイヤルＨＬＤＧ","東P","1314","+7.0(+0.54%)","0.54","146,135","0.55","-2.26","10.98","0.42","22.79","-1.11","31.20"
"8181","東天紅","東S","1015","-11.0(-1.07%)","-1.07","814","0.06","2.11","6.84","0.47","13.96","1.87","65.79"
"8185","チヨダ","東P","985","-3.0(-0.30%)","-0.30","54,831","-0.89","-1.68","6.03","0.60","17.34","-0.62","43.00"
"8190","ヤマナカ","名M","517","-1.0(-0.19%)","-0.19","414","-0.04","-0.33","0.39","0.67","3.19","-1.65","40.00"
"8194","ライフコーポレーション","東P","2651","+14.0(+0.53%)","0.53","269,278","-0.56","-1.86","14.17","0.40","24.07","-1.41","38.87"
"8198","マックスバリュ東海","東S","3355","+5.0(+0.15%)","0.15","28,741","0.06","-0.04","9.28","0.39","20.36","-0.03","44.09"
"8200","リンガーハット","東P","2295","+24.0(+1.06%)","1.06","98,986","0.97","-0.74","13.17","0.57","21.50","-0.54","38.89"
"8202","ラオックスＨＬＤＧ","東S","149","+1.0(+0.68%)","0.68","3,626","0.27","0.59","5.67","0.58","9.56","1.24","55.56"
"8203","ＭｒＭａｘＨＤ","東P","740","+3.0(+0.41%)","0.41","18,884","-0.70","-3.13","6.78","0.32","19.17","-1.27","39.13"
"8207","テンアライド","東S","291","+1.0(+0.34%)","0.34","3,573","-1.56","-2.97","5.43","0.42","11.89","-2.34","30.77"
"8214","ＡＯＫＩ　ＨＬＤＧ","東P","1677","+2.0(+0.12%)","0.12","207,942","-1.38","-3.05","13.23","0.50","16.19","-1.60","41.76"
"8217","オークワ","東P","780","+9.0(+1.17%)","1.17","77,945","0.23","-2.04","4.00","0.69","15.44","-1.36","39.33"
"8218","コメリ","東P","3750","+30.0(+0.81%)","0.81","127,624","-1.42","-3.14","16.64","0.33","30.03","-2.13","36.89"
"8219","青山商事","東P","726","+5.0(+0.69%)","0.69","289,815","-1.36","-4.47","9.67","0.54","18.73","-2.07","34.29"
"8225","タカチホ","東S","3695","+30.0(+0.82%)","0.82","370","0.22","1.78","16.93","1.00","24.72","1.11","55.38"
"8226","理経","東S","402","+6.0(+1.52%)","1.52","29,698","0.90","2.74","17.89","2.20","29.99","1.26","66.67"
"8227","しまむら","東P","3244.0","-33.0(-1.01%)","-1.01","1,244,275","0.56","-0.00","4.11","0.38","25.10","-0.00","45.53"
"8228","マルイチ産商","名M","1055","-9.0(-0.85%)","-0.85","9,159","0.21","-1.90","1.34","0.48","7.70","-0.86","34.15"
"8230","はせがわ","東S","300","-1.0(-0.33%)","-0.33","2,585","-1.12","-2.76","0.00","0.38","8.66","-2.34","22.22"
"8233","高島屋","東P","2084.5","-22.0(-1.04%)","-1.04","1,657,324","-1.23","-5.35","26.91","0.41","32.86","-0.91","41.56"
"8237","松屋","東P","2171","-83.0(-3.68%)","-3.68","447,788","-2.74","-7.11","61.65","0.88","78.95","-0.67","44.63"
"8242","エイチ・ツー・オー　リテイリン","東P","2740.0","+13.0(+0.48%)","0.48","327,935","-1.81","-5.16","35.01","0.19","20.70","-1.67","33.89"
"8244","近鉄百貨店","東S","1877","+25.0(+1.35%)","1.35","26,459","0.10","-1.56","16.66","0.35","21.30","-0.62","56.15"
"8247","大和","東S","357","+0.0(+0.00%)","0.00","3,726","-1.38","7.97","60.81","2.94","40.91","1.53","70.13"
"8252","丸井グループ","東P","2783.5","-8.0(-0.29%)","-0.29","1,469,646","-1.35","-3.73","4.52","0.50","20.01","-1.92","34.59"
"8253","クレディセゾン","東P","4499.0","-16.0(-0.35%)","-0.35","2,004,592","-1.09","-2.93","15.92","0.58","23.06","-1.73","44.51"
"8254","さいか屋","東S","314","+2.0(+0.64%)","0.64","9,505","3.36","9.29","51.69","0.22","90.79","1.19","70.70"
"8255","アクシアル　リテイリング","東P","1289","+5.0(+0.39%)","0.39","122,150","-1.21","-0.80","31.26","0.46","22.50","-0.38","51.67"
"8260","井筒屋","東S","373","+0.0(+0.00%)","0.00","4,988","-1.74","-2.47","5.97","0.45","20.15","-1.46","48.15"
"8267","イオン","東P","1263.0","-26.0(-2.02%)","-2.02","7,499,560","-1.03","-6.15","0.92","0.46","29.72","-1.86","24.84"
"8273","イズミ","東P","960","+5.0(+0.52%)","0.52","125,159","-0.76","-4.71","11.37","0.35","22.09","-1.32","31.25"
"8275","フォーバル","東S","1070","+31.0(+2.98%)","2.98","55,229","4.05","6.13","9.63","0.76","17.10","3.87","76.52"
"8276","平和堂","東P","2578","-8.0(-0.31%)","-0.31","537,711","-1.55","-3.71","8.96","1.71","17.42","-2.53","33.03"
"8278","フジ","東P","2011","-4.0(-0.20%)","-0.20","121,705","-0.57","-2.22","7.37","0.31","19.21","-1.43","33.33"
"8281","ゼビオＨＬＤＧ","東P","1104","-3.0(-0.27%)","-0.27","54,082","-1.20","-2.72","16.09","0.35","22.21","-1.23","45.45"
"8282","ケーズＨＬＤＧ","東P","1756.0","-15.0(-0.85%)","-0.85","763,603","-2.78","-6.78","11.60","0.39","21.97","-2.28","33.88"
"8285","三谷産業","東S","814","+3.0(+0.37%)","0.37","27,224","-0.15","1.84","44.33","0.55","23.13","0.76","68.47"
"8291","日産東京販売ＨＬＤＧ","東S","545","+0.0(+0.00%)","0.00","17,669","-1.16","-1.00","9.44","0.36","17.19","-1.03","49.02"
"8303","ＳＢＩ新生銀行","東P","1536.5","-25.5(-1.63%)","-1.63","4,278,731","-2.67","-2.57","15.96","1.17","32.90","-1.33","48.73"
"8304","あおぞら銀行","東P","3492.0","+0.0(+0.00%)","0.00","2,935,349","-0.15","1.34","44.39","0.68","26.66","0.81","57.24"
"8306","三菱ＵＦＪ　ＦＧ","東P","3584.0","-116.0(-3.14%)","-3.14","138,247,583","-2.14","-2.04","42.42","0.76","30.88","-1.24","45.63"
"8308","りそなＨＬＤＧ","東P","2482.0","-67.0(-2.63%)","-2.63","20,034,387","-1.61","-0.52","63.88","0.74","36.48","-0.28","49.40"
"8309","三井住友トラストグループ","東P","1775.5","-8.5(-0.48%)","-0.48","13,422,467","-0.48","0.05","12.84","0.57","24.53","0.05","52.99"
"8316","三井住友ＦＧ","東P","3372.0","-99.0(-2.85%)","-2.85","53,165,274","-1.72","-2.04","0.54","0.54","31.29","-1.17","44.87"
"8331","千葉銀行","東P","2828.5","-21.5(-0.75%)","-0.75","5,132,948","0.12","1.49","60.35","0.63","32.15","0.83","56.68"
"8334","群馬銀行","東P","3089.0","-79.0(-2.49%)","-2.49","2,549,075","-1.95","5.52","78.55","0.55","34.10","1.27","63.50"
"8336","武蔵野銀行","東P","2888","-34.0(-1.16%)","-1.16","605,277","-1.24","2.00","44.40","0.72","33.11","0.86","63.37"
"8337","千葉興業銀行","東P","2775","-30.0(-1.07%)","-1.07","326,604","0.13","2.08","63.72","0.78","39.16","1.04","56.84"
"8338","筑波銀行","東P","795","-29.0(-3.52%)","-3.52","1,777,585","-0.05","5.83","95.33","0.89","52.89","1.53","61.97"
"8341","七十七銀行","東P","4100.0","-102.0(-2.43%)","-2.43","2,859,552","-1.35","2.06","44.34","0.85","34.42","0.76","59.71"
"8343","秋田銀行","東P","1999","-47.0(-2.30%)","-2.30","2,338,258","-1.63","7.09","5.16","1.06","42.80","1.28","64.44"
"8344","山形銀行","東P","5540","-200.0(-3.48%)","-3.48","1,261,909","-2.15","11.92","185.86","1.16","51.08","1.36","73.72"
"8345","岩手銀行","東P","2797","-64.0(-2.24%)","-2.24","979,973","-2.15","6.06","79.18","0.79","43.44","1.08","67.44"
"8346","東邦銀行","東P","1099","-36.0(-3.17%)","-3.17","1,523,614","-0.94","7.97","102.39","0.81","40.04","1.63","71.73"
"8349","東北銀行","東S","1617","-36.0(-2.18%)","-2.18","42,770","-1.52","-2.77","23.25","0.65","22.01","-1.81","43.03"
"8354","ふくおかＦＧ","東P","7794.0","-194.0(-2.43%)","-2.43","6,435,837","-1.45","-0.21","53.79","0.79","31.74","-0.15","51.80"
"8358","スルガ銀行","東P","2989","+49.0(+1.67%)","1.67","5,583,184","1.92","2.78","74.90","2.02","30.35","1.30","56.52"
"8359","八十二長野銀行","東P","2822.0","-48.5(-1.69%)","-1.69","2,982,417","-0.35","3.38","65.80","0.51","34.08","1.44","56.37"
"8360","山梨中央銀行","東P","1517","-13.0(-0.85%)","-0.85","655,146","-0.20","3.69","3.34","0.51","44.69","1.43","64.74"
"8361","大垣共立銀行","東P","1783","-9.0(-0.50%)","-0.50","1,070,836","0.63","6.92","4.45","0.52","42.44","1.93","79.15"
"8362","福井銀行","東P","8060","-110.0(-1.35%)","-1.35","646,542","-0.79","7.85","211.08","0.64","52.31","1.30","65.48"
"8364","清水銀行","東P","3235","-80.0(-2.41%)","-2.41","167,551","-1.01","1.93","39.14","1.42","44.62","0.93","54.67"
"8365","富山銀行","東S","2375","-49.0(-2.02%)","-2.02","14,088","-1.63","0.39","22.17","0.54","29.80","0.25","52.60"
"8366","滋賀銀行","東P","3030","-45.0(-1.46%)","-1.46","1,275,885","-0.16","5.34","67.59","0.50","42.33","1.63","65.18"
"8367","南都銀行","東P","2029","-33.0(-1.60%)","-1.60","503,490","-1.80","2.50","46.92","0.55","37.14","0.85","64.60"
"8368","百五銀行","東P","2561","-33.0(-1.27%)","-1.27","1,220,323","-1.19","5.07","121.54","0.45","46.20","1.28","73.94"
"8370","紀陽銀行","東P","1767","-17.0(-0.95%)","-0.95","485,169","-0.70","2.79","2.38","0.41","29.08","1.16","61.06"
"8377","ほくほくＦＧ","東P","880.8","-33.4(-3.65%)","-3.65","4,273,529","0.22","5.16","5.79","0.35","46.16","1.62","61.10"
"8381","山陰合同銀行","東P","2579","-28.0(-1.07%)","-1.07","712,215","-1.71","-0.82","78.35","0.50","29.00","-0.58","53.32"
"8383","鳥取銀行","東S","1946","-30.0(-1.52%)","-1.52","49,002","-1.27","0.02","36.85","2.12","27.32","0.01","55.70"
"8386","百十四銀行","東P","3235","-20.0(-0.61%)","-0.61","706,997","-0.43","3.78","58.89","0.63","36.75","1.44","68.10"
"8387","四国銀行","東P","4580","-195.0(-4.08%)","-4.08","1,840,146","-1.65","13.56","159.78","1.27","43.36","1.31","76.51"
"8388","阿波銀行","東P","2231","-1.0(-0.04%)","-0.04","1,153,233","0.66","9.29","4.69","0.66","38.05","1.88","74.13"
"8392","大分銀行","東P","3220","-75.0(-2.28%)","-2.28","432,552","-1.65","5.78","76.15","0.57","46.41","1.23","67.14"
"8393","宮崎銀行","東P","2915","-82.0(-2.74%)","-2.74","798,929","-1.94","8.06","65.44","0.66","46.23","1.32","76.07"
"8395","佐賀銀行","東P","6850","-150.0(-2.14%)","-2.14","362,077","-1.69","2.98","69.14","1.16","39.68","1.03","63.98"
"8398","筑邦銀行","福","2569","+9.0(+0.35%)","0.35","2,043","1.66","7.36","60.56","0.20","33.20","2.27","75.67"
"8399","琉球銀行","東P","3265","-80.0(-2.39%)","-2.39","488,980","-2.36","-0.12","76.96","0.95","35.91","-0.05","55.90"
"8410","セブン銀行","東P","342.8","-2.2(-0.64%)","-0.64","944,879","-0.68","0.61","30.94","0.70","21.66","0.54","57.11"
"8411","みずほＦＧ","東P","8607.0","-248.0(-2.80%)","-2.80","68,122,912","-0.75","0.30","49.04","0.58","36.70","0.16","50.17"
"8416","高知銀行","東S","1196","-20.0(-1.64%)","-1.64","27,587","0.93","3.78","22.42","0.46","40.29","1.22","69.09"
"8418","山口ＦＧ","東P","3500.0","-35.0(-0.99%)","-0.99","1,489,287","-0.41","6.60","64.63","0.48","33.86","1.57","70.89"
"8421","信金中央金庫　優先出資証券","東優","189300","-200.0(-0.11%)","-0.11","12,124","-0.85","-1.24","2.32","0.41","6.61","-2.02","35.05"
"8424","芙蓉総合リース","東P","4368.0","-79.0(-1.78%)","-1.78","331,799","-1.95","-2.11","8.76","0.22","18.93","-1.67","44.74"
"8425","みずほリース","東P","1310","-26.0(-1.95%)","-1.95","520,778","-2.49","-3.95","7.03","0.60","17.90","-2.70","38.61"
"8439","東京センチュリー","東P","2629.5","-10.5(-0.40%)","-0.40","748,756","-1.39","-1.63","35.61","0.41","26.17","-0.96","45.95"
"8473","ＳＢＩ　ＨＬＤＧ","東P","3165.0","+3.0(+0.09%)","0.09","3,631,819","-0.68","-3.50","20.30","0.33","37.79","-1.43","38.44"
"8508","Ｊトラスト","東S","789","-9.0(-1.13%)","-1.13","273,085","-1.03","2.28","73.03","0.71","53.12","0.66","60.45"
"8511","日本証券金融","東P","2420","-37.0(-1.51%)","-1.51","449,864","-2.23","-2.45","20.22","1.03","24.28","-1.53","45.50"
"8518","日本アジア投資","東S","149","+0.0(+0.00%)","0.00","1,391","-1.84","-0.93","29.57","0.42","36.02","-0.21","25.00"
"8522","名古屋銀行","東P","7240","-180.0(-2.43%)","-2.43","903,266","-1.95","0.90","66.44","0.61","36.23","0.42","57.93"
"8524","北洋銀行","東P","1366","-25.0(-1.80%)","-1.80","2,480,144","-0.39","3.59","60.14","1.03","40.82","1.35","60.91"
"8537","大光銀行","東S","3420","-50.0(-1.44%)","-1.44","148,732","0.23","7.66","64.19","1.62","36.62","1.75","79.46"
"8541","愛媛銀行","東P","3550","-65.0(-1.80%)","-1.80","746,693","-2.20","7.35","138.42","1.01","48.62","1.27","72.67"
"8542","トマト銀行","東S","1947","-20.0(-1.02%)","-1.02","130,133","-0.29","0.54","42.01","1.35","27.87","0.41","52.31"
"8544","京葉銀行","東P","2917","-63.0(-2.11%)","-2.11","721,473","-1.48","2.22","74.88","0.65","43.06","0.89","59.12"
"8550","栃木銀行","東P","1167","-29.0(-2.42%)","-2.42","849,647","-1.80","5.37","59.86","1.01","45.77","1.23","67.55"
"8551","北日本銀行","東P","2946","+12.0(+0.41%)","0.41","344,446","-0.88","6.63","3.84","0.62","40.11","1.21","66.13"
"8554","南日本銀行","福","1438","-16.0(-1.10%)","-1.10","1,014","-0.39","-1.04","49.64","0.26","24.06","-0.81","46.36"
"8558","東和銀行","東P","1534","-52.0(-3.28%)","-3.28","269,464","-2.28","2.31","57.98","0.95","45.09","0.80","58.82"
"8559","豊和銀行","福","502","-3.0(-0.59%)","-0.59","4,938","-0.08","1.68","11.56","1.46","12.91","1.36","61.82"
"8560","宮崎太陽銀行","福","2645","+10.0(+0.38%)","0.38","2,113","0.36","2.20","37.55","1.14","30.14","1.38","80.34"
"8562","福島銀行","東S","409","-8.0(-1.92%)","-1.92","102,295","0.34","5.26","53.18","0.68","30.28","1.59","65.22"
"8563","大東銀行","東S","1236","-4.0(-0.32%)","-0.32","80,916","0.73","5.01","36.73","1.92","23.07","1.86","69.27"
"8566","リコーリース","東P","6610","-20.0(-0.30%)","-0.30","187,549","-1.78","-3.03","15.16","0.58","17.52","-2.28","37.35"
"8570","イオンフィナンシャルサービス","東P","1518.5","-41.5(-2.66%)","-2.66","911,110","-3.69","-7.08","7.43","0.72","19.74","-2.42","33.60"
"8572","アコム","東S","458.9","-7.1(-1.52%)","-1.52","822,363","-2.87","-5.05","4.18","0.89","17.38","-2.90","32.30"
"8584","ジャックス","東P","3530","-35.0(-0.98%)","-0.98","398,360","-2.51","-5.67","6.01","0.53","19.27","-2.35","27.55"
"8585","オリエントコーポレーション","東P","804","-13.0(-1.59%)","-1.59","514,287","-2.52","-5.79","0.88","0.99","21.46","-2.42","33.33"
"8591","オリックス","東P","5892.0","-79.0(-1.32%)","-1.32","12,097,265","-1.89","-4.34","30.12","0.49","29.37","-1.98","43.50"
"8593","三菱ＨＣキャピタル","東P","1326.5","-14.5(-1.08%)","-1.08","3,668,279","-1.53","-4.18","7.02","0.49","22.84","-2.40","34.91"
"8595","ＪＡＦＣＯ","東P","2223.5","-11.5(-0.51%)","-0.51","497,035","-1.22","-2.60","4.66","0.37","11.85","-1.61","35.40"
"8596","九州リースサービス","東S","1534","-7.0(-0.45%)","-0.45","68,138","-1.46","-2.45","15.08","2.34","20.15","-1.17","44.85"
"8600","トモニＨＬＤＧ","東P","1189","-18.0(-1.49%)","-1.49","455,930","-1.62","3.51","51.08","0.67","33.90","1.01","68.58"
"8601","大和証券グループ本社","東P","1808.5","-0.5(-0.03%)","-0.03","4,933,607","-0.63","-1.39","31.34","0.38","28.33","-1.09","46.34"
"8604","野村ＨＬＤＧ","東P","1551.0","+0.0(+0.00%)","0.00","4,978,380","-0.74","-3.91","35.46","0.30","33.01","-1.53","36.17"
"8609","岡三証券グループ","東P","1240","+3.0(+0.24%)","0.24","338,785","-0.53","0.75","63.37","0.62","30.12","0.43","52.24"
"8613","丸三証券","東P","1254","+2.0(+0.16%)","0.16","169,475","-1.01","-2.75","27.83","0.43","21.56","-1.74","33.11"
"8614","東洋証券","東P","703","+2.0(+0.29%)","0.29","203,388","0.23","-2.33","19.56","0.70","25.04","-0.94","29.63"
"8616","東海東京フィナンシャルＨＬＤＧ","東P","890","+12.0(+1.37%)","1.37","1,104,704","0.14","-0.27","32.24","0.94","23.82","-0.17","51.66"
"8617","光世証券","東S","607","+4.0(+0.66%)","0.66","2,522","0.03","-1.39","35.49","1.08","25.55","-0.69","55.17"
"8622","水戸証券","東P","901","+1.0(+0.11%)","0.11","142,195","-0.55","-4.28","61.76","0.47","31.44","-1.43","32.72"
"8624","いちよし証券","東P","1668","+5.0(+0.30%)","0.30","172,930","-0.45","-2.11","55.89","0.67","38.31","-1.05","40.79"
"8628","松井証券","東P","1137","+45.0(+4.12%)","4.12","3,573,563","0.83","-3.01","33.61","2.93","29.69","-1.01","37.08"
"8630","ＳＯＭＰＯ　ＨＬＤＧ","東P","6630.0","-72.0(-1.07%)","-1.07","7,741,263","-1.85","-2.63","28.76","0.43","27.14","-1.65","49.46"
"8697","日本取引所グループ","東P","2329.0","+31.5(+1.37%)","1.37","3,452,580","1.09","3.78","45.84","0.37","31.22","1.74","65.71"
"8698","マネックスグループ","東P","705","+4.0(+0.57%)","0.57","666,725","-0.65","-2.65","15.76","0.60","30.41","-1.19","41.38"
"8699","ＨＳＨＬＤＧ","東S","1118","-7.0(-0.62%)","-0.62","22,136","-0.75","-1.28","1.82","0.42","16.73","-1.23","55.36"
"8700","丸八証券","東S","2091","-20.0(-0.95%)","-0.95","420","-1.70","-0.45","24.46","0.22","29.13","-0.19","47.86"
"8704","トレイダーズＨＬＤＧ","東S","1444","+14.0(+0.98%)","0.98","186,341","0.56","2.94","55.94","1.83","33.70","1.59","56.37"
"8705","日産証券グループ","東S","221","+3.0(+1.38%)","1.38","23,656","0.91","0.04","12.18","2.07","23.63","0.03","50.00"
"8706","極東証券","東P","1784","-8.0(-0.45%)","-0.45","238,144","-2.06","-5.71","18.62","0.65","23.03","-2.26","12.76"
"8707","岩井コスモＨＬＤＧ","東P","4665","-35.0(-0.74%)","-0.74","233,099","-0.68","-0.35","41.36","0.54","26.91","-0.27","50.38"
"8708","アイザワ証券グループ","東P","1692","-5.0(-0.29%)","-0.29","215,419","-1.28","-4.44","24.59","0.51","28.89","-1.55","34.49"
"8713","フィデアＨＬＤＧ","東P","2833","-61.0(-2.11%)","-2.11","228,324","-1.14","0.97","55.49","0.72","36.31","0.45","58.06"
"8714","池田泉州ＨＬＤＧ","東P","1140","-14.0(-1.21%)","-1.21","1,284,721","0.21","4.20","51.39","0.66","39.24","1.69","67.89"
"8715","アニコムＨＤ","東P","1004","-16.0(-1.57%)","-1.57","404,031","-1.88","-4.77","2.97","1.27","33.64","-1.40","38.66"
"8725","ＭＳ＆ＡＤインシュアランスＨＤ","東P","4886.0","-16.0(-0.33%)","-0.33","14,386,793","-1.25","-3.92","32.13","0.57","28.38","-1.79","42.20"
"8729","ソニーフィナンシャルグループ","東P","153.7","-4.2(-2.66%)","-2.66","8,858,511","-2.94","-4.66","18.87","0.93","27.87","-2.73","35.47"
"8737","あかつき本社","東S","588","-4.0(-0.68%)","-0.68","19,893","-1.90","-4.77","1.73","0.76","17.40","-2.17","22.64"
"8739","スパークス・グループ","東P","2672","+27.0(+1.02%)","1.02","166,646","0.98","2.08","66.07","0.48","25.72","1.34","55.75"
"8742","小林洋行","東S","580","+0.0(+0.00%)","0.00","1,045","-0.34","-0.88","31.22","0.69","20.63","-0.22","46.48"
"8747","豊トラスティ証券","東S","2267","-6.0(-0.26%)","-0.26","5,393","-0.97","0.82","15.60","0.33","45.68","0.34","53.14"
"8750","第一ライフグループ","東P","1826.0","-50.5(-2.69%)","-2.69","12,708,065","-3.12","-2.15","40.35","0.58","28.44","-1.04","50.39"
"8766","東京海上ＨＬＤＧ","東P","522.9","-14.6(-2.72%)","-2.72","46,324,628","-1.52","-0.70","2.63","0.79","28.82","-0.27","49.37"
"8769","アドバンテッジリスクマネジメン","東S","513","+4.0(+0.79%)","0.79","5,282","-0.58","0.90","13.75","0.47","29.62","0.37","57.52"
"8771","イー・ギャランティ","東P","1748","+10.0(+0.58%)","0.58","105,943","-0.48","-0.66","10.35","0.62","18.28","-0.31","56.20"
"8772","アサックス","東S","920","+12.0(+1.32%)","1.32","6,694","1.25","2.51","19.79","1.87","20.16","2.65","62.79"
"8783","ａｂｃ","東S","44","+0.0(+0.00%)","0.00","11,141","-2.22","-16.41","2.33","0.49","88.36","-1.25","15.38"
"8789","フィンテック　グローバル","東S","156","+4.0(+2.63%)","2.63","180,726","-0.64","-3.89","32.20","1.92","31.46","-1.11","39.39"
"8793","ＮＥＣキャピタルソリューション","東P","4100","-50.0(-1.20%)","-1.20","58,713","-1.98","-2.64","6.49","0.72","15.20","-2.29","42.20"
"8795","Ｔ＆Ｄ　ＨＬＤＧ","東P","4777.0","-100.0(-2.05%)","-2.05","3,309,363","-2.53","-2.37","33.77","0.49","27.62","-1.42","48.44"
"8801","三井不動産","東P","1472.5","-2.0(-0.14%)","-0.14","5,910,287","-0.49","-1.88","3.33","0.34","24.38","-1.26","42.22"
"8802","三菱地所","東P","3608.0","+0.0(+0.00%)","0.00","4,418,651","-0.03","-1.85","2.30","0.30","28.60","-0.86","45.98"
"8803","平和不動産","東P","2305","-15.0(-0.65%)","-0.65","210,315","-1.13","-2.53","6.17","0.51","14.32","-1.79","38.91"
"8804","東京建物","東P","3261.0","-18.0(-0.55%)","-0.55","996,046","-0.60","-2.42","5.77","0.27","22.84","-1.21","41.62"
"8818","京阪神ビルディング","東P","1002","-31.0(-3.00%)","-3.00","472,993","-4.75","-9.10","1.01","0.94","26.12","-3.26","24.20"
"8830","住友不動産","東P","3181.0","-2.0(-0.06%)","-0.06","4,109,517","0.36","-2.28","2.94","0.32","24.86","-0.88","44.99"
"8835","太平洋興発","東S","785","-5.0(-0.63%)","-0.63","5,574","-0.41","-1.45","6.80","0.26","14.44","-1.98","34.04"
"8836","ＲＩＳＥ","東S","26","+0.0(+0.00%)","0.00","1,485","0.00","-2.99","18.18","0.25","40.72","-1.41","33.33"
"8841","テーオーシー","東S","995","+4.0(+0.40%)","0.40","35,854","-0.74","-1.77","25.16","0.48","30.50","-1.12","43.00"
"8844","コスモスイニシア","東S","1192","-15.0(-1.24%)","-1.24","19,892","-0.93","-3.87","12.99","0.45","24.71","-1.68","35.84"
"8848","レオパレス２１","東P","1020","-2.0(-0.20%)","-0.20","1,558,096","-0.51","29.37","70.57","0.64","56.65","1.30","88.54"
"8850","スターツコーポレーション","東P","4645","-20.0(-0.43%)","-0.43","101,409","-1.51","-1.41","5.81","0.25","16.27","-1.49","46.60"
"8860","フジ住宅","東P","723","-4.0(-0.55%)","-0.55","41,757","-1.61","-3.27","2.70","0.76","14.77","-1.57","42.27"
"8864","空港施設","東S","943","-4.0(-0.42%)","-0.42","40,041","-1.15","-2.17","11.20","0.66","23.45","-1.57","37.59"
"8869","明和地所","東S","802","-2.0(-0.25%)","-0.25","27,230","-0.59","-2.39","6.08","0.84","15.36","-1.27","36.90"
"8871","ゴールドクレスト","東S","3065","-45.0(-1.45%)","-1.45","70,526","-2.33","-4.97","0.33","0.62","17.63","-2.00","35.16"
"8876","リログループ","東P","2291.5","+18.5(+0.81%)","0.81","350,043","-0.09","2.76","36.77","0.34","26.59","1.09","55.50"
"8877","エスリード","東P","5070","-90.0(-1.74%)","-1.74","97,784","-1.93","-3.06","6.51","0.38","21.15","-1.65","42.70"
"8881","日神グループＨＬＤＧ","東P","646","-8.0(-1.22%)","-1.22","46,756","-1.22","-2.64","5.38","0.66","14.37","-1.71","38.18"
"8887","シーラＨＬＤＧ","東S","363","-1.0(-0.27%)","-0.27","8,569","0.06","-1.37","9.01","0.91","14.34","-0.52","45.16"
"8891","ＡＭＧＨＬＤＧ","東S","2117","-7.0(-0.33%)","-0.33","4,452","-0.25","2.20","28.46","1.11","20.64","0.92","70.94"
"8892","エスコン","東P","1068","-8.0(-0.74%)","-0.74","135,437","-2.20","-3.67","2.01","0.25","15.31","-2.29","38.73"
"8894","ＲＥＶＯＬＵＴＩＯＮ","東S","17","+1.0(+6.25%)","6.25","2,216","4.94","-12.55","13.33","0.39","67.61","-1.11","38.46"
"8897","ＭＩＲＡＲＴＨＨＬＤＧ","東P","435","-7.0(-1.58%)","-1.58","126,075","-1.89","-3.74","14.17","0.48","23.09","-1.79","43.28"
"8898","センチュリー２１・ジャパン","東S","1130","-20.0(-1.74%)","-1.74","4,672","-1.64","-0.90","1.71","0.76","10.36","-0.87","48.80"
"8904","ＡＶＡＮＴＩＡ","東S","818","-3.0(-0.37%)","-0.37","5,804","-0.39","-1.33","1.36","1.54","10.57","-0.72","37.93"
"8908","毎日コムネット","東S","881","-9.0(-1.01%)","-1.01","1,595","-0.65","-0.47","7.97","0.36","13.86","-0.83","47.83"
"8912","エリアクエスト","東S","157","-1.0(-0.63%)","-0.63","1,196","0.00","-0.73","4.67","0.31","21.76","-0.36","40.00"
"8914","エリアリンク","東S","850","-12.0(-1.39%)","-1.39","28,088","-2.19","-5.28","6.78","0.66","34.99","-1.49","32.35"
"8917","ファースト住建","東S","1078","-6.0(-0.55%)","-0.55","53,575","-0.86","-2.34","7.91","1.11","17.94","-0.81","30.52"
"8918","ランド","東S","10","-1.0(-9.09%)","-9.09","2,157,487","-1.96","-3.85","25.00","0.72","78.44","-0.82","33.33"
"8919","カチタス","東P","3485","-5.0(-0.14%)","-0.14","375,084","-0.83","-3.00","19.51","0.63","29.71","-0.79","43.01"
"8920","東祥","東S","667","-3.0(-0.45%)","-0.45","80,736","-1.65","-4.96","0.76","1.61","23.69","-1.73","28.41"
"8923","トーセイ","東P","1731","-19.0(-1.09%)","-1.09","296,172","-0.39","-0.70","17.20","0.64","26.22","-0.21","56.11"
"8927","明豊エンタープライズ","東S","504","-5.0(-0.98%)","-0.98","73,105","-0.40","3.25","22.63","1.04","13.04","1.42","66.13"
"8928","穴吹興産","東S","2328","+8.0(+0.34%)","0.34","22,742","0.66","0.58","5.48","2.39","11.53","0.64","56.78"
"8929","青山財産ネットワークス","東S","1358","-23.0(-1.67%)","-1.67","45,814","-1.18","-1.57","14.60","0.62","21.52","-0.86","45.07"
"8931","和田興産","東S","1313","-4.0(-0.30%)","-0.30","5,004","-0.83","-1.63","7.62","0.70","18.97","-0.69","44.12"
"8934","サンフロンティア不動産","東P","2271","-32.0(-1.39%)","-1.39","260,733","-2.74","-6.06","3.46","0.51","20.69","-2.00","29.92"
"8935","ＦＪネクストＨＬＤＧ","東P","1960","-9.0(-0.46%)","-0.46","47,412","-1.19","-1.77","37.06","0.48","22.97","-0.91","48.41"
"8938","グロームＨＬＤＧ","東G","319","-1.0(-0.31%)","-0.31","440","-0.50","-2.92","19.03","0.37","44.70","-1.40","45.45"
"8944","ランドビジネス","東S","253","-2.0(-0.78%)","-0.78","6,879","0.40","2.43","12.95","0.32","19.20","1.33","60.00"
"8945","サンネクスタグループ","東S","1100","+8.0(+0.73%)","0.73","10,534","0.68","0.86","2.23","8.73","15.33","1.76","72.73"
"8946","ＡＳＩＡＮ　ＳＴＡＲ","東S","73","+0.0(+0.00%)","0.00","2,256","0.00","-2.04","2.82","0.91","26.87","-1.34","38.46"
"8951","日本ビルファンド投資法人","東REIT","119100","+200.0(+0.17%)","0.17","2,107,142","0.27","-3.25","1.19","0.27","19.19","-1.17","38.32"
"8952","ジャパンリアルエステイト投資法","東REIT","109000","+100.0(+0.09%)","0.09","732,306","-1.41","-5.17","0.74","0.31","17.34","-2.05","21.65"
"8953","日本都市ファンド投資法人","東REIT","106900","-200.0(-0.19%)","-0.19","841,364","-0.98","-4.26","0.38","0.33","16.25","-1.85","20.00"
"8954","オリックス不動産投資法人","東REIT","92700","-100.0(-0.11%)","-0.11","381,624","-0.69","-3.91","1.42","0.27","16.89","-1.57","30.00"
"8955","日本プライムリアルティ投資法人","東REIT","92000","+0.0(+0.00%)","0.00","258,592","-0.65","-3.45","0.55","0.41","14.13","-1.81","22.64"
"8956","ＮＴＴ都市開発リート投資法人","東REIT","125100","-400.0(-0.32%)","-0.32","182,817","-0.48","-2.06","0.24","0.47","12.39","-1.29","44.44"
"8957","東急リアル・エステート投資法人","東REIT","181800","-100.0(-0.05%)","-0.05","107,924","0.00","-1.17","3.89","0.32","18.78","-1.39","43.75"
"8958","グローバル・ワン不動産投資法人","東REIT","107900","+600.0(+0.56%)","0.56","411,657","-0.77","-2.95","2.08","0.48","16.23","-2.00","35.14"
"8960","ユナイテッド・アーバン投資法人","東REIT","151900","-200.0(-0.13%)","-0.13","726,433","-0.54","-3.42","0.33","0.53","12.29","-1.56","25.93"
"8961","森トラストリート投資法人","東REIT","69100","-100.0(-0.14%)","-0.14","324,049","-0.86","-3.56","0.88","0.75","12.88","-1.60","28.57"
"8963","インヴィンシブル投資法人","東REIT","59300","-500.0(-0.84%)","-0.84","1,896,606","-1.23","-3.47","2.95","0.83","18.70","-1.98","37.31"
"8964","三井不動産商業ファンド投資法人","東REIT","74400","-600.0(-0.80%)","-0.80","445,456","-1.14","-3.04","0.27","0.79","14.78","-1.74","40.00"
"8966","平和不動産リート投資法人","東REIT","128100","-1,200.0(-0.93%)","-0.93","501,240","-0.99","-2.18","0.08","0.76","11.96","-1.99","38.30"
"8967","日本ロジスティクスファンド投資","東REIT","90600","+500.0(+0.55%)","0.55","389,991","-0.26","-2.73","0.78","0.65","14.58","-1.47","35.23"
"8968","福岡リート投資法人","東REIT","169000","-600.0(-0.35%)","-0.35","84,988","-0.88","-2.69","1.08","0.34","13.14","-1.52","42.98"
"8972","ＫＤＸ不動産投資法人","東REIT","142900","-400.0(-0.28%)","-0.28","744,937","-0.67","-2.70","0.28","0.44","14.02","-1.59","40.94"
"8975","いちごオフィスリート投資法人","東REIT","93200","-400.0(-0.43%)","-0.43","235,007","-1.10","-1.07","12.02","0.55","16.62","-0.63","52.85"
"8976","大和証券オフィス投資法人","東REIT","302000","-500.0(-0.17%)","-0.17","134,907","-0.66","-2.55","0.83","0.26","14.39","-1.03","44.19"
"8977","阪急阪神リート投資法人","東REIT","128500","-1,800.0(-1.38%)","-1.38","139,437","-1.70","-4.30","0.00","0.64","17.47","-2.58","27.34"
"8979","スターツプロシード投資法人","東REIT","183800","-1,000.0(-0.54%)","-0.54","109,658","-0.84","-1.23","2.91","0.73","16.95","-1.18","53.49"
"8984","大和ハウスリート投資法人","東REIT","110000","-1,000.0(-0.90%)","-0.90","565,778","-1.20","-4.47","0.18","0.37","17.05","-1.72","35.71"
"8985","ジャパン・ホテル・リート投資法","東REIT","81400","+100.0(+0.12%)","0.12","1,111,851","-0.56","-2.13","9.56","0.68","17.52","-1.81","32.84"
"8986","大和証券リビング投資法人","東REIT","87900","-1,100.0(-1.24%)","-1.24","247,764","-2.53","-5.54","0.23","0.36","15.53","-2.56","29.82"
"8987","ジャパンエクセレント投資法人","東REIT","130600","+0.0(+0.00%)","0.00","135,290","-0.26","-3.26","0.54","0.39","12.36","-1.39","22.81"
"8995","誠建設工業","東S","1941","+107.0(+5.83%)","5.83","833,530","2.44","4.08","145.70","9.00","167.33","0.24","37.89"
"8996","ハウスフリーダム","東S","1102","+2.0(+0.18%)","0.18","1,755","1.53","1.05","22.44","1.00","22.83","0.58","55.09"
"8999","グランディハウス","東P","565","+0.0(+0.00%)","0.00","10,038","-0.28","-0.64","13.23","0.57","14.01","-0.60","47.22"
"9001","東武鉄道","東P","2811.5","-9.5(-0.34%)","-0.34","922,237","-2.10","-4.71","6.50","0.39","19.32","-2.33","37.15"
"9003","相鉄ＨＬＤＧ","東P","2490.0","-18.5(-0.74%)","-0.74","435,332","-2.39","-4.66","7.19","0.40","25.85","-2.66","30.10"
"9005","東急","東P","1611.5","-2.0(-0.12%)","-0.12","2,778,643","-0.86","-2.43","1.99","0.63","19.10","-1.74","41.63"
"9006","京浜急行電鉄","東P","1539.5","+5.5(+0.36%)","0.36","966,267","0.13","-1.31","8.26","0.73","19.72","-1.20","42.62"
"9007","小田急電鉄","東P","1726.5","+8.0(+0.47%)","0.47","1,046,680","-0.84","-3.35","12.37","0.37","21.58","-1.81","37.30"
"9008","京王電鉄","東P","754.1","-3.6(-0.48%)","-0.48","611,428","-1.97","-3.97","6.02","0.42","21.75","-2.30","36.95"
"9009","京成電鉄","東P","1336.5","+1.0(+0.07%)","0.07","538,343","-0.24","-1.89","29.38","0.18","22.23","-1.14","36.48"
"9010","富士急行","東P","2688","+51.0(+1.93%)","1.93","268,055","1.86","1.15","35.89","0.93","22.83","0.42","62.53"
"9012","秩父鉄道","東S","2088","+13.0(+0.63%)","0.63","416","0.15","-0.67","2.96","1.00","8.29","-0.93","40.00"
"9017","新潟交通","東S","1984","-14.0(-0.70%)","-0.70","2,186","-0.32","-0.47","1.74","5.50","8.98","-1.60","32.20"
"9020","東日本旅客鉄道","東P","3326.0","-24.0(-0.72%)","-0.72","3,429,081","-1.62","-5.25","2.56","0.27","28.03","-2.27","33.45"
"9021","西日本旅客鉄道","東P","2913.0","-29.0(-0.99%)","-0.99","2,202,871","-1.62","-3.08","18.75","0.33","24.40","-2.25","39.33"
"9022","東海旅客鉄道","東P","3683.0","-41.0(-1.10%)","-1.10","2,727,582","-1.12","-4.24","15.02","0.25","24.46","-1.84","36.21"
"9023","東京地下鉄","東P","1469.0","-10.0(-0.68%)","-0.68","1,738,164","-1.69","-2.45","11.67","0.78","18.96","-1.24","35.00"
"9024","西武ＨＬＤＧ","東P","3541.0","+35.0(+1.00%)","1.00","3,383,842","-0.39","0.66","37.27","0.65","34.80","0.28","46.46"
"9025","鴻池運輸","東P","2820","-20.0(-0.70%)","-0.70","137,869","-1.91","-2.75","8.46","0.42","18.54","-1.74","45.21"
"9027","ロジネット　ジャパン","札","1250","-50.0(-3.85%)","-3.85","631","-4.07","0.27","0.00","0.45","45.31","0.07","52.32"
"9028","ゼロ","東S","3255","-25.0(-0.76%)","-0.76","18,204","-1.27","-3.76","1.88","0.24","15.56","-1.55","29.58"
"9029","ヒガシＨＬＤＧ","東S","1868","+36.0(+1.97%)","1.97","7,353","0.90","0.60","6.86","1.08","21.80","0.24","56.60"
"9031","西日本鉄道","東P","2874.0","-29.0(-1.00%)","-1.00","304,384","-3.72","-6.82","6.44","0.33","21.61","-2.92","29.48"
"9033","広島電鉄","東S","621","+1.0(+0.16%)","0.16","8,932","-0.42","-1.60","2.81","0.80","7.57","-2.08","28.12"
"9034","南総通運","東S","1637","-11.0(-0.67%)","-0.67","5,755","-1.40","-1.09","12.05","2.33","14.49","-0.93","43.24"
"9035","第一交通産業","福","751","-1.0(-0.13%)","-0.13","6,521","-1.88","0.11","3.59","0.50","12.45","0.07","54.37"
"9036","東部ネットワーク","東S","1186","-15.0(-1.25%)","-1.25","5,706","-2.37","-3.95","8.91","0.18","26.03","-2.84","35.14"
"9037","ハマキョウレックス","東P","1796","-17.0(-0.94%)","-0.94","158,872","-1.99","-2.35","5.77","0.71","15.94","-1.74","41.06"
"9039","サカイ引越センター","東P","2934","-7.0(-0.24%)","-0.24","99,574","-1.88","-2.06","10.80","0.57","16.77","-1.73","42.68"
"9041","近鉄グループＨＬＤＧ","東P","3366.0","-29.0(-0.85%)","-0.85","1,963,497","-2.47","-3.67","10.29","0.53","16.78","-2.19","43.31"
"9042","阪急阪神ＨＬＤＧ","東P","4381.0","-6.0(-0.14%)","-0.14","2,101,306","-0.77","-5.26","11.19","0.40","25.57","-2.02","26.30"
"9044","ＮＡＮＫＡＩ","東P","2999.0","-24.0(-0.79%)","-0.79","489,216","-3.46","-4.15","16.08","0.33","26.41","-2.03","36.10"
"9045","京阪ＨＬＤＧ","東P","3144.0","+12.0(+0.38%)","0.38","581,524","-0.36","-2.03","3.80","0.42","19.82","-1.49","45.32"
"9046","神戸電鉄","東S","2376","-18.0(-0.75%)","-0.75","22,913","-1.89","-3.68","2.33","0.49","13.32","-2.93","22.29"
"9048","名古屋鉄道","東P","1855.0","-0.5(-0.03%)","-0.03","652,664","-0.07","-1.36","10.81","0.34","16.39","-1.24","44.70"
"9051","センコン物流","東S","1215","-10.0(-0.82%)","-0.82","366","-2.25","-6.48","5.19","0.16","24.71","-2.17","14.75"
"9052","山陽電気鉄道","東P","1948","+5.0(+0.26%)","0.26","29,624","-1.26","-2.87","5.30","0.49","13.89","-2.13","32.57"
"9057","遠州トラック","東S","3325","+85.0(+2.62%)","2.62","6,284","1.37","2.42","8.66","3.80","18.75","2.44","59.74"
"9059","カンダＨＬＤＧ","東S","915","-10.0(-1.08%)","-1.08","2,118","-1.25","-0.78","12.82","1.92","19.21","-1.31","45.16"
"9060","日本ロジテム","東S","4200","+0.0(+0.00%)","0.00","420","0.07","1.01","3.45","0.50","16.01","1.97","69.23"
"9063","岡山県貨物運送","東S","4135","-5.0(-0.12%)","-0.12","1,239","-0.17","-1.04","10.71","1.00","19.16","-0.81","36.59"
"9064","ヤマトＨＬＤＧ","東P","1983.0","-44.0(-2.17%)","-2.17","1,429,764","-1.50","0.50","16.85","0.57","24.75","0.31","55.02"
"9065","山九","東P","1583.5","-19.5(-1.22%)","-1.22","831,324","-1.42","-2.78","1.31","0.33","25.14","-1.39","47.22"
"9068","丸全昭和運輸","東P","3560","-55.0(-1.52%)","-1.52","113,566","-1.68","-2.39","0.85","0.40","21.05","-1.53","42.45"
"9069","センコーグループＨＬＤＧ","東P","2305.5","-35.5(-1.52%)","-1.52","304,069","-1.57","1.03","36.02","0.28","18.74","0.44","63.76"
"9073","京極運輸商事","東S","1275","+0.0(+0.00%)","0.00","383","-0.03","2.06","6.25","1.50","18.06","1.46","64.79"
"9075","福山通運","東P","5900","-110.0(-1.83%)","-1.83","196,195","-3.31","-5.32","33.48","0.45","31.08","-2.37","37.50"
"9076","セイノーＨＬＤＧ","東P","2610.0","-32.0(-1.21%)","-1.21","332,709","-2.10","-4.07","10.85","0.37","20.41","-2.09","41.72"
"9081","神奈川中央交通","東P","3930","+0.0(+0.00%)","0.00","60,363","-1.85","-1.99","22.43","1.28","18.05","-1.71","44.34"
"9082","大和自動車交通","東S","2550","-73.0(-2.78%)","-2.78","4,372","-4.24","12.08","123.10","0.21","82.26","0.98","62.12"
"9083","神姫バス","東S","1978","-22.0(-1.10%)","-1.10","3,954","-1.67","-0.47","7.03","3.33","13.91","-0.43","46.95"
"9090","ＡＺ−ＣＯＭ丸和ＨＬＤＧ","東P","855","-1.0(-0.12%)","-0.12","384,540","-2.29","-4.14","15.85","0.72","28.32","-2.29","32.85"
"9101","日本郵船","東P","7116.0","-96.0(-1.33%)","-1.33","9,707,224","-1.37","-1.46","45.05","0.50","30.86","-0.69","44.58"
"9104","商船三井","東P","7080.0","-10.0(-0.14%)","-0.14","11,293,699","0.29","-0.19","52.26","0.60","29.98","-0.13","48.89"
"9107","川崎汽船","東P","3264.0","-62.0(-1.86%)","-1.86","6,920,481","-2.46","-3.50","51.25","0.54","35.45","-1.71","41.25"
"9110","ＮＳユナイテッド海運","東P","10510","-10.0(-0.10%)","-0.10","737,306","-0.02","0.17","73.15","0.96","42.40","1.15","71.43"
"9115","明海グループ","東S","1017","-27.0(-2.59%)","-2.59","19,940","-2.47","-5.33","55.03","0.65","80.98","-1.46","42.27"
"9119","飯野海運","東P","1684","-15.0(-0.88%)","-0.88","148,797","-1.93","-2.84","22.65","0.46","26.04","-1.69","46.59"
"9127","玉井商船","東S","3540","+70.0(+2.02%)","2.02","32,537","-1.67","1.38","35.58","1.16","33.15","0.31","57.45"
"9130","共栄タンカー","東S","1665","-58.0(-3.37%)","-3.37","281,780","-3.33","-1.28","61.65","2.10","52.50","-0.20","53.52"
"9142","九州旅客鉄道","東P","3417.0","+22.0(+0.65%)","0.65","1,575,157","-0.87","-3.49","1.76","0.37","21.36","-1.91","39.26"
"9143","ＳＧ　ＨＬＤＧ","東P","1416.0","-28.0(-1.94%)","-1.94","1,806,335","-2.95","-4.79","3.51","0.76","22.47","-2.36","37.35"
"9145","ビーイングＨＬＤＧ","東S","545","-2.0(-0.37%)","-0.37","16,836","-0.80","-5.41","10.32","0.63","30.92","-1.74","35.71"
"9147","ＮＩＰＰＯＮ　ＥＸＰＲＥＳＳ","東P","5763.0","-12.0(-0.21%)","-0.21","1,811,363","0.14","2.53","72.70","0.35","31.49","0.92","71.41"
"9158","シーユーシー","東G","782","-2.0(-0.26%)","-0.26","12,144","-0.69","2.27","16.72","1.16","30.09","0.66","61.06"
"9159","Ｗ　ＴＯＫＹＯ","東G","1901","-4.0(-0.21%)","-0.21","9,131","-0.12","-3.41","28.01","4.00","21.81","-1.43","30.92"
"9160","オンザページ","東S","333","-1.0(-0.30%)","-0.30","3,661","-0.42","0.58","18.93","0.32","18.20","0.56","62.50"
"9162","ブリーチ","東G","225","-3.0(-1.32%)","-1.32","4,004","-1.23","-1.92","0.90","1.62","11.13","-2.99","40.00"
"9163","ナレルグループ","東G","2373","-24.0(-1.00%)","-1.00","76,688","-0.85","-0.14","14.58","1.03","11.93","-0.11","60.00"
"9165","クオルテック","東G","1833","+8.0(+0.44%)","0.44","6,939","0.61","4.45","37.10","0.86","20.44","1.74","78.95"
"9166","ＧＥＮＤＡ","東G","653","-5.0(-0.76%)","-0.76","286,299","-1.12","-8.24","43.52","0.74","47.55","-1.48","27.45"
"9168","ライズ・コンサルティング・グル","東G","424","-8.0(-1.85%)","-1.85","7,607","-0.70","-0.08","12.47","0.22","20.63","-0.06","53.23"
"9173","東海汽船","東S","2801","-12.0(-0.43%)","-0.43","4,211","-0.26","-0.46","2.23","1.00","10.42","-2.55","41.77"
"9193","東京汽船","東S","875","-10.0(-1.13%)","-1.13","965","-1.17","-0.70","9.24","0.73","16.01","-0.81","52.31"
"9201","日本航空","東P","3025.0","-44.0(-1.43%)","-1.43","4,464,353","-1.25","0.04","25.70","0.51","22.53","0.03","52.95"
"9202","ＡＮＡ　ＨＬＤＧ","東P","2982.0","-19.0(-0.63%)","-0.63","3,044,163","-0.62","-0.55","15.49","0.42","21.19","-0.40","48.96"
"9204","スカイマーク","東G","427","-10.0(-2.29%)","-2.29","20,396","-0.19","0.85","34.28","0.33","20.10","0.70","55.22"
"9206","スターフライヤー","東S","1921","-37.0(-1.89%)","-1.89","2,118","-1.71","-1.97","1.11","1.10","15.09","-1.89","47.06"
"9211","エフ・コード","東G","1454","-3.0(-0.21%)","-0.21","120,915","-1.32","-1.32","13.24","1.25","43.75","-0.39","53.87"
"9212","Ｇｒｅｅｎ　Ｅａｒｔｈ　Ｉｎｓ","東S","273","-3.0(-1.09%)","-1.09","16,429","-4.88","-0.84","9.64","0.36","57.34","-0.18","53.23"
"9214","Ｒｅｃｏｖｅｒｙ　Ｉｎｔｅｒｎ","東G","1271","-5.0(-0.39%)","-0.39","2,925","-1.23","-1.49","4.95","3.29","17.00","-1.29","32.20"
"9215","ＣａＳｙ","東G","1017","+0.0(+0.00%)","0.00","1,119","0.97","2.80","18.12","0.22","15.11","1.95","69.70"
"9216","ビーウィズ","東P","1671","-17.0(-1.01%)","-1.01","14,546","-1.09","-0.39","17.18","0.49","17.37","-0.23","57.89"
"9218","メンタルヘルステクノロジーズ","東G","827","-2.0(-0.24%)","-0.24","18,650","1.55","4.63","24.74","0.43","14.15","2.34","77.11"
"9219","ギックス","東G","901","-5.0(-0.55%)","-0.55","2,165","-0.09","0.84","8.55","0.83","12.44","0.81","46.58"
"9220","エフビー介護サービス","東S","1301","-8.0(-0.61%)","-0.61","1,179","0.98","0.78","13.23","0.31","21.60","0.38","42.86"
"9221","フルハシＥＰＯ","東S","1155","+3.0(+0.26%)","0.26","19,258","-2.50","-2.06","7.14","0.50","29.46","-1.03","44.14"
"9225","ブリッジコンサルティンググルー","東G","964","+0.0(+0.00%)","0.00","2,891","-0.43","-0.72","2.44","5.00","14.43","-1.19","40.00"
"9227","ＭＷＣＣ","東G","817","+7.0(+0.86%)","0.86","45,319","0.02","-4.15","37.54","0.59","47.29","-0.74","37.89"
"9229","サンウェルズ","東P","108","+0.0(+0.00%)","0.00","35,611","-0.74","-4.73","3.85","1.55","36.64","-1.66","41.67"
"9233","アジア航測","東S","1140","-2.0(-0.18%)","-0.18","5,250","-0.75","-1.43","7.75","0.79","19.03","-1.77","41.75"
"9235","売れるネット広告社グループ","東G","399","-1.0(-0.25%)","-0.25","4,894","0.05","-9.15","1.53","0.92","34.74","-1.00","29.03"
"9236","ジャパンＭ＆Ａソリューション","東G","1489","+27.0(+1.85%)","1.85","1,486","1.75","6.07","59.42","0.91","57.29","1.36","55.84"
"9237","笑美面","東G","825","-4.0(-0.48%)","-0.48","1,653","0.56","-10.26","61.45","0.32","48.37","-1.30","20.27"
"9238","バリュークリエーション","東G","356","-3.0(-0.84%)","-0.84","284","-0.39","-4.94","1.71","0.22","76.66","-1.44","17.86"
"9240","デリバリーコンサルティング","東G","382","+4.0(+1.06%)","1.06","1,215","0.26","-7.03","3.24","0.34","35.12","-1.15","30.84"
"9241","フューチャーリンクネットワーク","東G","1236","+0.0(+0.00%)","0.00","371","0.08","-3.15","4.66","0.43","34.09","-0.94","28.86"
"9242","メディア総研","東G","1974","+0.0(+0.00%)","0.00","197","0.14","1.32","9.48","1.00","22.53","1.13","58.97"
"9245","リベロ","東G","2065","-33.0(-1.57%)","-1.57","4,150","-0.73","3.99","14.72","0.10","21.58","1.55","75.93"
"9247","TRE ＨＬＤＧ","東P","1713","-10.0(-0.58%)","-0.58","194,664","-2.13","-6.17","23.59","0.36","33.94","-1.56","33.33"
"9248","人・夢・技術グループ","東S","1611","-7.0(-0.43%)","-0.43","12,647","-1.72","-4.61","10.72","0.28","19.55","-1.87","36.15"
"9249","日本エコシステム","東S","1598","+5.0(+0.31%)","0.31","16,843","-1.42","-3.29","8.19","1.28","13.90","-2.05","32.14"
"9250","ＧＲＣＳ","東G","1030","+0.0(+0.00%)","0.00","309","-0.19","2.56","22.33","0.60","23.26","0.80","60.42"
"9251","ＡＢ＆Ｃｏｍｐａｎｙ","東G","1556","-15.0(-0.95%)","-0.95","66,631","-1.51","-0.76","31.20","0.45","19.68","-0.31","52.26"
"9252","ラストワンマイル","東G","4110","+30.0(+0.74%)","0.74","21,369","0.32","2.14","25.50","0.72","19.56","0.82","65.17"
"9253","スローガン","東G","753","-7.0(-0.92%)","-0.92","905","-3.46","0.75","10.25","0.06","28.82","0.24","54.39"
"9254","ラバブルマーケティンググループ","東G","1059","-25.0(-2.31%)","-2.31","2,340","-1.85","-3.65","3.22","0.18","20.22","-2.90","10.45"
"9256","サクシード","東G","964","-3.0(-0.31%)","-0.31","13,675","-1.17","-7.83","26.34","0.44","122.38","-1.06","41.71"
"9258","ＣＳ−Ｃ","東G","300","-1.0(-0.33%)","-0.33","597","0.13","-0.62","11.11","5.00","52.34","-0.24","41.67"
"9259","タカヨシＨＬＤＧ","東G","822","-10.0(-1.20%)","-1.20","11,279","-1.79","-3.14","10.78","2.11","26.03","-2.88","24.29"
"9262","シルバーライフ","東S","683","+6.0(+0.89%)","0.89","5,718","0.29","0.06","7.56","0.39","18.58","0.05","51.90"
"9264","ポエック","東S","1611","-10.0(-0.62%)","-0.62","5,148","-0.53","-1.20","2.61","0.74","15.82","-0.40","53.15"
"9265","ヤマシタヘルスケアＨＬＤＧ","東S","3615","-115.0(-3.08%)","-3.08","4,350","-2.72","-1.56","25.09","1.09","27.62","-0.97","51.69"
"9267","Ｇｅｎｋｙ　ＤｒｕｇＳｔｏｒｅ","東P","3480","+35.0(+1.02%)","1.02","140,419","0.81","-1.54","9.61","0.36","36.29","-0.60","39.13"
"9268","オプティマスグループ","東S","412","-3.0(-0.72%)","-0.72","983,193","0.39","0.44","21.18","8.70","30.30","0.15","61.43"
"9270","バリュエンスＨＬＤＧ","東G","1900","-16.0(-0.84%)","-0.84","27,696","-0.89","-4.84","76.74","0.32","44.49","-1.66","34.52"
"9271","和心","東G","1002","-1.0(-0.10%)","-0.10","4,488","1.85","4.68","22.20","0.40","35.97","1.37","74.59"
"9272","ブティックス","東G","1528","+10.0(+0.66%)","0.66","11,223","2.83","5.74","20.13","1.18","31.17","2.69","72.61"
"9273","コーア商事ＨＬＤＧ","東P","760","-7.0(-0.91%)","-0.91","24,747","0.26","0.35","3.12","0.64","16.68","0.40","52.69"
"9274","ＫＰＰグループＨＬＤＧ","東P","1133","+17.0(+1.52%)","1.52","207,822","-0.81","2.17","37.17","0.98","27.83","0.90","68.35"
"9278","ブックオフグループＨＬＤＧ","東P","3045","+151.0(+5.22%)","5.22","314,154","4.46","6.23","107.99","0.85","45.83","1.20","71.02"
"9279","ギフトＨＬＤＧ","東P","2084","+6.0(+0.29%)","0.29","654,284","2.10","-6.78","5.89","0.90","36.72","-0.77","31.66"
"9282","いちごグリーンインフラ投資法人","東IF","30050","-600.0(-1.96%)","-1.96","16,157","-1.15","-8.43","0.67","1.82","31.95","-0.94","42.64"
"9284","カナディアン・ソーラー・インフ","東IF","73900","-600.0(-0.81%)","-0.81","40,390","-0.38","-2.36","0.00","0.96","15.00","-1.62","43.37"
"9285","東京インフラ・エネルギー投資","東IF","38800","-100.0(-0.26%)","-0.26","12,164","-0.77","-3.58","0.39","0.71","12.43","-1.25","42.03"
"9286","エネクス・インフラ投資法人","東IF","43550","-350.0(-0.80%)","-0.80","79,684","-0.87","-3.72","0.11","1.65","18.08","-1.77","34.94"
"9301","三菱倉庫","東P","1460.5","-20.5(-1.38%)","-1.38","728,418","-3.52","-4.61","21.76","0.48","25.37","-2.78","36.85"
"9302","三井倉庫ＨＬＤＧ","東P","3225.0","+2.0(+0.06%)","0.06","354,400","-1.51","-3.26","3.04","0.41","30.08","-2.20","37.25"
"9303","住友倉庫","東P","4080","-40.0(-0.97%)","-0.97","238,655","-1.33","-2.13","15.42","0.35","19.64","-1.84","44.33"
"9304","澁澤倉庫","東P","2125","-72.0(-3.28%)","-3.28","252,606","-3.10","0.50","70.00","0.65","50.75","0.18","57.24"
"9305","ヤマタネ","東P","2010","+6.0(+0.30%)","0.30","116,629","-2.55","-3.31","5.02","0.61","21.97","-1.87","42.15"
"9306","東陽倉庫","東S","2005","+2.0(+0.10%)","0.10","401","-0.59","-0.12","2.66","2.00","13.34","-0.18","54.17"
"9307","杉村倉庫","東S","976","-23.0(-2.30%)","-2.30","11,082","2.03","1.65","10.53","0.15","24.84","0.56","53.23"
"9308","乾汽船","東S","2259","-220.0(-8.87%)","-8.87","441,580","-6.40","2.54","77.73","1.14","37.35","0.40","66.38"
"9310","日本トランスシティ","東P","1390","-12.0(-0.86%)","-0.86","46,669","-2.21","-0.88","31.50","0.49","29.69","-0.44","55.60"
"9311","アサガミ","東S","7500","-40.0(-0.53%)","-0.53","3,011","-1.37","-3.36","5.19","1.00","18.71","-1.97","41.67"
"9312","ケイヒン","東S","2998","-2.0(-0.07%)","-0.07","14,949","-0.71","3.55","10.02","1.52","16.74","1.46","74.45"
"9313","丸八倉庫","東S","1060","+0.0(+0.00%)","0.00","106","0.23","0.57","8.05","0.08","25.46","0.59","64.08"
"9319","中央倉庫","東P","1746","-25.0(-1.41%)","-1.41","25,025","-2.06","-3.00","22.18","0.73","24.92","-1.72","47.31"
"9322","川西倉庫","東S","2376","-6.0(-0.25%)","-0.25","8,084","-2.00","-3.64","10.77","0.43","13.80","-1.98","41.53"
"9324","安田倉庫","東P","2604","-89.0(-3.30%)","-3.30","130,173","-4.00","-0.65","19.94","0.70","24.50","-0.19","53.70"
"9325","ファイズＨＬＤＧ","東S","1054","-6.0(-0.57%)","-0.57","4,110","-0.45","-1.18","1.54","0.36","21.57","-0.74","47.62"
"9326","関通ＨＬＤＧ","東G","480","+0.0(+0.00%)","0.00","384","0.13","-0.60","19.40","0.24","37.42","-0.30","48.65"
"9327","イー・ロジット","東S","187","+0.0(+0.00%)","0.00","561","0.11","-0.91","3.89","0.14","42.93","-0.70","48.28"
"9330","揚羽","東G","881","-3.0(-0.34%)","-0.34","615","-1.72","-0.83","9.99","0.29","13.23","-0.70","50.55"
"9331","キャスター","東G","688","-2.0(-0.29%)","-0.29","2,003","-1.80","-3.83","5.04","1.61","56.63","-1.67","37.78"
"9332","ＮＩＳＳＯＨＬＤＧ","東P","666","-4.0(-0.60%)","-0.60","42,677","-0.92","-1.30","19.57","0.76","16.47","-0.89","52.78"
"9336","大栄環境","東P","3675","+80.0(+2.23%)","2.23","380,230","-0.03","-2.79","2.94","0.66","27.17","-1.27","42.11"
"9337","トリドリ","東G","1444","+11.0(+0.77%)","0.77","33,388","0.03","-0.35","9.89","2.21","54.05","-0.23","52.11"
"9339","コーチ・エィ","東S","1490","+1.0(+0.07%)","0.07","4,467","1.73","3.67","24.06","0.97","14.88","2.84","76.85"
"9340","アソインターナショナル","東S","801","-3.0(-0.37%)","-0.37","5,766","-0.94","1.82","23.23","0.95","26.98","0.41","50.82"
"9341","ＧＥＮＯＶＡ","東P","620","-5.0(-0.80%)","-0.80","20,523","-0.35","-0.71","14.60","0.72","26.29","-0.27","55.26"
"9343","アイビス","東G","786","+11.0(+1.42%)","1.42","16,308","0.59","-1.05","36.22","0.52","30.30","-0.45","53.41"
"9344","アクシスコンサルティング","東G","1372","-16.0(-1.15%)","-1.15","4,680","-0.19","3.65","52.44","0.28","54.84","1.57","66.67"
"9345","ビズメイツ","東G","583","-5.0(-0.85%)","-0.85","117","-0.82","-1.54","10.84","1.00","21.52","-1.60","32.61"
"9346","ココルポート","東G","1886","+2.0(+0.11%)","0.11","2,801","0.38","1.16","18.24","1.36","18.65","0.83","46.70"
"9347","日本管財ＨＬＤＧ","東P","2866","+16.0(+0.56%)","0.56","120,567","-0.96","-1.64","10.10","0.50","15.82","-1.23","40.89"
"9348","ｉｓｐａｃｅ","東G","409","-3.0(-0.73%)","-0.73","69,976","-0.87","-1.81","3.02","0.60","51.08","-0.97","48.94"
"9351","東洋埠頭","東S","1924","+3.0(+0.16%)","0.16","1,917","-0.52","-0.19","13.04","1.00","11.91","-0.27","46.15"
"9357","名港海運","名M","2485","-5.0(-0.20%)","-0.20","2,494","-0.50","-0.50","20.05","5.00","15.79","-0.41","51.80"
"9359","伊勢湾海運","名M","948","-5.0(-0.52%)","-0.52","1,729","-0.82","-0.67","4.75","2.25","16.54","-0.65","48.96"
"9360","鈴与シンワート","東S","2804","+1.0(+0.04%)","0.04","1,403","0.42","1.25","4.20","1.25","19.98","1.95","59.55"
"9363","大運","東S","516","-2.0(-0.39%)","-0.39","310","0.27","-2.71","12.66","0.25","22.68","-1.43","46.81"
"9364","上組","東P","4733.0","-40.0(-0.84%)","-0.84","560,722","-1.48","-2.58","3.05","0.22","16.09","-2.18","41.53"
"9365","トレーディア","東S","1602","-3.0(-0.19%)","-0.19","642","-2.16","-2.37","10.10","2.00","23.81","-1.75","41.52"
"9366","サンリツ","東S","1271","-8.0(-0.63%)","-0.63","8,403","-1.46","8.31","44.43","3.47","30.60","1.21","75.23"
"9367","大東港運","東S","2051","+27.0(+1.33%)","1.33","2,032","1.23","0.30","13.94","0.53","16.16","0.23","53.85"
"9368","キムラユニティー","東S","930","-12.0(-1.27%)","-1.27","18,482","-1.61","-2.31","10.32","1.29","13.51","-2.01","33.33"
"9369","キユーソー流通システム","東S","2932","+26.0(+0.89%)","0.89","145,524","-0.50","-2.61","9.90","0.66","25.83","-0.87","47.01"
"9376","ユーラシア旅行社","東S","784","-7.0(-0.88%)","-0.88","3,203","-3.07","-5.61","5.38","0.61","19.40","-2.52","28.91"
"9380","東海運","東S","448","+0.0(+0.00%)","0.00","2,241","-0.13","1.88","18.21","0.61","13.62","1.78","73.91"
"9381","エーアイテイー","東P","2298","-20.0(-0.86%)","-0.86","16,771","-1.56","-1.67","9.07","0.37","14.82","-1.41","47.58"
"9385","ショーエイコーポレーション","東S","742","+4.0(+0.54%)","0.54","1,932","-0.19","-1.21","17.22","0.35","22.53","-1.51","35.71"
"9388","パパネッツ","福Q","945","+17.0(+1.83%)","1.83","1,597","1.81","3.22","15.95","1.55","45.39","2.52","77.78"
"9399","ビートＨＬＤＧ","東S","14","+0.0(+0.00%)","0.00","3,427","0.00","-0.57","55.56","0.53","133.32","-0.14","50.00"
"9401","ＴＢＳＨＬＤＧ","東P","5833.0","+146.0(+2.57%)","2.57","1,119,903","1.43","-0.17","6.75","0.52","22.52","-0.10","50.74"
"9402","中部日本放送","名P","1275","-10.0(-0.78%)","-0.78","1,024","-0.53","0.83","36.66","0.13","16.35","0.58","55.45"
"9404","日本テレビＨＬＤＧ","東P","2789.5","+9.5(+0.34%)","0.34","1,637,338","-2.02","-6.24","5.18","0.89","23.41","-2.37","27.30"
"9405","朝日放送グループＨＬＤＧ","東P","822","+9.0(+1.11%)","1.11","42,583","-2.28","-4.66","9.45","0.49","21.91","-1.92","34.29"
"9409","テレビ朝日ＨＬＤＧ","東P","2980","+40.0(+1.36%)","1.36","1,307,204","-1.17","-4.13","2.09","0.86","19.04","-2.10","38.30"
"9412","スカパーＪＳＡＴ","東P","1994","-8.0(-0.40%)","-0.40","1,540,188","-1.20","-2.40","5.22","0.50","50.08","-0.66","48.21"
"9413","テレビ東京ＨＬＤＧ","東P","3280","+20.0(+0.61%)","0.61","153,783","-1.53","-3.57","1.39","0.44","25.15","-1.84","40.78"
"9414","日本ＢＳ放送","東S","956","-3.0(-0.31%)","-0.31","39,844","-0.44","2.02","8.02","0.86","33.05","0.49","58.74"
"9416","ビジョン","東P","1052","-8.0(-0.75%)","-0.75","160,487","-1.05","-0.31","10.85","0.64","16.36","-0.25","51.72"
"9417","スマートバリュー","東S","334","-1.0(-0.30%)","-0.30","1,043","0.60","0.12","18.02","0.48","23.86","0.06","44.68"
"9418","Ｕ−ＮＥＸＴ　ＨＬＤＧ","東P","1777","+10.0(+0.57%)","0.57","464,092","0.41","1.30","18.15","0.61","23.45","0.87","56.15"
"9419","ワイヤレスゲート","東S","294","-7.0(-2.33%)","-2.33","4,881","-1.41","-0.61","21.99","1.23","15.07","-0.59","53.57"
"9421","エヌジェイＨＬＤＧ","東S","545","+5.0(+0.93%)","0.93","815","1.26","4.95","10.10","0.44","10.76","2.41","84.09"
"9423","フォーバル・リアルストレート","東S","106","+1.0(+0.95%)","0.95","6,488","0.76","1.07","7.07","0.62","14.46","1.46","55.56"
"9424","日本通信","東P","119","+1.0(+0.85%)","0.85","225,060","1.36","0.51","16.67","0.97","35.97","0.33","44.44"
"9425","ＲｅＹｕｕ　Ｊａｐａｎ","東S","234","-2.0(-0.85%)","-0.85","45,393","0.60","-4.36","57.05","0.55","113.35","-0.58","46.08"
"9428","クロップス","東S","1469","+0.0(+0.00%)","0.00","1,029","-0.47","-1.11","20.81","1.17","18.64","-1.38","40.32"
"9432","ＮＴＴ","東P","170.0","-1.6(-0.93%)","-0.93","22,764,224","-1.59","-2.03","19.21","0.71","21.12","-1.06","45.73"
"9433","ＫＤＤＩ","東P","2934.5","+6.5(+0.22%)","0.22","12,609,878","-0.91","-1.78","17.71","0.40","23.30","-0.90","43.19"
"9434","ソフトバンク","東P","240.7","-0.4(-0.17%)","-0.17","8,744,613","-0.68","-0.82","18.81","0.32","20.81","-0.44","49.54"
"9435","光通信","東P","36240.0","-390.0(-1.06%)","-1.06","1,431,683","-1.44","-6.23","9.19","0.33","25.86","-1.86","32.66"
"9436","沖縄セルラー電話","東S","4190","+60.0(+1.45%)","1.45","616,424","-1.67","-1.17","48.85","0.31","21.24","-0.40","51.88"
"9438","エムティーアイ","東P","611","+6.0(+0.99%)","0.99","7,776","0.66","1.76","15.94","0.42","34.14","0.76","64.65"
"9439","エム・エイチ・グループ","東S","218","+0.0(+0.00%)","0.00","2,261","0.37","-2.31","3.81","0.05","24.68","-0.99","23.08"
"9441","ベルパーク","東S","3100","+0.0(+0.00%)","0.00","1,234","0.26","2.53","30.80","0.11","30.63","1.24","80.74"
"9444","トーシンＨＬＤＧ","東S","282","+26.0(+10.16%)","10.16","51,758","6.25","3.46","73.01","7.10","97.05","0.60","51.30"
"9445","フォーバルテレコム","東S","535","+5.0(+0.94%)","0.94","480","0.11","-0.48","3.48","0.39","9.97","-0.40","52.00"
"9446","サカイＨＬＤＧ","東S","677","-5.0(-0.73%)","-0.73","1,574","-1.08","-2.15","7.29","1.15","14.94","-2.11","36.36"
"9449","ＧＭＯインターネットグループ","東P","4002.0","+64.0(+1.63%)","1.63","936,476","0.83","0.25","46.51","0.90","36.59","0.09","61.70"
"9450","ファイバーゲート","東S","773","+3.0(+0.39%)","0.39","31,309","-0.69","-0.73","17.66","0.99","22.09","-0.63","47.13"
"9466","アイドママーケティングコミュニ","東S","240","-2.0(-0.83%)","-0.83","2,681","-0.99","-0.56","11.11","4.48","16.95","-0.56","44.83"
"9467","アルファポリス","東G","1073","-1.0(-0.09%)","-0.09","32,505","-0.35","-4.53","14.15","0.39","47.28","-1.21","33.94"
"9468","ＫＡＤＯＫＡＷＡ","東P","3784.0","+86.0(+2.33%)","2.33","785,011","2.50","3.17","40.07","0.40","20.87","2.25","66.40"
"9470","学研ＨＬＤＧ","東P","1037","-23.0(-2.17%)","-2.17","127,327","-2.54","-0.90","12.35","0.58","17.00","-0.47","54.74"
"9474","ゼンリン","東P","901","-4.0(-0.44%)","-0.44","88,714","-1.21","-1.54","7.13","0.74","19.35","-1.28","47.71"
"9475","昭文社ＨＬＤＧ","東S","514","+5.0(+0.98%)","0.98","1,587","-1.83","-3.61","12.72","0.40","23.18","-1.91","31.82"
"9478","ＳＥ　Ｈ＆インキュベーションズ","東S","501","+11.0(+2.24%)","2.24","4,604","0.08","-2.77","28.79","0.34","31.69","-1.29","43.21"
"9501","東京電力ＨＬＤＧ","東P","521.6","-12.5(-2.34%)","-2.34","11,620,028","-0.45","-3.82","17.80","0.57","37.78","-1.19","39.73"
"9502","中部電力","東P","2645.5","-64.0(-2.36%)","-2.36","4,732,609","-3.72","-8.78","23.56","0.38","36.93","-2.57","25.07"
"9503","関西電力","東P","2664.0","-41.5(-1.53%)","-1.53","3,986,381","-1.66","-6.14","22.01","0.31","35.52","-1.19","31.09"
"9504","中国電力","東P","1010.0","-18.0(-1.75%)","-1.75","1,244,083","-2.21","-3.65","22.01","0.73","28.84","-0.95","38.86"
"9505","北陸電力","東P","1100.5","-34.5(-3.04%)","-3.04","878,059","-2.27","1.83","40.69","0.70","29.18","0.37","54.75"
"9506","東北電力","東P","1270.5","-26.5(-2.04%)","-2.04","3,216,609","-2.68","-6.66","30.68","0.65","27.32","-1.88","34.81"
"9507","四国電力","東P","2141.0","-41.5(-1.90%)","-1.90","1,265,532","-0.04","1.56","56.51","0.56","30.74","0.33","50.18"
"9509","北海道電力","東P","1110.5","-21.5(-1.90%)","-1.90","1,610,326","-0.80","-1.09","25.20","0.64","29.53","-0.55","45.81"
"9511","沖縄電力","東P","1169","-24.0(-2.01%)","-2.01","212,916","-1.67","-1.83","33.91","0.57","34.32","-1.09","44.31"
"9513","電源開発","東P","4037.0","-23.0(-0.57%)","-0.57","1,426,680","-0.73","-2.02","26.75","0.55","20.11","-1.15","43.52"
"9514","エフオン","東S","343","-8.0(-2.28%)","-2.28","23,873","-0.75","-0.33","10.65","0.52","26.78","-0.15","50.96"
"9517","イーレックス","東P","836","+14.0(+1.70%)","1.70","99,455","1.11","-1.55","37.50","0.78","33.21","-0.65","42.86"
"9519","レノバ","東P","843","+14.0(+1.69%)","1.69","1,538,703","1.27","-4.66","29.69","2.94","45.35","-1.11","41.98"
"9531","東京瓦斯","東P","6118.0","-72.0(-1.16%)","-1.16","2,558,424","-0.54","-1.70","4.12","0.28","19.46","-0.97","48.66"
"9532","大阪瓦斯","東P","5711.0","-40.0(-0.70%)","-0.70","2,013,868","-0.97","-2.48","9.07","0.20","21.96","-0.83","44.02"
"9533","東邦瓦斯","東P","1226.0","-13.0(-1.05%)","-1.05","278,340","-1.32","-3.10","10.80","0.28","23.23","-1.12","40.22"
"9534","北海道瓦斯","東P","857","-8.0(-0.92%)","-0.92","81,431","-3.77","-5.12","20.53","0.51","22.63","-1.12","22.00"
"9535","広島ガス","東P","421","-3.0(-0.71%)","-0.71","22,973","-2.41","-3.34","16.62","0.70","19.14","-1.68","38.71"
"9536","西部ガスＨＬＤＧ","東P","2475","-20.0(-0.80%)","-0.80","146,569","-2.81","-3.12","14.90","0.40","22.23","-1.33","46.56"
"9537","北陸瓦斯","東S","4250","-55.0(-1.28%)","-1.28","3,873","-1.02","-1.06","14.56","4.50","24.48","-1.62","31.37"
"9539","京葉瓦斯","東S","1341","+8.0(+0.60%)","0.60","134","-0.47","-0.92","14.81","0.10","20.29","-0.91","44.00"
"9543","静岡ガス","東P","1294","-13.0(-0.99%)","-0.99","81,747","-2.72","-3.35","10.41","0.30","17.69","-1.38","39.91"
"9551","メタウォーター","東P","3060","-35.0(-1.13%)","-1.13","128,697","-1.19","-1.53","7.82","0.56","28.77","-1.06","46.67"
"9552","クオンツ総研ＨＬＤＧ","東P","1027","+6.0(+0.59%)","0.59","72,036","0.10","-5.29","84.71","0.46","52.75","-0.89","37.02"
"9553","マイクロアド","東G","642","+4.0(+0.63%)","0.63","29,719","1.20","4.79","31.83","0.71","46.76","1.25","66.91"
"9554","ＡＶｉＣ","東G","1745","-19.0(-1.08%)","-1.08","14,728","-0.82","0.36","47.88","0.60","43.61","0.13","51.96"
"9556","ＩＮＴＬＯＯＰ","東G","2392","-74.0(-3.00%)","-3.00","78,322","0.82","2.34","70.74","0.39","72.50","0.49","48.34"
"9557","エアークローゼット","東G","262","+5.0(+1.95%)","1.95","1,794","2.75","5.92","77.03","1.04","56.39","1.37","57.45"
"9558","ジャパニアス","東G","2003","+0.0(+0.00%)","0.00","7,815","0.80","0.93","7.69","0.63","18.22","1.50","56.56"
"9560","プログリット","東G","900","-5.0(-0.55%)","-0.55","6,555","0.16","0.20","35.34","0.53","35.44","0.10","57.37"
"9561","グラッドキューブ","東G","420","-10.0(-2.33%)","-2.33","2,571","-2.51","-1.35","9.09","1.52","28.84","-0.78","52.94"
"9562","ビジネスコーチ","東G","590","-7.0(-1.17%)","-1.17","3,459","-8.24","-8.85","22.66","0.77","49.81","-1.25","35.14"
"9563","Ａｔｌａｓ　Ｔｅｃｈｎｏｌｏｇ","東G","359","+2.0(+0.56%)","0.56","4,555","1.41","3.82","32.96","0.48","55.03","1.41","62.82"
"9564","ＦＣＥ","東S","553","+8.0(+1.47%)","1.47","15,904","0.47","-2.25","30.42","1.25","30.07","-0.83","44.90"
"9565","ＧＬＯＥ","東G","651","-4.0(-0.61%)","-0.61","261","-0.06","-1.16","3.17","1.00","23.58","-0.75","44.62"
"9601","松竹","東P","10780","+10.0(+0.09%)","0.09","225,895","-0.26","-0.68","9.33","0.54","25.10","-0.49","35.90"
"9602","東宝","東P","1567.5","+12.0(+0.77%)","0.77","2,447,057","0.27","-1.01","31.61","0.54","31.22","-0.69","41.77"
"9603","エイチ・アイ・エス","東P","1100","+1.0(+0.09%)","0.09","323,371","0.05","-4.65","21.28","0.58","32.36","-1.61","29.32"
"9605","東映","東P","5910","-10.0(-0.17%)","-0.17","96,105","-0.91","-1.67","17.03","0.19","25.04","-1.51","42.59"
"9610","ウィルソン・ラーニング　ワール","東S","104","-2.0(-1.89%)","-1.89","9,715","-2.80","-8.06","19.54","1.88","71.76","-1.04","17.86"
"9612","ラックランド","東P","1247","-8.0(-0.64%)","-0.64","18,425","-0.49","1.70","7.97","0.61","21.73","0.88","71.79"
"9616","共立メンテナンス","東P","3282.0","+59.0(+1.83%)","1.83","2,744,809","1.33","0.86","41.40","1.03","31.22","0.27","59.96"
"9619","イチネンＨＬＤＧ","東P","2742","+13.0(+0.48%)","0.48","60,289","-0.01","1.01","36.42","0.49","26.15","0.87","59.20"
"9621","建設技術研究所","東P","3345","+55.0(+1.67%)","1.67","183,760","1.70","3.52","30.51","1.02","22.06","2.19","64.00"
"9622","スペース","東P","1418","-6.0(-0.42%)","-0.42","35,148","-0.71","-0.93","3.20","0.75","14.61","-0.60","53.42"
"9625","セレスポ","東S","923","-1.0(-0.11%)","-0.11","4,326","-0.65","-1.98","11.88","23.50","53.34","-1.17","35.23"
"9627","アインＨＬＤＧ","東P","5360.0","-26.0(-0.48%)","-0.48","327,166","-0.52","-8.24","1.61","0.41","27.98","-1.53","24.82"
"9628","燦ＨＬＤＧ","東P","1320","-9.0(-0.68%)","-0.68","29,773","-1.57","-1.09","5.18","0.39","23.34","-0.50","56.29"
"9629","ピー・シー・エー","東P","1554","+5.0(+0.32%)","0.32","22,688","-0.74","-2.12","33.51","0.89","22.85","-0.75","57.41"
"9633","東京テアトル","東S","1825","-16.0(-0.87%)","-0.87","8,246","-2.75","-4.31","23.31","0.56","16.66","-2.52","23.68"
"9635","武蔵野興業","東S","2550","+0.0(+0.00%)","0.00","510","-0.26","-0.65","13.54","0.40","10.82","-0.96","49.49"
"9636","きんえい","東S","4220","-5.0(-0.12%)","-0.12","1,267","0.17","0.43","4.84","0.60","10.57","1.10","54.17"
"9639","三協フロンテア","東S","2326","-4.0(-0.17%)","-0.17","3,731","-1.55","-1.61","10.60","0.29","13.09","-1.69","40.83"
"9640","セゾンテクノロジー","東S","1948","+1.0(+0.05%)","0.05","3,456","0.00","-1.65","3.07","1.50","15.75","-1.41","42.01"
"9644","タナベコンサルティンググループ","東P","701","-4.0(-0.57%)","-0.57","64,077","-3.68","-6.90","1.59","0.69","19.77","-2.68","24.75"
"9647","協和コンサルタンツ","東S","6750","+0.0(+0.00%)","0.00","675","0.42","-0.41","15.58","0.12","31.74","-0.23","43.30"
"9651","日本プロセス","東S","1971","-15.0(-0.76%)","-0.76","64,676","-0.86","-1.06","21.67","0.69","36.74","-0.41","44.74"
"9656","グリーンランドリゾート","東S","599","-1.0(-0.17%)","-0.17","1,317","-0.17","-0.30","3.28","0.46","5.43","-0.66","50.00"
"9658","ビジネスブレイン太田昭和","東P","1137","+8.0(+0.71%)","0.71","27,259","-0.33","3.38","24.53","0.42","22.07","1.37","66.67"
"9661","歌舞伎座","東S","4110","-10.0(-0.24%)","-0.24","19,741","-0.53","-3.23","0.12","0.74","6.63","-1.31","26.67"
"9663","ナガワ","東P","4765","-55.0(-1.14%)","-1.14","144,394","-1.67","-5.12","2.03","1.12","19.00","-2.22","19.42"
"9664","御園座","名M","1501","+2.0(+0.13%)","0.13","905","0.11","0.10","0.74","0.55","4.52","0.42","55.56"
"9672","東京都競馬","東P","4750","+0.0(+0.00%)","0.00","276,498","-0.96","-3.67","3.71","0.74","16.01","-1.80","35.85"
"9678","カナモト","東P","5400","+70.0(+1.31%)","1.31","201,770","0.30","-1.11","46.34","0.38","23.20","-0.59","52.63"
"9679","ホウライ","東S","2145","-82.0(-3.68%)","-3.68","1,543","-4.80","-7.48","11.02","1.00","17.21","-3.27","26.59"
"9682","ＤＴＳ","東P","1125","-3.0(-0.27%)","-0.27","410,754","-1.71","0.51","17.43","0.31","28.46","0.21","59.66"
"9684","スクウェア・エニックスＨＬＤＧ","東P","2885.5","-15.0(-0.52%)","-0.52","1,485,873","-1.23","-1.76","24.11","0.40","38.27","-0.77","52.00"
"9685","ＫＹＣＯＭ　ＨＬＤＧ","東S","576","+1.0(+0.17%)","0.17","1,266","0.07","0.51","9.71","2.20","15.76","0.37","50.68"
"9686","東洋テック","東S","1655","-15.0(-0.90%)","-0.90","1,163","-1.77","-2.86","7.82","0.70","13.26","-1.97","40.74"
"9687","ＫＳＫ","東S","1499","-23.0(-1.51%)","-1.51","11,572","-2.09","-3.01","0.33","0.92","17.00","-2.15","32.82"
"9691","両毛システムズ","東S","5160","+0.0(+0.00%)","0.00","3,096","0.00","0.13","50.00","1.50","1.73","1.01","100.00"
"9692","シーイーシー","東P","2285","+60.0(+2.70%)","2.70","381,908","1.98","-1.80","22.59","1.16","31.63","-0.32","47.70"
"9697","カプコン","東P","4412.0","+72.0(+1.66%)","1.66","8,125,460","0.69","2.28","61.26","0.09","46.94","1.31","53.79"
"9698","クレオ","東S","1279","-20.0(-1.54%)","-1.54","515","-0.76","-1.31","10.74","0.57","17.96","-1.18","40.00"
"9699","ニシオＨＬＤＧ","東P","4385","-105.0(-2.34%)","-2.34","234,222","-3.26","-5.46","20.14","0.64","23.10","-2.85","38.16"
"9701","東京會舘","東S","4545","-55.0(-1.20%)","-1.20","3,217","0.38","3.48","13.77","0.28","14.12","1.36","62.25"
"9702","アイ・エス・ビー","東P","2502","+2.0(+0.08%)","0.08","24,914","0.55","3.05","45.04","0.31","23.88","1.44","73.41"
"9704","アゴーラ　ホスピタリティー","東S","26","-1.0(-3.70%)","-3.70","31,815","-2.99","-7.41","4.00","2.02","41.12","-1.79","42.86"
"9706","日本空港ビルデング","東P","5433.0","-15.0(-0.28%)","-0.28","2,158,422","-1.05","-3.57","24.21","0.26","24.52","-1.15","36.21"
"9708","帝国ホテル","東S","944","-2.0(-0.21%)","-0.21","37,553","-0.40","-2.27","1.07","0.50","13.72","-1.03","37.63"
"9709","ＮＣＳ＆Ａ","東S","1273","+35.0(+2.83%)","2.83","9,769","1.21","-0.64","11.76","4.00","28.63","-0.11","58.74"
"9713","ロイヤルホテル","東S","910","+0.0(+0.00%)","0.00","2,367","-0.50","-0.37","3.29","0.58","5.96","-0.55","46.15"
"9715","トランス・コスモス","東P","3470","-30.0(-0.86%)","-0.86","193,056","-1.59","-4.19","1.02","0.43","21.39","-1.64","41.38"
"9716","乃村工藝社","東P","1232","+6.0(+0.49%)","0.49","164,545","0.41","-1.63","16.89","0.35","24.46","-0.94","45.03"
"9722","藤田観光","東P","3045","+152.0(+5.25%)","5.25","723,540","7.38","7.72","75.50","0.83","43.28","2.03","65.08"
"9723","京都ホテル","東S","635","+0.0(+0.00%)","0.00","318","0.09","0.19","3.59","0.31","6.57","0.62","56.25"
"9726","ＫＮＴ―ＣＴ　ＨＬＤＧ","東S","2017","+4.0(+0.20%)","0.20","30,794","0.32","2.97","32.52","0.45","25.67","1.36","67.03"
"9729","トーカイ","東P","2513","+15.0(+0.60%)","0.60","28,503","-0.72","-0.69","12.94","0.46","20.47","-0.44","55.70"
"9731","白洋舎","東S","3370","-10.0(-0.30%)","-0.30","675","-0.15","-0.47","11.04","0.40","12.53","-1.15","41.03"
"9733","ナガセ","東S","2280","-15.0(-0.65%)","-0.65","3,870","-0.51","-1.65","5.12","0.11","13.69","-1.31","42.29"
"9735","セコム","東P","6312.0","+118.0(+1.91%)","1.91","4,805,043","0.52","-1.05","14.02","0.46","24.36","-0.79","50.51"
"9739","ＮＳＷ","東P","2632","+12.0(+0.46%)","0.46","21,733","-0.62","-2.32","15.09","0.39","19.39","-1.07","45.41"
"9740","セントラル警備保障","東P","2672","+19.0(+0.72%)","0.72","36,570","0.10","-1.39","7.61","0.86","24.56","-0.62","49.66"
"9742","アイネス","東P","2270","+57.0(+2.58%)","2.58","29,807","1.12","2.61","22.90","0.47","33.33","0.53","70.16"
"9743","丹青社","東P","1409","+5.0(+0.36%)","0.36","311,956","-0.48","-4.83","9.39","0.74","18.33","-1.76","25.89"
"9744","メイテックグループＨＬＤＧ","東P","3288.0","-12.0(-0.36%)","-0.36","1,112,958","-3.03","-2.80","11.36","0.31","16.69","-1.38","49.07"
"9746","ＴＫＣ","東P","4090","+70.0(+1.74%)","1.74","291,389","0.05","-0.46","23.56","1.04","23.56","-0.40","51.38"
"9753","アイエックス・ナレッジ","東S","1432","-23.0(-1.58%)","-1.58","3,035","-0.13","1.83","19.23","0.26","20.14","0.90","55.41"
"9755","応用地質","東P","2794","-15.0(-0.53%)","-0.53","143,268","-1.01","-1.50","3.37","1.28","13.89","-1.47","40.49"
"9757","船井総研ＨＬＤＧ","東P","1173","+2.0(+0.17%)","0.17","92,298","-0.49","-0.34","12.68","0.39","16.33","-0.38","50.56"
"9759","ＮＳＤ","東P","2966.0","+19.5(+0.66%)","0.66","292,967","0.42","2.49","24.73","0.29","26.49","1.21","67.44"
"9760","進学会ＨＬＤＧ","東S","115","-2.0(-1.71%)","-1.71","4,446","-1.03","-2.87","6.48","4.36","16.02","-1.98","30.77"
"9761","東海リース","東S","2407","+27.0(+1.13%)","1.13","2,153","-0.72","-1.48","14.13","0.23","16.33","-1.36","40.91"
"9763","丸建リース","東S","1263","-3.0(-0.24%)","-0.24","5,288","-0.55","-2.36","10.50","0.43","18.10","-1.46","44.03"
"9765","オオバ","東P","1201","-8.0(-0.66%)","-0.66","21,217","-0.17","1.58","18.21","0.93","11.91","1.40","69.12"
"9766","コナミグループ","東P","22120.0","+720.0(+3.36%)","3.36","11,078,980","3.19","3.30","31.28","0.82","41.66","1.32","60.64"
"9767","日建工学","東S","1751","-20.0(-1.13%)","-1.13","879","-0.05","6.10","31.56","1.00","22.87","1.46","63.35"
"9768","いであ","東S","3810","-5.0(-0.13%)","-0.13","6,117","0.42","0.32","27.42","0.26","17.71","0.27","53.70"
"9769","学究社","東P","2538","+4.0(+0.16%)","0.16","20,219","-1.18","-2.07","12.20","0.51","17.54","-1.48","45.36"
"9778","昴","東S","5560","+30.0(+0.54%)","0.54","1,112","0.40","-0.39","3.35","0.67","20.52","-0.19","57.14"
"9780","ハリマビステム","東S","1150","+28.0(+2.50%)","2.50","2,395","0.67","1.59","33.26","0.58","24.27","1.21","55.66"
"9782","ディーエムエス","東S","3235","-40.0(-1.22%)","-1.22","129,359","-3.14","-6.43","8.89","0.81","18.18","-2.69","28.28"
"9788","ナック","東P","510","+0.0(+0.00%)","0.00","16,180","-0.70","-1.51","6.69","0.65","10.52","-1.63","41.94"
"9790","福井コンピュータＨＬＤＧ","東P","2982","+11.0(+0.37%)","0.37","40,052","-0.79","-1.57","1.95","0.23","20.00","-0.85","51.96"
"9791","ビケンテクノ","東S","1178","+2.0(+0.17%)","0.17","13,194","-0.39","-0.97","9.89","2.87","19.89","-0.79","45.97"
"9793","ダイセキ","東P","3550","+15.0(+0.42%)","0.42","277,088","-0.84","-4.34","8.90","0.43","18.91","-1.68","42.00"
"9795","ステップ","東P","2196","-10.0(-0.45%)","-0.45","43,326","-1.57","-3.87","1.86","0.56","13.67","-2.47","31.20"
"9799","旭情報サービス","東S","945","+0.0(+0.00%)","0.00","3,584","-0.67","-1.18","14.55","1.06","18.83","-0.70","47.15"
"9812","テーオーＨＬＤＧ","東S","228","-4.0(-1.72%)","-1.72","642","-1.55","-5.09","5.56","0.68","21.71","-2.16","23.08"
"9816","ストライダーズ","東S","258","-2.0(-0.77%)","-0.77","3,589","0.39","1.42","13.16","1.14","20.57","0.87","62.22"
"9818","大丸エナウィン","東S","1553","+0.0(+0.00%)","0.00","1,081","-0.59","-0.35","6.44","0.88","18.98","-0.32","50.62"
"9820","エムティジェネックス","東S","3935","-10.0(-0.25%)","-0.25","8,658","1.00","3.23","15.57","11.00","21.94","1.62","68.67"
"9823","マミーマートＨＬＤＧ","東S","988","-9.0(-0.90%)","-0.90","97,636","-1.32","-2.58","1.44","1.32","16.21","-2.04","33.70"
"9824","泉州電業","東P","8140","+150.0(+1.88%)","1.88","354,580","1.40","6.26","50.46","0.76","34.38","1.36","56.57"
"9827","リリカラ","東S","652","-1.0(-0.15%)","-0.15","5,611","1.12","2.29","12.41","0.26","12.63","1.86","77.78"
"9828","Ｇｅｎｋｉ　Ｇｌｏｂａｌ　Ｄｉ","東S","3250","+0.0(+0.00%)","0.00","108,035","-1.28","-4.31","26.41","0.42","30.32","-1.60","38.04"
"9830","トラスコ中山","東P","2401","+22.0(+0.92%)","0.92","114,867","-0.39","0.00","14.77","0.31","19.32","0.00","60.60"
"9831","ヤマダＨＬＤＧ","東P","715.1","+1.7(+0.24%)","0.24","1,566,037","-0.09","0.52","38.75","0.51","25.97","0.45","65.50"
"9832","オートバックスセブン","東P","1559","+7.0(+0.45%)","0.45","206,897","-1.18","-1.27","8.94","0.56","15.91","-0.87","49.11"
"9835","ジュンテンドー","東S","510","-1.0(-0.20%)","-0.20","715","-0.35","0.02","4.08","0.78","7.48","0.04","50.00"
"9837","モリト","東P","1826","+7.0(+0.38%)","0.38","42,479","0.29","1.20","7.86","0.61","17.91","0.99","68.79"
"9842","アークランズ","東P","1870","+4.0(+0.21%)","0.21","170,547","-0.49","-0.42","6.80","0.44","20.31","-0.38","47.18"
"9843","ニトリＨＬＤＧ","東P","2947.0","+7.0(+0.24%)","0.24","5,603,078","-0.81","-5.33","32.96","0.49","44.44","-1.32","17.18"
"9845","パーカーコーポレーション","東S","1362","-35.0(-2.51%)","-2.51","39,323","-0.10","-1.35","9.66","1.31","38.02","-0.66","49.60"
"9846","天満屋ストア","東S","980","+2.0(+0.20%)","0.20","3,921","-0.08","-0.43","3.05","0.93","6.13","-0.87","42.11"
"9849","共同紙販ＨＬＤＧ","東S","4465","+5.0(+0.11%)","0.11","1,785","-0.65","-1.02","1.02","0.40","6.20","-2.08","32.26"
"9850","グルメ杵屋","東P","955","-6.0(-0.62%)","-0.62","40,898","-1.49","-3.19","2.80","1.19","8.88","-3.04","21.82"
"9853","銀座ルノアール","東S","910","+3.0(+0.33%)","0.33","273","0.26","0.15","1.45","0.18","3.84","0.90","57.89"
"9854","愛眼","東S","269","+1.0(+0.37%)","0.37","5,117","0.00","-3.98","28.71","0.67","37.81","-1.53","30.00"
"9856","ケーユーＨＬＤＧ","東S","1206","+5.0(+0.42%)","0.42","18,529","-0.87","-2.11","7.77","0.40","16.35","-1.34","47.57"
"9861","吉野家ＨＬＤＧ","東P","3702.0","+61.0(+1.68%)","1.68","634,302","1.69","-1.65","24.04","0.43","25.83","-0.70","38.40"
"9869","加藤産業","東P","6570","-30.0(-0.45%)","-0.45","125,877","-1.82","-2.20","15.26","0.45","19.56","-1.72","40.91"
"9872","北恵","東S","962","-3.0(-0.31%)","-0.31","3,374","0.06","0.58","11.86","0.47","9.60","0.85","51.85"
"9876","コックス","東S","221","-1.0(-0.45%)","-0.45","1,106","-0.36","0.33","5.24","0.42","20.59","0.26","47.83"
"9878","セキド","東S","381","-6.0(-1.55%)","-1.55","1,533","-1.35","-6.01","0.26","0.34","16.02","-1.98","23.73"
"9880","イノテック","東P","3855","+220.0(+6.05%)","6.05","586,258","6.37","10.87","86.23","0.94","49.18","2.98","85.80"
"9882","イエローハット","東P","1673","+13.0(+0.78%)","0.78","152,771","-1.02","-4.25","12.51","0.43","18.96","-1.93","36.15"
"9885","シャルレ","東S","332","+1.0(+0.30%)","0.30","15,738","0.12","-0.34","1.53","5.71","7.14","-0.71","54.55"
"9887","松屋フーズＨＬＤＧ","東P","5160","+60.0(+1.18%)","1.18","66,539","0.82","-1.51","17.67","0.28","28.33","-0.92","30.36"
"9888","ＵＥＸ","東S","1237","+2.0(+0.16%)","0.16","33,822","-0.74","-1.38","78.50","0.82","37.23","-0.54","50.76"
"9889","ＪＢＣＣ　ＨＬＤＧ","東P","1757","+29.0(+1.68%)","1.68","198,993","2.13","4.01","53.45","0.44","33.59","1.20","80.00"
"9890","マキヤ","東S","1415","-17.0(-1.19%)","-1.19","9,526","-2.47","-1.02","18.91","1.76","18.02","-0.37","49.30"
"9895","コンセック","東S","1257","-11.0(-0.87%)","-0.87","883","-1.15","-1.40","2.61","1.00","8.47","-1.84","37.97"
"9896","ＪＫ　ＨＬＤＧ","東S","1386","-19.0(-1.35%)","-1.35","19,013","-1.77","-2.06","10.97","0.46","23.90","-1.15","40.19"
"9900","サガミＨＬＤＧ","東P","1085","+49.0(+4.73%)","4.73","166,674","0.46","-2.28","5.54","0.43","36.85","-0.85","45.83"
"9902","日伝","東P","3215","-10.0(-0.31%)","-0.31","108,547","-0.74","2.51","38.76","0.65","32.31","0.84","73.75"
"9903","カンセキ","東S","900","-14.0(-1.53%)","-1.53","909","-0.18","0.62","7.14","0.48","23.95","0.76","52.21"
"9904","ベリテ","東S","230","-6.0(-2.54%)","-2.54","8,980","-3.52","-5.55","9.52","1.74","21.88","-3.41","16.67"
"9906","藤井産業ＨＬＤＧ","東S","4055","-165.0(-3.91%)","-3.91","19,175","-3.59","-5.46","13.74","1.18","26.16","-2.19","31.89"
"9908","日本電計","東S","2942","-2.0(-0.07%)","-0.07","21,303","-0.25","2.37","30.41","2.15","23.54","1.01","67.43"
"9913","日邦産業","東S","3700","-35.0(-0.94%)","-0.94","4,076","-0.03","2.65","34.30","0.17","46.02","0.79","54.69"
"9914","植松商会","名M","720","-5.0(-0.69%)","-0.69","505","-0.91","-3.15","9.09","0.30","24.24","-1.45","33.33"
"9928","ミロク情報サービス","東P","2138","+24.0(+1.14%)","1.14","51,762","1.35","4.58","29.18","0.61","20.51","1.98","75.81"
"9930","北沢産業","東S","393","+3.0(+0.77%)","0.77","2,295","0.20","-1.44","17.66","1.59","25.70","-1.30","29.17"
"9932","杉本商事","東P","1337","-17.0(-1.26%)","-1.26","24,724","0.38","1.36","20.13","0.20","23.44","0.83","66.47"
"9934","因幡電機産業","東P","3147.0","+46.0(+1.48%)","1.48","454,172","1.19","2.45","26.90","0.51","19.30","1.59","67.67"
"9936","王将フードサービス","東P","2886","+38.0(+1.33%)","1.33","425,991","-0.32","-1.90","11.04","0.50","17.59","-1.75","37.31"
"9941","太洋物産","東S","1047","-43.0(-3.94%)","-3.94","89,518","-1.71","-11.33","73.63","4.44","63.96","-2.01","19.61"
"9942","ジョイフル","福","1308","+11.0(+0.85%)","0.85","7,928","0.71","0.75","10.66","0.98","9.38","0.64","60.87"
"9946","ミニストップ","東P","1791","+0.0(+0.00%)","0.00","30,483","-0.01","-0.56","3.17","0.38","13.95","-0.34","40.97"
"9948","アークス","東P","3610","-10.0(-0.28%)","-0.28","96,768","-1.39","-2.96","15.71","0.19","21.09","-2.14","40.35"
"9950","ハチバン","東S","3330","-5.0(-0.15%)","-0.15","8,999","-0.15","-2.17","0.45","1.08","5.56","-1.68","12.90"
"9955","ヨンキュウ","東S","2737","+45.0(+1.67%)","1.67","2,723","-0.77","-2.44","9.48","0.33","11.94","-1.96","35.12"
"9956","バローＨＬＤＧ","東P","1632","+4.0(+0.25%)","0.25","233,340","-1.57","-1.25","1.49","0.33","28.93","-0.63","53.06"
"9959","アシードＨＬＤＧ","東S","922","+4.0(+0.44%)","0.44","3,683","-0.54","-4.02","22.77","0.70","29.40","-1.13","27.14"
"9960","東テク","東P","4200","+30.0(+0.72%)","0.72","179,575","-1.25","2.98","20.52","0.39","35.12","0.64","57.33"
"9962","ミスミグループ本社","東P","3955.0","+96.0(+2.49%)","2.49","1,887,925","1.69","7.27","64.41","0.40","45.15","1.96","75.45"
"9969","ショクブン","東S","235","-3.0(-1.26%)","-1.26","1,106","-0.76","-0.37","6.33","0.58","9.67","-0.56","36.36"
"9972","アルテック","東S","282","-1.0(-0.35%)","-0.35","1,212","-0.07","1.09","10.59","0.84","23.35","0.78","55.17"
"9973","ＫＯＺＯＨＬＤＧ","東S","19","+0.0(+0.00%)","0.00","2,321","0.00","-4.04","0.00","0.32","32.13","-1.63","0.00"
"9974","ベルク","東P","6650","+10.0(+0.15%)","0.15","99,808","-0.86","-2.63","11.39","0.50","21.89","-1.61","43.24"
"9976","セキチュー","東S","1072","-20.0(-1.83%)","-1.83","2,481","-5.67","-1.98","6.99","0.14","22.03","-0.51","52.06"
"9978","文教堂グループＨＬＤＧ","東S","44","-1.0(-2.22%)","-2.22","892","-1.35","-0.90","2.33","0.25","23.79","-0.82","42.86"
"9979","大庄","東S","1003","-10.0(-0.99%)","-0.99","42,786","-1.03","-4.29","0.50","0.47","18.72","-1.51","31.69"
"9980","ＭＲＫ　ＨＬＤＧ","東S","90","+0.0(+0.00%)","0.00","10,507","-1.53","-4.30","2.27","0.33","15.82","-2.36","14.29"
"9982","タキヒヨー","東S","2736","-71.0(-2.53%)","-2.53","4,424","0.66","3.40","34.78","0.31","30.02","1.17","56.58"
"9983","ファーストリテイリング","東P","73390.0","+2,530.0(+3.57%)","3.57","75,804,979","5.01","6.06","30.15","0.65","27.51","1.98","71.14"
"9986","蔵王産業","東S","2483","-1.0(-0.04%)","-0.04","5,714","-0.57","-0.36","2.94","1.77","7.34","-0.87","46.84"
"9987","スズケン","東P","2631.0","+36.0(+1.39%)","1.39","491,048","0.25","1.11","3.66","0.45","23.07","0.67","53.93"
"9989","サンドラッグ","東P","3587.0","+10.0(+0.28%)","0.28","849,141","-0.42","-2.68","2.05","0.38","17.80","-1.83","34.14"
"9990","サックスバー　ＨＬＤＧ","東P","753","+2.0(+0.27%)","0.27","21,181","-0.53","-0.41","6.81","0.50","12.37","-0.50","50.94"
"9991","ジェコス","東P","1774","-1.0(-0.06%)","-0.06","35,881","-0.97","-0.64","22.94","0.62","16.41","-0.55","49.48"
"9993","ヤマザワ","東S","1150","-2.0(-0.17%)","-0.17","3,107","-0.29","-0.89","0.35","1.00","6.83","-0.80","48.57"
"9994","やまや","東S","2010","+5.0(+0.25%)","0.25","136,721","-0.15","-1.59","0.75","5.74","10.92","-1.50","38.82"
"9996","サトー商会","東S","1993","+1.0(+0.05%)","0.05","401","-0.37","-2.19","4.78","1.00","25.13","-1.72","37.41"
"9997","ベルーナ","東P","1062","-6.0(-0.56%)","-0.56","140,107","-1.34","-0.17","29.04","0.61","25.67","-0.09","61.65"